Date,Open,High,Low,Close,Volume,Dividends,Stock Splits,SMA_10,SMA_50,EMA_10,EMA_50,RSI_14,MACD,Signal_Line,BB_Mid,BB_Upper,BB_Lower
2019-10-11 04:00:00,4.636362614436478,4.709236966443867,4.6174599517575485,4.625916481018066,446404000,0.0,0.0,,,4.625916481018066,4.625916481018066,,0.0,0.0,,,
2019-10-14 04:00:00,4.617210950919804,4.660239343503863,4.586121132212511,4.639347076416016,200040000,0.0,0.0,,,4.628358407454057,4.626443171033673,,0.0010713865274709633,0.00021427730549419268,,,
2019-10-15 04:00:00,4.729633232543965,4.956713348062926,4.71570457683445,4.884087085723877,664124000,0.0,0.0,,,4.674854530775842,4.636546853962701,,0.021422001939336965,0.004455822232262748,,,
2019-10-16 04:00:00,4.850011200922551,4.9549706377993,4.818921385532022,4.830362319946289,428944000,0.0,0.0,,,4.703128674261378,4.644147460471861,,0.03283635461379042,0.010131928708568282,,,
2019-10-17 04:00:00,4.874884352229005,4.919902355311818,4.7778837816638395,4.832353591918945,263436000,0.0,0.0,,,4.726624113835481,4.651528093077629,,0.0415638679535455,0.016418316557563727,,,
2019-10-18 04:00:00,4.832850665565099,4.865432928568595,4.663473373366728,4.737840175628662,307440000,0.0,0.0,,,4.728663397797877,4.65491288062865,,0.04038846920850414,0.021212347087751812,,,
2019-10-21 04:00:00,4.79927285293051,4.888563097644511,4.7803701906689335,4.875132083892822,261868000,0.0,0.0,,,4.755294067996958,4.663548927815481,,0.04995936635857934,0.026961750941917318,,,
2019-10-22 04:00:00,4.932090347427092,5.037298409991811,4.857474949190354,4.865185260772705,328720000,0.0,0.0,,,4.775274284865276,4.671456234990274,,0.05609511622602348,0.032788423998738554,,,
2019-10-23 04:00:00,4.783107786850228,4.866428293039091,4.751271740425643,4.8522515296936035,279916000,0.0,0.0,,,4.789270147561335,4.678546246547268,,0.05923131644946533,0.03807700248888391,,,
2019-10-24 04:00:00,4.893536837642138,4.9298497198776445,4.859462615705919,4.896273136138916,232020000,0.0,0.0,4.803874874114991,,4.808725236393622,4.687084555943019,,0.06452514772045603,0.04336663153519834,,,
2019-10-25 04:00:00,4.976860102496902,5.10818351561704,4.9691497904089275,5.087291240692139,423092000,0.0,0.0,4.850012350082397,,4.859373600811534,4.702778935737102,,0.08317531847866277,0.051328368923891234,,,
2019-10-28 04:00:00,5.131063312412015,5.1957301902552,5.1017145168675295,5.143250942230225,330792000,0.0,0.0,4.9004027366638185,,4.910987662887659,4.7200523477564404,,0.1013034305232745,0.06132338124376789,,,
2019-10-29 04:00:00,5.129322759642981,5.135789685215636,5.027597242380562,5.0469970703125,211236000,0.0,0.0,4.9166937351226805,,4.935716646055812,4.732873709425306,,0.10667354071267354,0.07039341313754903,,,
2019-10-30 04:00:00,5.073858864295298,5.079579569924972,4.980837980085249,5.048986911773682,205960000,0.0,0.0,4.93855619430542,,4.956311239822697,4.74527030559583,72.08517014862957,0.10982397290682488,0.0782795250914042,,,
2019-10-31 04:00:00,5.028095556827667,5.048987829963723,4.91990308923515,4.999741554260254,209732000,0.0,0.0,4.955294990539551,,4.964207660629525,4.755249570249337,68.56020000378794,0.10711230040365738,0.08404608015385484,,,
2019-11-01 04:00:00,4.964422944575674,5.071123434704472,4.939302408145876,5.038790225982666,283640000,0.0,0.0,4.985389995574951,,4.977768127057368,4.7663688116506435,69.34013949397072,0.10688211142428994,0.08861328640794186,,,
2019-11-04 05:00:00,5.119871437285352,5.247961820959408,5.0967409826442855,5.235525608062744,376716000,0.0,0.0,5.021429347991943,,5.0246331236038,4.7847671173922945,67.84541687893339,0.12117772476679356,0.0951261740797122,,,
2019-11-05 05:00:00,5.23527646486896,5.261391797562708,5.165386521379289,5.2133893966674805,300868000,0.0,0.0,5.056249761581421,,5.058952445979014,4.8015758342266155,70.09404802763305,0.12923119727691912,0.1019471787191536,,,
2019-11-06 05:00:00,5.189264095031039,5.2148817916128465,5.076594333521637,5.1641435623168945,269012000,0.0,0.0,5.08743896484375,,5.078078103494993,4.8157941765046655,66.58385235281949,0.13013973513834465,0.10758569000299181,,,
2019-11-07 05:00:00,5.250696935472552,5.265371332631213,5.137032384371292,5.181801795959473,280340000,0.0,0.0,5.115991830825806,,5.096936956670352,4.830147416483285,74.03728734969837,0.13077711266920122,0.1122239745362337,4.959933352470398,5.326585385709873,4.593281319230924
2019-11-08 05:00:00,5.164889929772589,5.1994617952811035,5.12733318340097,5.167874336242676,189100000,0.0,0.0,5.124050140380859,,5.109834662047138,4.8433916094150264,68.29362773581252,0.12867512263569303,0.11551420415612557,4.987031245231629,5.329021212920415,4.645041277542843
2019-11-11 05:00:00,5.167128352490373,5.200953999331076,5.080822975739951,5.177823543548584,243436000,0.0,0.0,5.1275074005126955,,5.122196276865583,4.856506587224185,69.53688363389313,0.12635555014226796,0.11768247335335405,5.013955068588257,5.323985960111302,4.703924177065212
2019-11-12 05:00:00,5.216125220893545,5.269351162720486,5.181055720995538,5.2133893966674805,283504000,0.0,0.0,5.1441466331481935,,5.138776844102291,4.870501991516079,71.94685654640577,0.12593543404844532,0.11933306549237231,5.030420184135437,5.34633234304965,4.714508025221224
2019-11-13 05:00:00,5.182050765082911,5.209658539332354,5.121114985951338,5.187522888183594,300188000,0.0,0.0,5.158000230789185,,5.147639761207983,4.882934183542256,68.09903465098624,0.12210769644290664,0.11988799168247918,5.048278212547302,5.356868305075741,4.739688120018863
2019-11-14 05:00:00,5.196477465407648,5.2201060353048625,5.136536478172209,5.217867374420166,518080000,0.0,0.0,5.179812812805176,,5.160408418155652,4.8960688184786445,60.139053859118555,0.12013785879997041,0.11993796510597743,5.067553901672364,5.367391844897559,4.767715958447169
2019-11-15 05:00:00,5.2156272982326515,5.267360796972034,4.990288280436552,5.078583717346191,1053628000,0.0,0.0,5.183792161941528,,5.145531199826658,4.903226265493058,45.553992872855545,0.10611449929832162,0.11717327194444628,5.08459107875824,5.341144539102437,4.828037618414042
2019-11-18 05:00:00,5.0711225153879465,5.306410051838152,5.068138109102546,5.279797554016113,574588000,0.0,0.0,5.188219356536865,,5.169943264224741,4.917993767003766,63.98687425226555,0.10996950091259894,0.11573251773807681,5.104824352264404,5.355586668280915,4.8540620362478935
2019-11-19 05:00:00,5.248707786319236,5.2723358780861025,5.114897178163659,5.173097133636475,414564000,0.0,0.0,5.184190130233764,,5.1705166950268735,4.927997820597206,56.62330153812015,0.10322487319079254,0.11323098882861997,5.120219945907593,5.345553407958427,4.894886483856759
2019-11-20 05:00:00,5.150215859442783,5.336257157628974,5.13753106375064,5.252439022064209,472588000,0.0,0.0,5.193019676208496,,5.185411663579116,4.940721004968461,63.065814654264855,0.10309353632388873,0.11120349832767373,5.140229320526123,5.33427183560606,4.946186805446185
2019-11-21 05:00:00,5.247961823580081,5.303674539327308,5.205928230436491,5.227566719055176,288388000,0.0,0.0,5.197596168518066,,5.1930762191202176,4.9519698565012735,59.905977871670906,0.09983166661463816,0.10892913198506662,5.156793999671936,5.316711605598491,4.996876393745381
2019-11-22 05:00:00,5.25019943976297,5.296709874744304,5.221596864781539,5.245225429534912,224100000,0.0,0.0,5.20533127784729,,5.202557893741071,4.963470075051612,50.62679407556038,0.09754705993922475,0.10665271757589825,5.164690709114074,5.325751088205187,5.003630330022962
2019-11-25 05:00:00,5.3733150531107325,5.5068770646305705,5.360381678386213,5.5019025802612305,506476000,0.0,0.0,5.237739181518554,,5.256984200381099,4.984585075255911,64.3068330677159,0.11512114867096646,0.1083464037949119,5.182623291015625,5.402689190094222,4.962557391937029
2019-11-26 05:00:00,5.4842445562446,5.488970459793247,5.390726505817795,5.397193431854248,385244000,0.0,0.0,5.256119585037231,,5.282476787921672,5.000765795122512,60.95397118184039,0.11922523314717637,0.1105221696653648,5.200133109092713,5.430259732689137,4.970006485496288
2019-11-27 05:00:00,5.442741865787098,5.477089999227668,5.405655414511457,5.4320387840271,215784000,0.004,0.0,5.280571174621582,,5.309669878122659,5.017678461354064,61.574800092989236,0.12386167804520731,0.1131900713413333,5.219285702705383,5.459964733772599,4.9786066716381665
2019-11-29 05:00:00,5.4011765173015664,5.429550965694259,5.3708100466652695,5.394704818725586,141556000,0.0,0.0,5.298254919052124,,5.3251307764141,5.0324638087019675,60.26974770467907,0.12310448319146161,0.11517295371135897,5.23903386592865,5.468414182210476,5.009653549646823
2019-12-02 05:00:00,5.387735346959054,5.401176274324115,5.193093988765237,5.208276748657227,372036000,0.0,0.0,5.3112242221832275,,5.303884589549214,5.039358433798252,51.18879692225103,0.10623658438958117,0.11338567984700341,5.247508192062378,5.457438012901821,5.037578371222936
2019-12-03 05:00:00,5.024587202417025,5.172683794018153,4.987251979086158,5.168701648712158,465232000,0.0,0.0,5.300114631652832,,5.279305873033385,5.044430716736053,48.260974931778385,0.08865333280400556,0.10843921043840385,5.244166994094849,5.457006757320525,5.031327230869173
2019-12-04 05:00:00,5.252332023447865,5.274733250801571,5.183884039752914,5.212507724761963,273424000,0.0,0.0,5.304055690765381,,5.267160755165854,5.051021971952755,50.95889719045337,0.07736148839416224,0.10222366602955553,5.244122910499573,5.456989878005147,5.031255942993998
2019-12-05 05:00:00,5.2344121110522055,5.2500928773173,5.164968107208451,5.195583343505859,184884000,0.0,0.0,5.298370122909546,,5.254146680318582,5.056691045346994,49.13585588784044,0.06628289625326644,0.09503551207429772,5.245694899559021,5.456529638156512,5.03486016096153
2019-12-06 05:00:00,5.264776070134713,5.313809897474566,5.254819760632158,5.280954360961914,232236000,0.0,0.0,5.303708887100219,,5.259020804071915,5.06548568517503,58.19011000632202,0.06365795056953427,0.08875999977334503,5.250652527809143,5.459817762225937,5.041487293392349
2019-12-09 05:00:00,5.258055608694784,5.335713113740033,5.249344075251532,5.280954360961914,211880000,0.0,0.0,5.30728178024292,,5.26300872350646,5.073935437166673,50.05592526577181,0.06087592246325446,0.08318318431132693,5.256306529045105,5.4621371032738715,5.0504759548163385
2019-12-10 05:00:00,5.311071947219784,5.37777808611548,5.258304737539919,5.3260064125061035,256388000,0.0,0.0,5.289692163467407,,5.274462848779122,5.083820573454494,57.860889943520554,0.06159642395657983,0.0788658322403775,5.263715672492981,5.468315490738663,5.059115854247299
2019-12-11 05:00:00,5.336460090584438,5.4151131346698635,5.3339710131126425,5.409636974334717,233796000,0.0,0.0,5.290936517715454,,5.2990399625165026,5.096597687214503,58.0458872421869,0.0681303497287713,0.07671873573805627,5.273528051376343,5.486613057112254,5.060443045640432
2019-12-12 05:00:00,5.380766199566231,5.595319711924043,5.371805897682244,5.577149868011475,404348000,0.0,0.0,5.305447626113891,,5.349605399879224,5.115442870775169,65.61301943553426,0.08583596001762217,0.07854218059396945,5.293009400367737,5.5413189074458415,5.044699893289632
2019-12-13 05:00:00,5.580136275086,5.6993604024804005,5.521146124817035,5.57515811920166,454704000,0.0,0.0,5.323492956161499,,5.3906149852105765,5.133470919733071,64.94453244703897,0.09857080338710578,0.08254790515259672,5.310873937606812,5.5863457416320275,5.035402133581596
2019-12-16 05:00:00,5.62269749960882,5.6764602451169,5.594571350715029,5.604029655456543,320976000,0.0,0.0,5.363068246841431,,5.429417652528024,5.151924203486933,55.82882560224339,0.10972807326800726,0.08798393877567882,5.337146234512329,5.619478346579974,5.054814122444685
2019-12-17 05:00:00,5.622698917231475,5.704836597673055,5.6132406101052865,5.682186603546143,321196000,0.0,0.0,5.414416742324829,,5.475375643622227,5.172718807410824,66.7741772521372,0.1234538039537183,0.09507791181128672,5.35726568698883,5.677231931884819,5.037299442092841
2019-12-18 05:00:00,5.717032221002479,5.773035287670211,5.70856945097392,5.712552070617676,343548000,0.0,0.0,5.464421176910401,,5.518498630348672,5.193888739301289,66.59803005978665,0.1352230170612927,0.10310693286128791,5.384238433837891,5.728838023535078,5.039638844140703
2019-12-19 05:00:00,5.747149432040225,5.874089557912425,5.742171276184122,5.8606486320495605,445360000,0.0,0.0,5.53092770576477,,5.580707721567015,5.220036186075731,74.3749940755959,0.15471687819072422,0.11342892192717519,5.414648914337159,5.813372354257679,5.015925474416638
2019-12-20 05:00:00,5.927105193881698,5.983357022480463,5.907939817175573,5.9579691886901855,603044000,0.0,0.0,5.598629188537598,5.203960189819336,5.649300715589409,5.248974735197867,93.25107603701468,0.17599015421285635,0.12594116838431144,5.451169037818909,5.907396035029689,4.994942040608129
2019-12-23 05:00:00,5.986594485449757,6.018702790436359,5.9335784911456635,5.944281101226807,355060000,0.0,0.0,5.664961862564087,5.230327482223511,5.702933512978027,5.276241651512727,96.12218277508705,0.18955973780334112,0.13866488226811738,5.486121821403503,5.981360709501797,4.990882933305209
2019-12-24 05:00:00,5.928847648683333,5.956475795589439,5.894499039071839,5.939301490783691,138864000,0.0,0.0,5.726291370391846,5.256326570510864,5.745909508942693,5.3022439981508045,95.31351172974757,0.19763371912460226,0.15045864963941435,5.507991766929626,6.0431846554033575,4.972798878455895
2019-12-26 05:00:00,5.942786221174375,5.981614981768694,5.923869608981522,5.953489303588867,182852000,0.0,0.0,5.780676603317261,5.277714614868164,5.783651289787451,5.327783029736611,97.41506453090993,0.20283904318555201,0.1609347283486419,5.535806560516358,6.103584836674187,4.968028284358528
2019-12-27 05:00:00,5.968672942095196,5.982113869752006,5.869360950803314,5.895744800567627,254644000,0.0,0.0,5.812536096572876,5.299022264480591,5.804031928111119,5.350056040357435,89.83876120949796,0.1999993333833423,0.16874764935558198,5.558991861343384,6.146458220226033,4.971525502460735
2019-12-30 05:00:00,5.873840320645615,5.879067241451677,5.75113158963506,5.7824931144714355,258056000,0.0,0.0,5.8332695960998535,5.318025054931641,5.800115780176631,5.3670143569893565,78.34032543589495,0.18646097230119274,0.17229031394470415,5.578381276130676,6.168608355188311,4.988154197073041
2019-12-31 05:00:00,5.747149508368001,5.866124871296389,5.727984130284848,5.856666564941406,231004000,0.0,0.0,5.85853328704834,5.340401582717895,5.810397741042953,5.386216404360026,79.03045644759818,0.1796460532879829,0.1737614618133599,5.610800766944886,6.186482129116408,5.035119404773363
2020-01-02 05:00:00,5.942536874632946,5.971409320831299,5.892009975100074,5.971409320831299,237536000,0.0,0.0,5.887455558776855,5.362327127456665,5.839672573731743,5.409165146182429,79.72077473884754,0.18141274908038252,0.17529171926676443,5.650936150550843,6.208480166187906,5.093392134913779
2020-01-03 05:00:00,5.851688546269411,5.919638999446525,5.8267982408176024,5.8758320808410645,205384000,0.0,0.0,5.903783559799194,5.382540063858032,5.846247029569802,5.427465810286689,67.10375703666163,0.17310513548169926,0.1748544025097514,5.6841023683547975,6.209844260075607,5.158360476633988
2020-01-06 05:00:00,5.782494230981256,5.905700516480827,5.756359621904757,5.900473594665527,262636000,0.0,0.0,5.907766056060791,5.40350450515747,5.856106405041752,5.4460151351642905,68.15786447953396,0.16658931811850852,0.17320138563150284,5.719346880912781,6.199751032259974,5.238942729565587
2020-01-07 05:00:00,5.928847945646861,6.017706082693678,5.88379672631697,5.971908092498779,314856000,0.0,0.0,5.90915994644165,5.425017204284668,5.877161257306666,5.466638388393094,69.60218711967417,0.16528435769679817,0.1716179800445619,5.753894567489624,6.199687065146233,5.308102069833015
2020-01-08 05:00:00,5.967676046816965,6.0244258788447835,5.927602987861085,5.983108043670654,277108000,0.0,0.0,5.913042640686035,5.442933540344239,5.896424309372845,5.486892100364764,67.26647718753728,0.1632718137824245,0.16994874679213445,5.789002251625061,6.185881500422425,5.392123002827698
2020-01-09 05:00:00,6.069477985719002,6.121249669973034,5.995056308289606,6.048819065093994,255112000,0.0,0.0,5.923994398117065,5.461044902801514,5.9241324467766905,5.508928451922773,68.5424468247904,0.16507629175470662,0.1689742557846489,5.825142884254456,6.173130823876365,5.477154944632547
2020-01-10 05:00:00,6.156095483057426,6.186461474165216,6.066988582177594,6.081175804138184,316296000,0.0,0.0,5.936763048171997,5.481728477478027,5.9526857844787795,5.531369524558672,63.93960456142656,0.1671900096139547,0.16861740655051005,5.858719825744629,6.16499235796671,5.5524472935225475
2020-01-13 05:00:00,6.1643093449606505,6.296973919615413,6.141658878781784,6.271834850311279,319840000,0.0,0.0,5.974372053146363,5.50618543624878,6.010712887357416,5.560407380470539,67.74559854028767,0.18215002575550443,0.17132393039150895,5.893454074859619,6.222028868127824,5.5648792815914145
2020-01-14 05:00:00,6.229023873013879,6.254412184065293,6.141659275586218,6.15485143661499,359088000,0.0,0.0,6.011607885360718,5.529287633895874,6.036919896313338,5.583718912084048,60.66024281130416,0.182463042144132,0.17355175274203358,5.922438740730286,6.23465684040967,5.610220641050901
2020-01-15 05:00:00,6.1675433263941395,6.189944547408215,6.0864012102307905,6.1122870445251465,263104000,0.0,0.0,6.037169933319092,5.550757570266724,6.05062301417003,5.604447074140562,58.43644290691557,0.17723348191558586,0.17428809857674404,5.947851610183716,6.232464894478836,5.663238325888596
2020-01-16 05:00:00,6.16580181474124,6.201892728222069,6.14240505473656,6.195919036865234,284192000,0.0,0.0,6.059620904922485,5.5699654388427735,6.077040472841885,5.627642053070941,61.07316567451934,0.1777879913030791,0.17498807712201106,5.973538231849671,6.249805047718301,5.6972714159810405
2020-01-17 05:00:00,6.2150846934070065,6.222551926626451,6.157090558824123,6.2046308517456055,253792000,0.0,0.0,6.092500782012939,5.589790267944336,6.1002387235516515,5.650269064783673,64.77019789179909,0.1768913215965222,0.1753687260169133,5.998142170906067,6.263994870777472,5.732289471034662
2020-01-21 05:00:00,6.168043104649625,6.2048807947316265,6.137179106871274,6.171278953552246,217916000,0.0,0.0,6.119581317901611,5.609932975769043,6.113155129006305,5.670700825127539,70.12891404397269,0.17151239679565844,0.17459746017266234,6.0136736869812015,6.281988579787667,5.745358794174736
2020-01-22 05:00:00,6.216578763004167,6.311908122294993,6.197662150369321,6.225290298461914,239240000,0.0,0.0,6.144919538497925,5.630802745819092,6.1335433416345975,5.692449431924966,69.49198696936995,0.16965217955933465,0.1736084040499968,6.027039742469787,6.3099091594029595,5.744170325536615
2020-01-23 05:00:00,6.2653639205825,6.302201135372716,6.176505782975215,6.29373836517334,244516000,0.0,0.0,6.175982570648193,5.653320026397705,6.162669709550732,5.716029390091569,67.92144789873235,0.17172163086900305,0.17323104941379808,6.044512605667114,6.348259349936215,5.740765861398013
2020-01-24 05:00:00,6.409229123297355,6.459009733569713,6.180239170582056,6.234499931335449,373512000,0.0,0.0,6.194550657272339,5.674453554153442,6.1757297498752255,5.736361568179564,70.78163809418558,0.16666048112319665,0.1719169357556778,6.059272527694702,6.370099472730464,5.74844558265894
2020-01-27 05:00:00,5.92984450699228,6.029654509408495,5.780254360819612,5.9786295890808105,470536000,0.0,0.0,6.184296035766602,5.689758358001709,6.139893357003514,5.745862274881574,53.571464369029314,0.1403846187650215,0.16561047235754653,6.0605295419692995,6.369754444864326,5.751304639074273
2020-01-28 05:00:00,6.044586144319764,6.204381307097855,5.991320931812742,6.172024250030518,310976000,0.0,0.0,6.174314975738525,5.709448385238647,6.1457353375538775,5.762574509201141,58.22755973927391,0.1336257865229511,0.15921353519062745,6.074343514442444,6.3771916559699475,5.7714953729149405
2020-01-29 05:00:00,6.157588498886928,6.19367941361647,6.071716979375738,6.111541748046875,258848000,0.0,0.0,6.169984006881714,5.727321872711181,6.139518321279876,5.7762594989597975,55.07476347790632,0.12198278917764416,0.1517673859880308,6.090795946121216,6.360863827406375,5.820728064836057
2020-01-30 05:00:00,6.013722922529771,6.131702738993476,5.9587158710105355,6.118261814117432,290504000,0.0,0.0,6.170581483840943,5.748115434646606,6.135653501795795,5.789671354456176,52.87803906316699,0.11200673910159065,0.1438152566107428,6.103875708580017,6.350522842180092,5.857228574979943
2020-01-31 05:00:00,6.072463949146722,6.084411332665252,5.842976483471893,5.884791851043701,370420000,0.0,0.0,6.139468765258789,5.760215320587158,6.090042292568141,5.793401570008628,43.023848668330494,0.08428993085832737,0.13191019146025973,6.099544835090637,6.358709730326961,5.840379939854314
2020-02-03 05:00:00,5.8666224677137775,6.001278596035723,5.8604000101128895,5.9818644523620605,255564000,0.0,0.0,6.117192125320434,5.77639066696167,6.070373594348853,5.80079227127739,38.96571145714331,0.0693575970879099,0.11939967258578976,6.104846453666687,6.3486236326677945,5.861069274665579
2020-02-04 05:00:00,6.1237388918550035,6.170283655700181,6.073709513593315,6.15111780166626,271544000,0.0,0.0,6.115176010131836,5.794364242553711,6.085054359315654,5.814530527371072,49.863359083950925,0.07036976690358188,0.10959369144934819,6.117378664016724,6.341930326332874,5.8928270017005735
2020-02-05 05:00:00,6.272083662399272,6.282288739312522,6.158086458793153,6.241468906402588,208220000,0.0,0.0,6.116793870925903,5.814642286300659,6.113493367876915,5.831273208901719,54.567932042665554,0.07756833831188015,0.10318862082185459,6.130856704711914,6.350959519175612,5.910753890248216
2020-02-06 05:00:00,6.275817783033483,6.328335762023926,6.194675644500358,6.328335762023926,218284000,0.0,0.0,6.120253610610962,5.83630449295044,6.152555621358189,5.850765858043767,54.671630934124316,0.08925382475470656,0.100401661608425,6.148118090629578,6.373517915409728,5.9227182658494275
2020-02-07 05:00:00,6.288262003363611,6.310414462729095,6.2367390915720655,6.26212739944458,189752000,0.0,0.0,6.123016357421875,5.851508989334106,6.172477762828442,5.86689768319674,51.949379727382045,0.09211040401549475,0.09874341008983895,6.158783507347107,6.384585907479272,5.9329811072149425
2020-02-10 05:00:00,6.284776594808722,6.5461235504382325,6.279798440003233,6.545377254486084,529608000,0.0,0.0,6.179691123962402,5.874472665786743,6.240277670402558,5.8935047252080865,60.84570813035846,0.1158942035078514,0.10217356877344144,6.181993579864502,6.462911083752333,5.90107607597667
2020-02-11 05:00:00,6.653650398908643,6.782581587232491,6.591673645110323,6.667837619781494,638556000,0.0,0.0,6.2292724609375,5.899188642501831,6.3180158430169095,5.923870721073711,62.34037828674002,0.14297642081451212,0.11033413918165559,6.2017937183380125,6.555712123008437,5.847875313667588
2020-02-12 05:00:00,6.7206060940873815,6.790050094117391,6.681777328673445,6.783578395843506,374644000,0.0,0.0,6.296476125717163,5.926966114044189,6.402663579894472,5.957584747535272,63.308127491381775,0.17179820373704757,0.12262695209273398,6.233230066299439,6.6712835550389205,5.795176577559957
2020-02-13 05:00:00,6.7255841428124326,6.8069750522686805,6.698204757771656,6.739771366119385,528016000,0.0,0.0,6.358627080917358,5.957596006393433,6.463955904662638,5.988258732577786,63.84344871032111,0.18892698053611845,0.13588695778141088,6.264604282379151,6.753157813454627,5.776050751303674
2020-02-14 05:00:00,7.1499612483061235,7.341864732956123,7.118599722338029,7.212933540344238,1041924000,0.0,0.0,6.491441249847412,5.998480644226074,6.600133656604746,6.036285195627451,80.21937071886323,0.23793907904294453,0.15629738203371762,6.3154550075531,6.960541116696593,5.670368898409608
2020-02-18 05:00:00,7.109639907282282,7.400109108720654,7.090225762321351,7.38169002532959,620164000,0.0,0.0,6.631423807144165,6.041864290237426,6.742234814554718,6.08904616934126,79.97781725683178,0.28708937064635,0.1824557797562441,6.3743079662322994,7.173247806364334,5.5753681261002646
2020-02-19 05:00:00,7.504149689811862,7.850621473241464,7.504149689811862,7.832949161529541,694332000,0.0,0.0,6.7996069431304935,6.0946116065979,6.940546514004685,6.157434521976095,85.73789755352439,0.35832363993965366,0.21762935179292603,6.457391476631164,7.481347076649037,5.4334358766132915
2020-02-20 05:00:00,7.784910141275894,7.8732702620915855,7.376212893406577,7.68360710144043,810052000,0.0,0.0,6.943820762634277,6.142664661407471,7.075648438993002,6.217284427053127,80.68101165736887,0.39813717786958147,0.2537309170082571,6.530307316780091,7.684129659491404,5.376484974068777
2020-02-21 05:00:00,7.571353892162281,7.596492964996843,7.234589157698324,7.319464683532715,768180000,0.0,0.0,7.042933654785156,6.183434867858887,7.119978665272949,6.26050718220919,76.7495899179836,0.3957445468662648,0.28213364297985866,6.581593632698059,7.78140960540221,5.381777659993908
2020-02-24 05:00:00,6.7250845370441645,7.015802435651572,6.670575020069589,6.801995277404785,856916000,0.0,0.0,7.096920442581177,6.21295464515686,7.062163503842374,6.281742009471762,63.21909224348403,0.34808045830512757,0.29532300604491246,6.6099684000015255,7.802038916174682,5.417897883828369
2020-02-25 05:00:00,6.877164837983016,6.939141597824138,6.420678476149267,6.52247953414917,1055496000,0.0,0.0,7.0946306705474855,6.235211496353149,6.964039145716336,6.291182696714014,55.78025183664284,0.2844725181379184,0.29315290846351366,6.637160897254944,7.79284975704925,5.481472037460637
2020-02-26 05:00:00,6.522728008722888,6.856008081626583,6.521234941797233,6.661864280700684,747732000,0.0,0.0,7.094033336639404,6.256905784606934,6.909098261168036,6.305719229419373,56.445082365449686,0.24251439644250006,0.283025206059311,6.661652898788452,7.796409122261864,5.526896675315039
2020-02-27 05:00:00,6.348309154901602,6.649661074979793,6.19862956404981,6.291027545928955,906416000,0.004,0.0,7.04477825164795,6.27122317314148,6.796721767488203,6.305143084968769,49.47384079341426,0.1772951097598261,0.261879186799414,6.670627188682556,7.789797052870927,5.551457324494185
2020-02-28 05:00:00,6.038490300140997,6.785643260786491,6.021804024627924,6.7261199951171875,1133252000,0.0,0.0,7.04341311454773,6.293664979934692,6.783885081602563,6.321651983405962,55.927013162721124,0.15888515050198038,0.24128037953992731,6.701020097732544,7.789627899559923,5.612412295905164
2020-03-02 05:00:00,6.89622042284202,6.913404997910496,6.500229403950127,6.884514808654785,890744000,0.0,0.0,7.010571241378784,6.317711544036865,6.802181395612057,6.3437250353765045,54.47486074082221,0.15528621996390868,0.2240815476247236,6.751006245613098,7.771484714721667,5.7305277765045295
2020-03-03 05:00:00,6.940302540308167,7.000074707621005,6.536590903035929,6.622015476226807,652792000,0.0,0.0,6.9346037864685055,6.335900812149048,6.76942395572383,6.3546383859980855,49.416932546784466,0.12975678382200417,0.20521659486417973,6.783013796806335,7.74010448787138,5.82592310574129
2020-03-04 05:00:00,6.729357274638746,7.095213112715437,6.654641699163994,7.08574914932251,597408000,0.0,0.0,6.859883785247803,6.360402822494507,6.826937627287226,6.383309396324534,53.532181018577866,0.14526937861507516,0.19322715161435883,6.829745364189148,7.747383828036078,5.912106900342218
2020-03-05 05:00:00,6.886258174225634,7.0531223176529245,6.761732708235922,6.8063130378723145,540328000,0.0,0.0,6.772154378890991,6.377369699478149,6.82318770193906,6.3998977744244465,50.73721802525226,0.13347642970632556,0.1812770072327522,6.857987570762634,7.733179471831898,5.98279566969337
2020-03-06 05:00:00,6.626748103865886,6.684279101658206,6.425514781213348,6.625751972198486,515412000,0.0,0.0,6.702783107757568,6.390999116897583,6.787290296531682,6.408754801788135,43.04357164396588,0.10831210917185619,0.166684027620573,6.872858381271362,7.7198087765376755,6.025907986005048
2020-03-09 04:00:00,5.974732222369242,6.460381763975549,5.931895713663488,6.112706661224365,614160000,0.0,0.0,6.633854246139526,6.394467220306397,6.664638726475806,6.397145070785634,36.10007503475698,0.046435455921309376,0.14263431328072027,6.865387344360352,7.737289752549078,5.993484936171626
2020-03-10 04:00:00,6.389152813651046,6.502222061157227,6.1264044641429605,6.502222061157227,580648000,0.0,0.0,6.631828498840332,6.405441875457764,6.6351084236906095,6.401265737074716,35.22389314623709,0.028499871108016883,0.1198074248461796,6.863229584693909,7.738672936005843,5.987786233381975
2020-03-11 04:00:00,6.362256426859391,6.390648319319223,6.041229813270374,6.138359546661377,499964000,0.0,0.0,6.579478025436401,6.410294170379639,6.544790446048931,6.3909556903918405,33.62214178838127,-0.014903079644037476,0.09286532394813618,6.836755681037903,7.767363432884029,5.906147929191777
2020-03-12 04:00:00,5.615101719141695,5.880589986351279,5.374518638026592,5.38722038269043,816540000,0.0,0.0,6.489097309112549,6.402388715744019,6.3343231618019304,6.351593521462374,31.073078419158946,-0.10865833813242887,0.05256059153202317,6.766937780380249,7.901512146617375,5.632363414143122
2020-03-13 04:00:00,5.74062440609125,6.002626025956078,5.46940821237534,5.998143196105957,634836000,0.0,0.0,6.416299629211426,6.4052182483673095,6.273199531675389,6.337732724389573,42.26758965110124,-0.13214045766560023,0.015620381692498492,6.729856371879578,7.91549736627873,5.544215377480425
2020-03-16 04:00:00,5.290091309567239,5.631042423624033,4.83158858563761,4.891360759735107,726972000,0.0,0.0,6.216984224319458,6.383617277145386,6.021956118595337,6.281012255187437,36.46420868242816,-0.23732259230760366,-0.03496821310752194,6.613777732849121,8.032042369464364,5.195513096233879
2020-03-17 04:00:00,5.003683548446786,5.5005405030795576,4.756874200949433,5.411130905151367,833632000,0.0,0.0,6.095895767211914,6.374323253631592,5.910896988878251,6.246899261068376,40.23717571742286,-0.2755625711841434,-0.08308708472284623,6.51524977684021,7.981861998643015,5.048637555037405
2020-03-18 04:00:00,4.98350971068714,5.228575666366858,4.499852892401873,5.051251411437988,874268000,0.0,0.0,5.892445993423462,6.357338809967041,5.754597792980022,6.200011110102478,40.30612233484441,-0.3310906900738493,-0.13268780579304684,6.376164889335632,7.8442167040147766,4.908113074656487
2020-03-19 04:00:00,5.029832983972858,5.397681548940483,4.816396698508904,5.3040385246276855,765512000,0.0,0.0,5.742218542098999,6.343981418609619,5.67267792600687,6.164874930279938,38.554361965149596,-0.35065715948998033,-0.17628167653243357,6.257186460494995,7.663489496909688,4.850883424080302
2020-03-20 04:00:00,5.454216454735922,5.736142161030795,5.108782956531308,5.1242241859436035,804636000,0.0,0.0,5.592065763473511,6.326803741455078,5.5729590641771845,6.124065097168709,35.88096306627362,-0.37633508522966785,-0.21629235827188045,6.147424435615539,7.547291613066189,4.747557258164889
2020-03-23 04:00:00,5.123227679196731,5.391455985630141,4.944160052402405,5.297065258026123,643876000,0.0,0.0,5.5105016231536865,6.31176866531372,5.5227965539679005,6.091633730927824,39.217686610231425,-0.37837650750654817,-0.248709188118814,6.072177934646606,7.485620210549536,4.658735658743677
2020-03-24 04:00:00,5.7032681264589025,6.292523106888253,5.679608451135077,6.20585298538208,1101644000,0.0,0.0,5.480864715576172,6.314262208938598,5.646988632406842,6.0961129173770106,43.32313825918675,-0.3031680423502783,-0.2596009589651069,6.056346607208252,7.455573870629121,4.657119343787383
2020-03-25 04:00:00,6.320914282022951,6.520653198932268,6.068376578787673,6.117190837860107,793432000,0.0,0.0,5.478747844696045,6.311169328689576,5.732479942489253,6.096939502493995,44.614861910058124,-0.2478618886273143,-0.25725314489754836,6.029112935066223,7.399625121256124,4.658600748876323
2020-03-26 04:00:00,6.324400321803206,6.530614786550064,6.226274460518204,6.406587600708008,696108000,0.0,0.0,5.580684566497803,6.316204051971436,5.8550449712563,6.109082565169055,48.315987255727634,-0.17862043794906413,-0.24152660350785152,6.034890937805176,7.411015358653073,4.658766516957278
2020-03-27 04:00:00,6.226274649289893,6.553029611288523,6.193399926742075,6.2942657470703125,638828000,0.0,0.0,5.610296821594238,6.3198436260223385,5.9349032941315745,6.11634465073381,51.48660928362719,-0.1312960254520288,-0.21948048789668698,6.013298225402832,7.35692374342937,4.669672707376295
2020-03-30 04:00:00,6.359765541677423,6.623759917980906,6.315683507570858,6.614544868469238,602252000,0.0,0.0,5.782615232467651,6.328216142654419,6.058474489465695,6.135881914174415,50.93024861180265,-0.06717291166951345,-0.18901897265125228,5.999799728393555,7.311620502634867,4.687978954152243
2020-03-31 04:00:00,6.654641872626003,6.858864070892026,6.419288777551146,6.56498384475708,949960000,0.0,0.0,5.8980005264282225,6.335423202514648,6.150567099518674,6.152709440863931,53.72731419045306,-0.020122087530114463,-0.15523959562702472,5.996948146820069,7.303310577461664,4.690585716178473
2020-04-01 04:00:00,6.36698780602018,6.513429604344959,6.009101514807017,6.053681373596191,656912000,0.0,0.0,5.998243522644043,6.333071250915527,6.132951512987313,6.148825987245588,56.07740106194395,-0.023817256202620207,-0.12895512774214382,5.945344758033753,7.148038326408429,4.742651189659076
2020-04-02 04:00:00,6.082820919284177,6.375705012122686,6.03475435884826,6.3625054359436035,675764000,0.0,0.0,6.104090213775635,6.335815553665161,6.174688589888457,6.15720557346904,53.51632457814348,-0.0018053719131652102,-0.1035251765763481,5.923154377937317,7.074231634032773,4.772077121841861
2020-04-03 04:00:00,6.324898628338619,6.36649009615311,5.937126452354623,6.0746026039123535,663212000,0.0,0.0,6.19912805557251,6.331432838439941,6.156491137892801,6.153966241329562,63.56266089494482,-0.007505627268214354,-0.08432126671472136,5.89559690952301,7.001347851263266,4.789845967782754
2020-04-06 04:00:00,6.356777264478225,6.721388074533338,6.299246263802596,6.684528350830078,727884000,0.0,0.0,6.3378743648529055,6.340433406829834,6.252497903881396,6.174772598564877,64.30049094367428,0.03676894025352606,-0.060103225321071874,5.9241879940032955,7.081924589086113,4.766451398920478
2020-04-07 04:00:00,6.9061831354181376,6.929843281076082,6.408081206141208,6.451167106628418,784520000,0.0,0.0,6.362405776977539,6.349884157180786,6.288619577108127,6.185611598881094,66.18112496406442,0.05242226068035816,-0.03759812812078587,5.921635246276855,7.074219060697384,4.769051431856326
2020-04-08 04:00:00,6.560251499344632,6.673320757486183,6.490268142600633,6.648415565490723,542444000,0.0,0.0,6.415528249740601,6.3594119834899905,6.354037029541326,6.203760774042256,65.74127621807777,0.07982377328093371,-0.014113747840441955,5.947138047218322,7.1417194305715554,4.752556663865089
2020-04-09 04:00:00,6.774186520309044,6.797098973754002,6.485785263721914,6.548795223236084,525564000,0.0,0.0,6.429749011993408,6.368157052993775,6.389447610213099,6.21729153675574,66.99951292456932,0.09243560031484943,0.0071961217906163204,6.005216789245606,7.198124603021935,4.812308975469277
2020-04-13 04:00:00,6.489023178406291,6.729357405386304,6.400610196985694,6.720640659332275,398408000,0.0,0.0,6.472386503219605,6.3802046298980715,6.449664528234767,6.237030718033251,66.99166948584937,0.11497173206345579,0.028751243845184214,6.041341662406921,7.276363004370602,4.806320320443241
2020-04-14 04:00:00,6.848900953761625,7.105921425129688,6.821256283801942,7.071801662445068,530948000,0.0,0.0,6.5181121826171875,6.403944826126098,6.562780370818458,6.269766833500381,61.92302823773863,0.15933086992605183,0.05486716906135774,6.15036370754242,7.342155349117636,4.9585720659672035
2020-04-15 04:00:00,6.903691995250456,7.077280628589877,6.858364921063001,6.994346618652344,366148000,0.0,0.0,6.561048460006714,6.424194469451904,6.641246961333709,6.298181727035753,62.11472393551156,0.1860906938756628,0.08111187402421875,6.229524493217468,7.424889064229961,5.034159922204975
2020-04-16 04:00:00,7.149754347379322,7.446622923774193,7.136554773121046,7.339530944824219,745620000,0.0,0.0,6.689633417129516,6.447962732315063,6.768207685604711,6.3390189512627515,62.689678038312046,0.2324717478456142,0.11138384878849784,6.34393846988678,7.501907097765446,5.185969842008114
2020-04-17 04:00:00,7.421717882698003,7.443136373919461,7.146267791619093,7.280257225036621,539120000,0.0,0.0,6.781408596038818,6.4687384986877445,6.861307601865058,6.375930256116629,63.60759718584139,0.26143254185217035,0.14139358740123237,6.442749404907227,7.563769877744494,5.32172893206996
2020-04-20 04:00:00,7.153740493454517,7.309646268211535,7.1046773255900835,7.149008274078369,449388000,0.0,0.0,6.88884916305542,6.485151948928833,6.913616814994751,6.406247041134736,57.78212999314998,0.27067333261445903,0.16724953644387772,6.543988609313965,7.519970499194803,5.568006719433128
2020-04-21 04:00:00,7.0309579095729084,7.09222404320279,6.652400334557342,6.712172508239746,735160000,0.0,0.0,6.891613578796386,6.494152851104737,6.876990577402932,6.418244118276109,51.9259535178568,0.23998137445403156,0.1817959040459085,6.614743971824646,7.395824146686912,5.833663796962381
2020-04-22 04:00:00,6.9044414566873025,7.16943201698828,6.858865453551085,7.1265950202941895,483356000,0.0,0.0,6.9591563701629635,6.505777206420898,6.92237320338316,6.446022585021916,64.4041957671287,0.2462594837007286,0.19468861997687253,6.660781073570251,7.448892874376297,5.872669272764205
2020-04-23 04:00:00,7.168683401489257,7.300680114926869,7.048142440129082,7.073296546936035,424160000,0.0,0.0,7.001644468307495,6.513886384963989,6.949813811301865,6.47062156392051,60.2455376381852,0.24412012431044605,0.20457492084358725,6.708586359024048,7.473513980679809,5.943658737368287
2020-04-24 04:00:00,7.063085634739961,7.214259185341389,6.9883700590037385,7.21226692199707,352328000,0.0,0.0,7.067991638183594,6.52246015548706,6.997532558700993,6.499705695609787,67.13426568745976,0.25074794816269463,0.21380952630740874,6.748870325088501,7.531487750792174,5.966252899384829
2020-04-27 04:00:00,7.34675453477503,7.558696863652003,7.32209825748916,7.398806095123291,479388000,0.0,0.0,7.1358081817626955,6.535640850067138,7.070491383505047,6.534964534806395,62.3301643128531,0.2679637789725291,0.2246403768404328,6.80409734249115,7.60725930165967,6.00093538332263
2020-04-28 04:00:00,7.54624331804173,7.576129639956776,7.250869171997304,7.256348133087158,442904000,0.0,0.0,7.154262828826904,6.536509141921997,7.104283519792703,6.563254087680151,64.34973024576928,0.2670340793138477,0.2331191173351158,6.836187505722046,7.658518396451358,6.013856614992735
2020-04-29 04:00:00,7.391084844972564,7.4859733834392905,7.315871448804631,7.4331746101379395,379160000,0.0,0.0,7.198145627975464,6.537538833618164,7.164081899855473,6.597368617972613,64.08832533422728,0.27736837456749175,0.24196896878159102,6.8795970439910885,7.7327321739848305,6.0264619139973465
2020-04-30 04:00:00,7.379130791793222,7.433175089308269,7.265314796150154,7.279261589050293,375916000,0.0,0.0,7.192118692398071,6.5264650821685795,7.185023661527258,6.624109518799189,62.86289483587896,0.27002618968437986,0.2475804129621488,6.940876054763794,7.716793925266749,6.164958184260839
2020-05-01 04:00:00,7.081764475429495,7.195082652202594,6.994347623348934,7.04266357421875,342096000,0.0,0.0,7.168359327316284,6.513646211624145,7.159140009289347,6.640523403325447,55.54411883260485,0.24232262838273844,0.24652885604626673,6.974883961677551,7.70216410680907,6.247603816546032
2020-05-04 04:00:00,6.99534315443708,7.268303171986932,6.99534315443708,7.254605293273926,317556000,0.0,0.0,7.17891902923584,6.512349023818969,7.176497333650179,6.664605046068525,53.305712649345445,0.23476307927180518,0.24417570069137443,7.03388409614563,7.633983233219086,6.433784959072174
2020-05-05 04:00:00,7.3587091845288795,7.478253535367416,7.254605587109694,7.3156232833862305,368896000,0.0,0.0,7.239264106750488,6.522621583938599,7.201792960874915,6.690135173022161,55.84452129584555,0.23103252485741965,0.2415470655245835,7.065438842773437,7.654457405638741,6.476420279908133
2020-05-06 04:00:00,7.395070153462119,7.521338979176488,7.35721430215696,7.416488170623779,323464000,0.0,0.0,7.268253421783447,6.540501756668091,7.240828453556526,6.718619604300656,51.536557542147726,0.2335230783596014,0.23994226809158709,7.113704895973205,7.646283972795549,6.581125819150861
2020-05-07 04:00:00,7.555707718701087,7.656075223288168,7.504403377716655,7.592816352844238,373732000,0.0,0.0,7.320205402374268,6.559120798110962,7.304826253427019,6.752901829733738,55.96199365930363,0.24687920087195003,0.24132965464765968,7.160924935340882,7.687233076374953,6.634616794306811
2020-05-08 04:00:00,7.66454286344492,7.7890683379932595,7.630672014172306,7.78284215927124,339216000,0.0,0.0,7.377262926101684,6.588957090377807,7.391738236307786,6.793291646578346,61.82508097213533,0.2696887150239844,0.24700146672292464,7.222627282142639,7.735962278689086,6.7092922855961925
2020-05-11 04:00:00,7.777861575435405,8.081704058803293,7.749220771270354,8.034882545471191,469060000,0.0,0.0,7.440870571136474,6.6151323413848875,7.508673565246586,6.841981485750615,76.50461273158251,0.304591827118891,0.2585195388021179,7.288339376449585,7.863819468068684,6.712859284830486
2020-05-12 04:00:00,8.092661602380478,8.141475376747282,7.763167200323543,7.7728800773620605,493060000,0.0,0.0,7.4925237655639645,6.632899646759033,7.556711112903945,6.878487312872633,63.79285850942145,0.3075659564937281,0.26832882234044,7.323393297195435,7.928008513214503,6.718778081176366
2020-05-13 04:00:00,7.887443704105184,8.047832293697526,7.56591883243049,7.7504658699035645,625852000,0.0,0.0,7.524252891540527,6.6554686546325685,7.591939250540239,6.912682550403258,64.64504110660408,0.3046030617452029,0.2755836702213926,7.361199259757996,7.973690524046658,6.748707995469333
2020-05-14 04:00:00,7.811980588801043,8.005493265911744,7.658316022095838,8.000014305114746,602312000,0.0,0.0,7.596328163146973,6.6737539577484135,7.666134715008331,6.955323011372337,66.2588502063818,0.31871744317850137,0.28421042481281433,7.394223427772522,8.069773042574882,6.71867381297016
2020-05-15 04:00:00,7.859800101450532,8.468231385191919,7.84410995767559,8.458518981933594,987660000,0.0,0.0,7.737913703918457,6.706798076629639,7.810204581722015,7.014271872962975,69.66448482969408,0.3627194832707259,0.29991223650439663,7.453136515617371,8.276232888133771,6.63004014310097
2020-05-18 04:00:00,8.727245522608667,8.882653491006105,8.647549274720886,8.717034339904785,774460000,0.0,0.0,7.884156608581543,6.748623723983765,7.975082719573427,7.081046871666575,75.98584897897621,0.4136827684999913,0.3226663429035156,7.531537818908691,8.515629675812644,6.547445962004739
2020-05-19 04:00:00,8.756883334611839,9.053004812307378,8.72948756854108,8.772075653076172,717320000,0.0,0.0,8.029801845550537,6.801811103820801,8.119990525664834,7.147361725839501,74.8981464091832,0.45328769480439846,0.34879061328369215,7.6345329761505125,8.686397413662371,6.582668538638654
2020-05-20 04:00:00,8.956870472342526,9.00867312671742,8.855008513018294,8.93595027923584,587536000,0.0,0.0,8.181748056411744,6.850485668182373,8.268346844495925,7.217502453423671,80.69399334443185,0.4922241434852097,0.3774773193239957,7.725000739097595,8.897266829144655,6.552734649050535
2020-05-21 04:00:00,9.017139800729746,9.018135457385423,8.704331651062288,8.741938591003418,761068000,0.0,0.0,8.29666028022766,6.902557249069214,8.354454434770014,7.277284262740523,81.98777734532644,0.5016438003022321,0.402310615519643,7.808432841300965,9.02218846657051,6.594677216031418
2020-05-22 04:00:00,8.79174719228107,9.058481494944774,8.680172853957092,8.991984367370605,1038764000,0.0,0.0,8.417574501037597,6.974652528762817,8.47036896797012,7.344527404098566,82.24252073635337,0.5232538064610743,0.4264992537079293,7.897418713569641,9.185806005141872,6.609031421997409
2020-05-26 04:00:00,9.121988782635464,9.146894447423765,8.639079200529823,8.68465518951416,770780000,0.0,0.0,8.482551765441894,7.028382768630982,8.509330099159946,7.397081434899178,73.27852455757257,0.5097054289335992,0.4431404887530633,7.961711168289185,9.273454078214295,6.6499682583640745
2020-05-27 04:00:00,8.59225743516911,8.599977573488728,7.966392300965685,8.492886543273926,1175892000,0.0,0.0,8.55455241203308,7.100413284301758,8.506340361726124,7.440054184247208,67.75384893194763,0.4779842106130392,0.45010923312505846,8.023538088798523,9.311648810488212,6.735427367108834
2020-05-28 04:00:00,8.380313461237536,8.72724175919815,8.347438749408889,8.454780578613281,734896000,0.0,0.0,8.624983882904052,7.161286277770996,8.496965855705607,7.479847376183132,64.8962347178593,0.44464449867257283,0.44901628623456136,8.07461838722229,9.34505933505525,6.804177439389331
2020-05-29 04:00:00,8.522023979073884,8.841805458068848,8.452787853951744,8.841805458068848,745256000,0.0,0.0,8.709162998199464,7.237097358703613,8.559663965226196,7.5332574970413955,67.1340663946066,0.4443302475228208,0.4480790784922133,8.152745580673217,9.40934938770869,6.896141773637745
2020-06-01 04:00:00,8.799721274228665,8.807192502117935,8.656516722673052,8.772823333740234,389876000,0.0,0.0,8.740593433380127,7.306473054885864,8.59842021404693,7.581867922009978,62.69174068392869,0.43351759926790834,0.4451667826473523,8.239253568649293,9.409322759265363,7.069184378033222
2020-06-02 04:00:00,8.762859753465104,8.803703532121949,8.625134201215374,8.791749000549316,391320000,0.0,0.0,8.74806489944458,7.379823551177979,8.633570902501909,7.629314238815442,69.12225096549906,0.4216155195057478,0.44045653001903146,8.316110754013062,9.413535731779065,7.218685776247058
2020-06-03 04:00:00,8.788761169686277,8.832593819196138,8.66697467494194,8.736210823059082,365440000,0.0,0.0,8.74447841644287,7.4486064624786374,8.652232706239577,7.672721948001468,68.27337459225917,0.403055397048929,0.432976303425011,8.387140130996704,9.391889689203534,7.382390572789873
2020-06-04 04:00:00,8.698833377413132,8.913364092849449,8.648502216635398,8.737205505371094,424280000,0.004,0.0,8.724603939056397,7.499233512878418,8.66768230608167,7.7144664012316495,65.05293446159442,0.3840001145444152,0.42318106564889185,8.45317599773407,9.357946254021892,7.548405741446247
2020-06-05 04:00:00,8.765113570592039,8.966936309509999,8.678902442637584,8.890193939208984,481748000,0.0,0.0,8.739429473876953,7.554693574905396,8.708138966650273,7.76057336350527,60.071055671549075,0.37689889802174115,0.41392463212346176,8.518044877052308,9.345851148780664,7.690238605323951
2020-06-08 04:00:00,8.847586490803435,8.860044532100977,8.656726674779266,8.775578498840332,387736000,0.0,0.0,8.717788887023925,7.602073392868042,8.720400699775738,7.8003774864595865,51.46415552275799,0.35789701065380797,0.402719107829531,8.567681694030762,9.326007352419287,7.809356035642237
2020-06-09 04:00:00,8.77059454872251,9.079309108158784,8.722007525331632,9.015771865844727,468488000,0.0,0.0,8.750900554656983,7.65650351524353,8.774104548151916,7.848040011141357,55.57810756391159,0.35809161808208856,0.3937936098800425,8.616726160049438,9.356616229585187,7.87683609051369
2020-06-10 04:00:00,9.13711760353273,9.468257079263582,9.122914465127538,9.33545207977295,632180000,0.0,0.0,8.835157108306884,7.710921659469604,8.876167735719376,7.906369896185733,58.53561825711261,0.3796648276559882,0.39096785343523166,8.694854760169983,9.388090714459464,8.001618805880502
2020-06-11 04:00:00,9.119427324165988,9.230305535789274,8.756644164646495,8.766860008239746,583652000,0.0,0.0,8.866365051269531,7.754959182739258,8.856293603450352,7.940114606462362,50.45899437164563,0.3468824781382356,0.38215077837583245,8.745674467086792,9.277681183899766,8.213667750273817
2020-06-12 04:00:00,9.131882753955262,9.15654980544635,8.674166945963702,8.902650833129883,570908000,0.0,0.0,8.872449588775634,7.8119385719299315,8.864722190664812,7.977861125155206,48.282397327615385,0.3280775410071488,0.3713361309020957,8.790806293487549,9.19402826820348,8.387584318771617
2020-06-15 04:00:00,8.78579344778855,9.151566711818699,8.714531595846257,9.143095016479492,400004000,0.0,0.0,8.90947675704956,7.86755036354065,8.915335431722026,8.023556571873806,59.04704261158218,0.3287862853339636,0.3628261617884693,8.825035095214844,9.2257063960718,8.424363794357888
2020-06-16 04:00:00,9.1941744220591,9.235784866001858,8.809214608166549,9.038196563720703,535716000,0.0,0.0,8.9341215133667,7.926822242736816,8.937673819358148,8.063346375475646,61.14344669474815,0.31722674935473805,0.3537062793017231,8.84109320640564,9.24921327997201,8.43297313283927
2020-06-17 04:00:00,9.083298979190287,9.267929340235042,9.039943427067767,9.205140113830566,408304000,0.0,0.0,8.981014442443847,7.977234477996826,8.986304054716769,8.108122600509173,64.56662562830351,0.3178724473928298,0.34653951291994445,8.862746429443359,9.30033767356022,8.425155185326497
2020-06-18 04:00:00,9.196168390697451,9.25148296891854,9.08404411721043,9.187198638916016,254408000,0.0,0.0,9.02601375579834,8.031955108642578,9.022830342752995,8.150439307897678,57.826618945392106,0.31332462936803473,0.3398965362095625,8.875308847427368,9.335586362366236,8.4150313324885
2020-06-19 04:00:00,9.211617176466618,9.41343992943585,9.196417927904287,9.230303764343262,524160000,0.0,0.0,9.060024738311768,8.08359287261963,9.060552783042134,8.192786933640642,60.48953480286489,0.3096294585351913,0.3338431206746883,8.89972710609436,9.381526768481537,8.417927443707184
2020-06-22 04:00:00,9.268922363643142,9.499399405011511,9.242261191476917,9.494914054870605,398468000,0.0,0.0,9.131958293914796,8.14251524925232,9.13952755973822,8.243850742316328,64.49026372947388,0.32431435403830555,0.33193736734741175,8.92487359046936,9.474650776517409,8.375096404421312
2020-06-23 04:00:00,9.51908504087358,9.610279575588297,9.376065168670511,9.41842269897461,375108000,0.0,0.0,9.172223377227784,8.196470890045166,9.190235766872108,8.289912387675477,63.93811163645107,0.3260218494289475,0.3307542637637189,8.961561965942384,9.540976577492913,8.382147354391854
2020-06-24 04:00:00,9.4445852960748,9.524567882424472,9.113943905202312,9.20464038848877,449372000,0.0,0.0,9.159142208099365,8.23912766456604,9.192854788984228,8.32578407398188,58.78611533460271,0.30659042248053403,0.32592149550708194,8.997149658203124,9.541745486754124,8.452553829652125
2020-06-25 04:00:00,9.324490872143695,9.473242231975307,9.151570505425191,9.458292007446289,376072000,0.0,0.0,9.22828540802002,8.28840657234192,9.241116101431874,8.370196149804014,60.288872015989796,0.3081067792613741,0.3223585522579404,9.047325229644775,9.565807471463682,8.528842987825868
2020-06-26 04:00:00,9.468259155247662,9.468259155247662,9.094512083329992,9.124411582946777,592084000,0.0,0.0,9.25046148300171,8.32410418510437,9.219897098070946,8.399773225613535,55.85289375638849,0.2791492838531102,0.3137166985769744,9.061455535888673,9.571692598419055,8.55121847335829
2020-06-29 04:00:00,9.139110551241806,9.173744422918276,8.87026129664013,9.169259071350098,342248000,0.0,0.0,9.25307788848877,8.361884222030639,9.2106901841217,8.429949141132616,52.755942186225894,0.25685817645313236,0.302344994152206,9.081277322769164,9.574831313702907,8.587723331835422
2020-06-30 04:00:00,9.282878685218053,9.494419237845602,9.235537742080382,9.466014862060547,367892000,0.0,0.0,9.295859718322754,8.408224353790283,9.257112852837855,8.4705791694043,52.36378189909904,0.2601393015217539,0.2939038556261156,9.114990615844727,9.617310167422895,8.612671064266559
2020-07-01 04:00:00,9.488935861413747,9.543752379614716,9.381545975638707,9.498154640197754,326648000,0.0,0.0,9.325161170959472,8.463943996429443,9.300938632357836,8.510876246690318,66.43149973986212,0.2623092900562991,0.28758494251215233,9.15308780670166,9.649995305374233,8.656180308029086
2020-07-02 04:00:00,9.606790803004376,9.704961911915024,9.546243794157816,9.580130577087402,364056000,0.0,0.0,9.364454364776611,8.513014707565308,9.351700804126848,8.55280778905883,65.59958084261001,0.2675595348417268,0.28357986097806726,9.195234060287476,9.686577514176532,8.703890606398419
2020-07-06 04:00:00,9.709196693635228,9.875638463275735,9.680044291077756,9.806370735168457,315892000,0.0,0.0,9.42206106185913,8.567676191329957,9.434368064316232,8.601967120278816,65.37307890391702,0.2866715109183513,0.2841981909661241,9.24104290008545,9.781063740779292,8.701022059391608
2020-07-07 04:00:00,9.913014377468242,10.036350598341052,9.817833500147767,9.838763236999512,357800000,0.0,0.0,9.456445980072022,8.620206117630005,9.507894459349554,8.650468928777668,69.20047190633967,0.3009623867835014,0.28755103012959954,9.294202136993409,9.850373507361997,8.73803076662482
2020-07-08 04:00:00,9.96035642783184,10.19083448771981,9.932201081128547,10.181863784790039,365480000,0.0,0.0,9.532790088653565,8.67586727142334,9.630434336702368,8.710523629013448,71.60018745194013,0.3360990154271395,0.29726062718910756,9.352506732940673,10.019271519793785,8.685741946087562
2020-07-09 04:00:00,10.345563061624642,10.534678706705217,10.199302996642238,10.473882675170898,494548000,0.0,0.0,9.659714317321777,8.740217962265014,9.783788580060282,8.779674964156877,75.37846126527953,0.3830924790908323,0.3144269975694525,9.409428262710572,10.243457735404583,8.57539879001656
2020-07-10 04:00:00,10.553366008081527,10.619643499525006,10.344067716193592,10.444231986999512,497676000,0.0,0.0,9.7583083152771,8.800439109802246,9.903869199503777,8.844951710150706,74.07118846122425,0.4131796965334349,0.33417753736224903,9.49329686164856,10.390235569250299,8.59635815404682
2020-07-13 04:00:00,10.559596310858286,10.75618660028211,9.991500360563432,10.018659591674805,457076000,0.0,0.0,9.847733116149902,8.855227069854736,9.924740179898508,8.890979470210475,59.76226578095531,0.3980949071929505,0.34696101132838936,9.549097299575806,10.43003459399413,8.668160005157482
2020-07-14 04:00:00,10.041334295021729,10.367989326877709,9.752801420745758,10.342325210571289,542676000,0.0,0.0,9.965039730072021,8.921220302581787,10.000664730929923,8.94789498944031,65.76800805732839,0.40755912551687246,0.359080634166086,9.609058809280395,10.53570584550609,8.6824117730547
2020-07-15 04:00:00,10.379451554113174,10.398138141314435,10.022148989120199,10.193076133728027,403984000,0.0,0.0,10.03774585723877,8.979989719390868,10.03564862234776,8.996725622549633,67.24933911789631,0.3984236536804051,0.36694923806894986,9.666802787780762,10.587581652264676,8.746023923296848
2020-07-16 04:00:00,9.981533624770403,10.17264243579052,9.862432793369079,10.100883483886719,344964000,0.0,0.0,10.098018741607666,9.035694923400879,10.047509506263934,9.040025930837363,61.88363663556043,0.37937139281058485,0.36943366901727687,9.71158995628357,10.62492807595856,8.79825183660858
2020-07-17 04:00:00,10.19133177590211,10.214254686080869,10.054042392101053,10.167411804199219,266284000,0.0,0.0,10.156746864318848,9.090713396072388,10.069309924070348,9.084237141557436,71.40515219732279,0.3654281895578997,0.36863257312540143,9.76060061454773,10.660557617600348,8.860643611495112
2020-07-20 04:00:00,10.239917450175664,10.496058624897017,10.122809785694402,10.475626945495605,284852000,0.0,0.0,10.223672485351562,9.148369607925416,10.143185746147667,9.138801447594227,74.1947084220291,0.3749265664911725,0.3698913717985557,9.822866773605346,10.740488275466213,8.90524527174448
2020-07-21 04:00:00,10.477869541075187,10.524713369026122,10.252375876943214,10.293986320495605,277036000,0.0,0.0,10.269194793701171,9.198592491149903,10.170604032392747,9.184102815158987,66.01750985468968,0.36360579694896344,0.36863425682863726,9.862820386886597,10.789854550302904,8.93578622347029
2020-07-22 04:00:00,10.33285774575729,10.567072161119837,10.257111483601689,10.40386962890625,367292000,0.0,0.0,10.291395378112792,9.245972232818604,10.213015959031566,9.231936807854957,67.00984471196435,0.35935821240080124,0.3667790479430701,9.91209273338318,10.844413359320365,8.979772107445994
2020-07-23 04:00:00,10.415079942644432,10.51175592773994,9.997729433642824,10.095900535583496,411660000,0.0,0.0,10.253597164154053,9.292432641983032,10.19172224567737,9.265817738354116,58.92854902328518,0.3273677474054022,0.3588967878355365,9.956655740737915,10.829929383956433,9.083382097519397
2020-07-24 04:00:00,9.842002372749564,10.330115766267728,9.7443302686916,10.16043472290039,473292000,0.0,0.0,10.22521743774414,9.34063201904297,10.186033605172465,9.300900757355931,56.492743596586436,0.3037213325379291,0.3478616967760151,9.99176287651062,10.836672315318083,9.146853437703157
2020-07-27 04:00:00,10.198058237994003,10.40685753635307,10.183606075119817,10.386675834655762,292132000,0.0,0.0,10.262019062042237,9.38836524963379,10.222514010533065,9.343480172152002,59.380581949798945,0.2997814513711017,0.3382456476950324,10.05487608909607,10.810888374569926,9.298863803622213
2020-07-28 04:00:00,10.339585085814322,10.34730874833606,10.175136467650624,10.181365013122559,271636000,0.0,0.0,10.245923042297363,9.422822170257568,10.215032374640245,9.376338401209672,49.99103790025714,0.276900265817563,0.32597657131953856,10.105481386184692,10.73716222813304,9.473800544236346
2020-07-29 04:00:00,10.3560284765944,10.481108835378222,10.312424860533062,10.43052864074707,284508000,0.0,0.0,10.269668292999267,9.457092056274414,10.254213513932395,9.41767919491702,49.20881504650691,0.27569415323349844,0.31592008770233054,10.15370707511902,10.724131146298758,9.58328300393928
2020-07-30 04:00:00,10.340331482231235,10.587502923822777,10.260847909524566,10.578533172607422,308880000,0.0,0.0,10.317433261871338,9.493221206665039,10.313180724600581,9.463202880316645,52.34942571076697,0.2834140088418682,0.3094188719302381,10.207726001739502,10.718234423067528,9.697217580411476
2020-07-31 04:00:00,10.527953569566252,10.730525312525383,10.398138809435393,10.5792818069458,386080000,0.0,0.0,10.358620262145996,9.526087837219238,10.361562739572438,9.506970681360926,61.51957105272131,0.2862922596065651,0.3047935494655035,10.257683563232423,10.700688153800138,9.814678972664707
2020-08-03 04:00:00,10.696637332641039,11.061663543055651,10.679444912836956,10.973459243774414,412720000,0.0,0.0,10.408403491973877,9.570718250274659,10.472816649427342,9.564480036749691,62.603228507026884,0.316729063461457,0.3071806522646942,10.31603798866272,10.812922778070648,9.81915319925479
2020-08-04 04:00:00,11.013074716717343,11.190230369567871,10.869555864229119,11.190230369567871,310336000,0.0,0.0,10.498027896881103,9.614683170318603,10.60325550763471,9.628234951762169,69.38947174782516,0.3542583977305913,0.31659620135787364,10.383611345291138,10.9672202276548,9.800002462927477
2020-08-05 04:00:00,11.206430225019636,11.333752811688306,11.128939810153922,11.24903678894043,249924000,0.0,0.0,10.582544612884522,9.665970802307129,10.720670286053931,9.6917958081221,72.61930349305597,0.38431569994005343,0.33014010107430963,10.436969995498657,11.12814184788658,9.745798143110735
2020-08-06 04:00:00,11.311822957456805,11.320045624770888,11.14139484678531,11.29762077331543,244316000,0.0,0.0,10.702716636657716,9.722065486907958,10.82557037464693,9.754769336168897,72.42433577146178,0.4073608477188042,0.34558425040320856,10.478156900405883,11.269503920965093,9.686809879846674
2020-08-07 04:00:00,11.274699276886748,11.466307124366327,11.000618569687862,11.162076950073242,342516000,0.0,0.0,10.802880859375,9.776211414337158,10.886753388360804,9.8099578700475,64.6216287039313,0.40996126138689704,0.3584596525999463,10.51404914855957,11.362009385094968,9.666088912024172
2020-08-10 04:00:00,11.296378130139873,11.37013027307293,10.820223710732987,11.127693176269531,427796000,0.0,0.0,10.876982593536377,9.821929168701171,10.930560622526027,9.861633764409149,68.94683343483622,0.40458383416944343,0.36768448891384575,10.569500827789307,11.426063613533058,9.712938042045556
2020-08-11 04:00:00,11.036745063035063,11.09953521649184,10.75967416048644,10.813743591308594,354512000,0.0,0.0,10.94022045135498,9.86274757385254,10.909321162304675,9.898971404679715,58.5241656597807,0.37071569684641226,0.36829073050035904,10.593071746826173,11.449257668606876,9.73688582504547
2020-08-12 04:00:00,10.95402521578607,11.428683543710854,10.921633546935348,11.402023315429688,464412000,0.0,0.0,11.037369918823241,9.914953060150147,10.998903371963767,9.957914616865988,74.32712553656417,0.38688444819732837,0.37200947403975293,10.653519105911254,11.560026175068769,9.74701203675374
2020-08-13 04:00:00,11.507419699232717,11.682583177777868,11.317805956078246,11.404764175415039,374460000,0.0,0.0,11.119993019104005,9.968324127197265,11.072696245318543,10.014653815240461,73.7222492514834,0.39536197785061233,0.37667997480192483,10.71871314048767,11.645199922441368,9.792226358533973
2020-08-14 04:00:00,11.491472368961071,11.665638770775589,11.402271956870376,11.525359153747559,366436000,0.0,0.0,11.214600753784179,10.024087200164795,11.154998592305637,10.073897161848583,72.61931825070624,0.4071184796641756,0.382767675774375,10.786610507965088,11.741579553867206,9.83164146206297
2020-08-17 04:00:00,11.81164744884598,12.368281449010436,11.777761618646258,12.295774459838867,621300000,0.0,0.0,11.346832275390625,10.092198810577393,11.362412386402587,10.161029604907025,84.30073118364743,0.4731475185548586,0.40084364433047176,10.877617883682252,12.033568723313397,9.721667044051106
2020-08-18 04:00:00,12.408397573245175,12.454244341215711,12.045863554533579,12.219779968261719,503448000,0.0,0.0,11.44978723526001,10.16108283996582,11.518297401286064,10.241764913273876,80.75377454429102,0.5134254383741137,0.4233600031392002,10.973907566070556,12.240680950311832,9.70713418182928
2020-08-19 04:00:00,12.255411527658788,12.273849086504912,12.057574183040343,12.097939491271973,622624000,0.0,0.0,11.534677505493164,10.222726192474365,11.623686872192593,10.31455607319537,76.35268108057682,0.5294117427646725,0.44457035106429466,11.058611059188843,12.389808084227553,9.727414034150133
2020-08-20 04:00:00,11.934984824565618,12.33364780785689,11.839055920453715,12.10042953491211,921388000,0.0,0.0,11.614958381652832,10.278025741577148,11.710367356323413,10.384590326596026,76.3669569109989,0.5361020788281152,0.46287669661705877,11.158837509155273,12.486682900926784,9.830992117383762
2020-08-21 04:00:00,12.16097734290615,12.765949386676102,12.15449881949741,12.641118049621582,999868000,0.0,0.0,11.762862491607667,10.355510902404784,11.879594755104899,10.473081609851931,77.50928870935314,0.5783662170446373,0.48597460070257453,11.282871675491332,12.679689982238331,9.886053368744333
2020-08-24 04:00:00,12.840697389899471,12.869351736593854,12.465704407569742,12.677743911743164,490564000,0.0,0.0,11.91786756515503,10.431012763977051,12.024712783584583,10.559538955024136,76.08814404107814,0.6078097990411333,0.5103416403702863,11.397425079345703,12.85905959975479,9.935790558936617
2020-08-25 04:00:00,12.588544678672513,12.718608459711986,12.531734981663996,12.707396507263184,289076000,0.0,0.0,12.107232856750489,10.502298793792725,12.148837096980692,10.643768662955079,75.84109393667484,0.626316974332962,0.5335367071628214,11.523726654052734,12.979456877055146,10.067996431050322
2020-08-26 04:00:00,12.75648406209131,12.825502786474503,12.635390009651456,12.730321884155273,321244000,0.0,0.0,12.240062713623047,10.576141300201416,12.254561603739706,10.725594279472734,75.61940005798189,0.6355081876118795,0.5539310032526331,11.638716316223144,13.094181696321787,10.183250936124502
2020-08-27 04:00:00,12.738789586790235,12.80706120631376,12.524507872251876,12.586051940917969,317604000,0.0,0.0,12.35819149017334,10.643759536743165,12.314832574135753,10.79855340345098,75.38414198769168,0.6239583086677492,0.5679364643356564,11.739092254638672,13.163263474587133,10.314921034690212
2020-08-28 04:00:00,12.632646958673693,13.104066013844308,12.600255290566448,13.103816986083984,537160000,0.0,0.0,12.516037273406983,10.722091903686524,12.458284285399067,10.888955896887568,80.04841700691597,0.6491018167029097,0.584169534809107,11.865319013595581,13.30409786915482,10.426540158036342
2020-08-31 04:00:00,13.138701279570704,13.529640687301345,12.994186272739771,13.329811096191406,500840000,0.0,0.0,12.619440937042237,10.804082050323487,12.616743705543128,10.984675708624973,89.31014794378815,0.6794319948392769,0.603222026815141,11.98313660621643,13.498295471297586,10.467977741135273
2020-09-01 04:00:00,13.438975512292684,13.951162079741737,13.395607950206772,13.778938293457031,511316000,0.004,0.0,12.775356769561768,10.889762535095215,12.828051812436565,11.094254633520348,88.82420894367351,0.731279950769709,0.6288336116060547,12.11257200241089,13.777424662215715,10.447719342606064
2020-09-02 04:00:00,14.659000334746768,14.681931051636386,13.857696425651804,14.302838325500488,874012000,0.0,0.0,12.99584665298462,10.987450847625732,13.096194814811822,11.22008144497055,90.45008954297278,0.8053604891600425,0.6641389871168523,12.265262079238891,14.14316833829182,10.387355820185961
2020-09-03 04:00:00,13.78666378202663,13.842244008175442,12.839555164943249,12.975889205932617,945128000,0.0,0.0,13.08339262008667,11.06287582397461,13.074321067742876,11.288936651282787,65.14553843255396,0.7483694086836916,0.6809850714302201,12.349175500869752,14.194731105654336,10.503619896085167
2020-09-04 04:00:00,12.744844850038128,13.134904769082933,11.669129045305858,12.584086418151855,1463684000,0.0,0.0,13.077689456939698,11.125391712188721,12.985187495089962,11.33972683821883,53.26882409179268,0.6639349277047959,0.6775750426851354,12.420275974273682,14.180881922747757,10.659670025799608
2020-09-08 04:00:00,11.698788278849976,12.511806722915468,11.668630741928217,11.876745223999023,795728000,0.0,0.0,12.997589588165283,11.180438385009765,12.78365253670979,11.36078638275923,46.59780389242909,0.5337902683991143,0.6488180878279312,12.457728576660156,14.1323273277109,10.78312982560941
2020-09-09 04:00:00,12.362263848751807,12.77026867476045,12.19452578471778,12.676305770874023,736200000,0.0,0.0,12.994480514526368,11.250579319000245,12.764134942921467,11.412375378371575,55.05645163845406,0.48952460723056745,0.6169593917084585,12.550856685638427,14.037071737370777,11.064641633906078
2020-09-10 04:00:00,12.949718400854502,13.025487313682381,12.129970490287626,12.274280548095703,698684000,0.0,0.0,12.94887638092041,11.306744632720948,12.675070507498601,11.446175581105855,51.4206700098475,0.41719451752097925,0.5770064168709627,12.594469547271729,13.986975937190808,11.20196315735265
2020-09-11 04:00:00,12.447503719511891,12.613995312644914,11.859548192704617,12.127480506896973,636928000,0.0,0.0,12.903019237518311,11.359331150054931,12.575508689207396,11.472893421332959,45.513878134691275,0.34406074574381584,0.5304172826455333,12.630605363845826,13.92733531305222,11.333875414639431
2020-09-14 04:00:00,13.041189988553288,13.274477094290067,12.59280879798839,12.833074569702148,1201744000,0.0,0.0,12.875944995880127,11.424390029907226,12.62233884929735,11.526233858523907,51.214715119636864,0.33912799228754587,0.49215942457393586,12.695991134643554,13.885514195146918,11.50646807414019
2020-09-15 04:00:00,13.239586647678045,13.25827977869358,12.788713385691096,12.95146656036377,727556000,0.0,0.0,12.838110542297363,11.487291946411133,12.682180251309426,11.582125337027431,51.88254578483519,0.34084296826732086,0.46189613331261287,12.7287757396698,13.907953149588728,11.549598329750872
2020-09-16 04:00:00,12.917813300834169,13.052900850998931,12.475663559197146,12.476410865783691,556384000,0.0,0.0,12.707857799530029,11.540044898986816,12.64476763575929,11.617195357762972,48.16923931479238,0.3004061793018682,0.42959814251046397,12.741607284545898,13.902913295505508,11.580301273586288
2020-09-17 04:00:00,12.095328374077656,12.551436543996568,11.998125242985967,12.425570487976074,792512000,0.0,0.0,12.520131015777588,11.584919033050538,12.604913608889614,11.648896343261525,48.82708672227068,0.26124585946904766,0.39592768590218075,12.757988834381104,13.889936784446299,11.626040884315909
2020-09-18 04:00:00,12.555423930991667,12.594055700378437,11.952265560305177,12.152154922485352,698460000,0.0,0.0,12.437757587432861,11.618484477996827,12.522593847725203,11.668631973819322,42.786939422694935,0.20577660811394338,0.3578974703445333,12.760575103759766,13.886417103384801,11.634733104134732
2020-09-21 04:00:00,11.888708100792234,12.484389539998377,11.868270307160746,12.479155540466309,721044000,0.0,0.0,12.427264499664307,11.659182949066162,12.51469597367813,11.700417211727046,43.649743270725686,0.18605827976168499,0.32352963222796366,12.752476978302003,13.884251214545897,11.620702742058109
2020-09-22 04:00:00,12.536729096807136,12.609506883213678,12.118506402595152,12.599287986755371,646452000,0.0,0.0,12.499518775939942,11.710795516967773,12.530076339692172,11.735667046041883,40.738847898851496,0.1780723398191668,0.2944381737462043,12.748554182052612,13.881961754766662,11.615146609338561
2020-09-23 04:00:00,12.537227011039786,12.688266632716763,12.042488106735847,12.086852073669434,647012000,0.0,0.0,12.440573406219482,11.745686054229736,12.449490109506218,11.749439007909631,32.57145043023269,0.12890815631524788,0.26133217026001304,12.717526960372926,13.889013861195785,11.546040059550066
2020-09-24 04:00:00,12.03550817199214,12.531244383729783,11.97743503137002,12.310418128967285,731240000,0.0,0.0,12.44418716430664,11.788032894134522,12.424204294862776,11.77143818912758,43.666960176824894,0.10675449950471005,0.23041663610895247,12.696531772613525,13.882020376003943,11.511043169223107
2020-09-25 04:00:00,12.409616747021122,12.84428966870731,12.208480963044359,12.834568977355957,588016000,0.0,0.0,12.514896011352539,11.842706604003906,12.49881605531608,11.813129592587515,52.32517746243065,0.1299936736755516,0.2103320436222723,12.708957624435424,13.894780081854064,11.523135167016784
2020-09-28 04:00:00,13.000565764614077,13.012031125329392,12.711199227724991,12.995331764221191,573808000,0.0,0.0,12.531121730804443,11.899265003204345,12.589091638753372,11.859490462063345,61.556285564020214,0.1595439763379627,0.2001744301654104,12.703533363342284,13.882724750669853,11.524341976014716
2020-09-29 04:00:00,12.898125538642207,13.401837819468046,12.893888899193668,13.185498237609863,621460000,0.0,0.0,12.554524898529053,11.953462429046631,12.697529202181824,11.911490766986738,56.01834244812302,0.1960477329809649,0.1993490907285213,12.696317720413209,13.861050677298334,11.531584763528084
2020-09-30 04:00:00,13.117458606533225,13.581043643950114,13.110230837485497,13.489323616027832,689184000,0.0,0.0,12.655816173553466,12.017369174957276,12.841491822881098,11.97336656498835,64.70235255642865,0.24665016244137838,0.20880930507109274,12.681836986541748,13.796000425491721,11.567673547591776
2020-10-01 04:00:00,13.716129357775127,13.720864201885407,13.419783261242403,13.573065757751465,525004000,0.0,0.0,12.770565700531005,12.08075309753418,12.974505265584801,12.036099866665335,67.7630462601424,0.2901653972565068,0.22508052350817556,12.645348358154298,13.567185857589665,11.72351085871893
2020-10-02 04:00:00,13.18475308134866,13.478356236260835,13.01128187322965,13.02249813079834,552496000,0.0,0.0,12.857600021362305,12.139285049438477,12.98323124107817,12.074782151533297,52.41978732429817,0.27703187711532884,0.23547079422960623,12.647678804397582,13.573262758034879,11.722094850760286
2020-10-05 04:00:00,13.195719875702725,13.60272733275789,13.182509848608964,13.600982666015625,479820000,0.0,0.0,12.969782733917237,12.208096008300782,13.09554968197589,12.134633152101232,57.424489684681,0.3097319381945276,0.2503230230225905,12.698523616790771,13.716508439797066,11.680538793784477
2020-10-06 04:00:00,13.78791202108173,14.098962806423158,13.623414192443873,13.694696426391602,784420000,0.0,0.0,13.07932357788086,12.274256420135497,13.204485453687836,12.195812104034188,65.25601306404309,0.33929767703933855,0.2681179538259401,12.7894211769104,13.822982769341111,11.755859584479689
2020-10-07 04:00:00,13.95714561296807,14.076282106160074,13.821309759284272,13.921504020690918,418084000,0.0,0.0,13.262788772583008,12.349059200286865,13.334852465870213,12.263486296844256,67.94213769258116,0.376687990755995,0.2898319612119511,12.851681089401245,14.000179053236444,11.703183125566046
2020-10-08 04:00:00,14.032166592711608,14.04163818419971,13.716131853958128,13.796635627746582,378900000,0.0,0.0,13.411410522460937,12.416381340026856,13.418813040756826,12.323609800016897,70.45259756171909,0.3917286440511951,0.31021129777979994,12.927798843383789,14.116264941604706,11.739332745162871
2020-10-09 04:00:00,13.725102840358888,13.782178633228172,13.619176383039175,13.720865249633789,346892000,0.0,0.0,13.50004014968872,12.479227981567384,13.473731624189,12.378404131374422,66.47269271322395,0.3930041269367148,0.32676986361118293,13.00746808052063,14.183603281711653,11.831332879329606
2020-10-12 04:00:00,13.946924894276616,14.303336967435383,13.870159568035136,14.18270492553711,434744000,0.0,0.0,13.618777465820312,12.55129644393921,13.602635860797747,12.449161025263155,69.25969223616556,0.4263666688485781,0.346689224658662,13.074949598312378,14.358885979334444,11.791013217290311
2020-10-13 04:00:00,14.252991702466591,14.30483349663295,13.976086963138583,14.204888343811035,344604000,0.0,0.0,13.72071647644043,12.61592502593994,13.712136312254708,12.518013076970915,79.25101598497069,0.4494161505068046,0.36723460982829054,13.137620687484741,14.515131806514407,11.760109568455075
2020-10-14 04:00:00,14.247011144518595,14.299102047163188,13.917517264926445,14.052355766296387,276100000,0.0,0.0,13.777019691467284,12.673167533874512,13.77399439480774,12.57818337851309,74.53837250042453,0.4501854686936291,0.38382478160135824,13.216417932510376,14.614812644811535,11.818023220209218
2020-10-15 04:00:00,13.768718908966557,13.963125149314527,13.725849552912674,13.927484512329102,267224000,0.0,0.0,13.812461566925048,12.726736488342285,13.801901688902532,12.63109714846666,67.34711671289013,0.43569665249852285,0.3941991557807912,13.291513633728027,14.672287682677037,11.910739584779016
2020-10-16 04:00:00,13.994032098702894,14.078524355779496,13.750525122871887,13.7694673538208,242392000,0.0,0.0,13.887158489227295,12.776173419952393,13.79600453706949,12.675739117304078,62.29805489113341,0.4067744544874685,0.39671421552212666,13.372379255294799,14.658382213327803,12.086376297261795
2020-10-19 04:00:00,13.860687988387964,13.940942647700611,13.36594810565735,13.456671714782715,298068000,0.0,0.0,13.872727394104004,12.822065315246583,13.734307660290074,12.706363925048338,54.14635867739287,0.35452664775226594,0.3882767019681545,13.42125506401062,14.636686272635579,12.20582385538566
2020-10-20 04:00:00,13.542158948898546,13.757751217088146,13.465891835118931,13.603970527648926,229212000,0.0,0.0,13.863654804229736,12.87159086227417,13.710609999809865,12.741564183973852,51.84113008900572,0.3213018993678318,0.37488174144809,13.471489191055298,14.625368923266311,12.317609458844284
2020-10-21 04:00:00,13.583534319654134,13.749527692706033,13.436483176144433,13.483589172363281,219596000,0.0,0.0,13.819863319396973,12.924987773895264,13.669333485728668,12.770663203126379,48.57979633398755,0.2820064824128785,0.3563066896410477,13.54132604598999,14.493853466177885,12.588798625802095
2020-10-22 04:00:00,13.48134769525117,13.570325697308954,13.191482018066099,13.32033920288086,290480000,0.0,0.0,13.7722336769104,12.963354091644288,13.605879979756338,12.792219124685378,55.390174941776394,0.23498293615142174,0.33204193894312256,13.591822099685668,14.358553942654732,12.825090256716605
2020-10-23 04:00:00,13.4090695699437,13.551884104042001,13.250803086839909,13.548892974853516,233484000,0.0,0.0,13.755036449432373,13.006236667633056,13.595518706137643,12.821892609005697,48.92059261086159,0.21369546791417982,0.30837264473733406,13.627538299560547,14.307370607857186,12.947705991263907
2020-10-26 04:00:00,13.38614004738893,13.651081269278576,12.99882208728849,13.101259231567383,336896000,0.0,0.0,13.646891880035401,13.037754669189454,13.505653347124868,12.832848162831647,39.27576275229181,0.15887330139306854,0.278472776068481,13.632834672927856,14.293303464625923,12.97236588122979
2020-10-27 04:00:00,13.265504460887724,13.401091191687938,13.15135288296143,13.355978965759277,250520000,0.0,0.0,13.562000942230224,13.058958759307862,13.478439823240215,12.85336309627979,39.882244225503605,0.13443046252838364,0.24966431336046152,13.641358709335327,14.281609709479067,13.001107709191587
2020-10-28 04:00:00,13.1578329010127,13.2196444828129,12.570625726226456,12.588570594787598,376520000,0.0,0.0,13.415622425079345,13.066334571838379,13.316645418067012,12.84297907661343,32.4268968854322,0.0525303573286422,0.21023752215409766,13.596321058273315,14.389954504671827,12.802687611874802
2020-10-29 04:00:00,12.799427013024179,13.152598834137944,12.711196333303896,12.984362602233887,320080000,0.0,0.0,13.321310234069824,13.084063034057618,13.256230360642807,12.848523528598546,40.19898517459429,0.019338123280927988,0.17205764237946375,13.566885900497436,14.406488625732011,12.72728317526286
2020-10-30 04:00:00,12.810893624788754,12.897129593543116,12.262567264637163,12.495855331420898,416820000,0.0,0.0,13.193949031829835,13.091971549987793,13.117980355329731,12.834693403219031,27.710437693465877,-0.045856806744737355,0.12847475255462354,13.540553760528564,14.479232709202032,12.601874811855096
2020-11-02 05:00:00,12.619227673320147,12.797682807824847,12.357277650821981,12.542462348937988,299652000,0.0,0.0,13.102528095245361,13.08999843597412,13.01334071780396,12.823233361874676,28.174040733577,-0.09269493221368563,0.08424081560096171,13.487627744674683,14.526029639433332,12.449225849916033
2020-11-03 05:00:00,12.669824999930903,13.06511799350483,12.564396738004714,12.979878425598145,272900000,0.0,0.0,13.040118885040282,13.09604112625122,13.00725666467563,12.829376305550106,36.8994470287874,-0.09344152659722305,0.04870434716132476,13.451886844635009,14.509312372165159,12.39446131710486
2020-11-04 05:00:00,13.34850439160167,13.785421273951286,13.296413487129644,13.75227165222168,410228000,0.0,0.0,13.066987133026123,13.11693862915039,13.142713935138547,12.865568279929384,48.15206489076177,-0.03134619042521436,0.03269423964401694,13.443425226211549,14.48765400792451,12.399196444498587
2020-11-05 05:00:00,14.11940004400391,14.295362275225596,13.94842175974404,14.116907119750977,319028000,0.0,0.0,13.146643924713135,13.144670333862305,13.319839968704443,12.914640391294936,53.51134227252567,0.046748952879127614,0.03550518229103907,13.459438800811768,14.535802747028026,12.38307485459551
2020-11-06 05:00:00,14.066808904462587,14.54435123168051,13.852713125346142,14.517683029174805,383348000,0.0,0.0,13.243522930145264,13.183302955627441,13.53762961606269,12.977504808466696,60.53557869920119,0.1393725826826735,0.05627866236936596,13.499279689788818,14.67113813439478,12.327421245182855
2020-11-09 05:00:00,14.508211652284979,14.646788567995294,13.569328138122051,13.589266777038574,582976000,0.0,0.0,13.292323684692382,13.193011951446532,13.547018190785577,13.001495473900887,49.87360289304925,0.13629096674372754,0.07228112324423829,13.469607782363891,14.597845084636067,12.341370480091715
2020-11-10 05:00:00,13.565089739964995,13.565089739964995,12.589817388371227,12.731136322021484,644068000,0.0,0.0,13.229839420318603,13.181038455963135,13.398676032828469,12.990893154219341,44.259800268252945,0.06386857075892927,0.07059861274717648,13.395920181274414,14.51442223795033,12.2774181245985
2020-11-11 05:00:00,13.014025046074712,13.394115211641946,12.908845881640476,13.377166748046875,404744000,0.0,0.0,13.308699035644532,13.173003025054932,13.394765253777269,13.006041138291009,50.403775656098176,0.05793472104342001,0.06806583440642519,13.36216073036194,14.437151309973112,12.287170150750766
2020-11-12 05:00:00,13.437979695502902,13.72410597697715,13.27547564395454,13.415797233581543,365812000,0.0,0.0,13.351842498779297,13.155262203216553,13.398589250105319,13.02211000477299,49.02808626710221,0.055707102921003226,0.0655940881093408,13.336576366424561,14.378772150350727,12.294380582498395
2020-11-13 05:00:00,13.585777393792211,13.627151186548398,13.019506169381641,13.256532669067383,346312000,0.0,0.0,13.427910232543946,13.160875072479248,13.372760780825693,13.031303050431594,51.18371622450825,0.04062211374224134,0.060599693235920904,13.31092963218689,14.333328723502644,12.288530540871134
2020-11-16 05:00:00,13.132410801829966,13.607959347793312,13.115961496704895,13.47411823272705,413776000,0.0,0.0,13.521075820922851,13.178675708770752,13.391189408444122,13.048668351698083,50.90575466199187,0.04569771289706459,0.05761929716814965,13.311801958084107,14.334754246912667,12.288849669255548
2020-11-17 05:00:00,13.511255604541565,13.554872270515686,13.263262888769844,13.381402015686035,312028000,0.0,0.0,13.561228179931641,13.208768844604492,13.389409882488106,13.061716730678004,56.77992862408904,0.04175738480259028,0.054446914695037776,13.300673532485963,14.315049559270157,12.286297505701768
2020-11-18 05:00:00,13.424270172885084,13.564342646765963,13.144873482628464,13.3878812789917,510924000,0.0,0.0,13.524789142608643,13.223000354766846,13.389131954579668,13.07450749727854,53.69685896297829,0.038711229837826266,0.05129977772359548,13.295888137817382,14.307530158686115,12.28424611694865
2020-11-19 05:00:00,13.172539700466864,13.44645330267934,13.06013278246462,13.399347305297852,565936000,0.0,0.0,13.45303316116333,13.245501689910888,13.390989291073883,13.087246313279298,59.070208379846974,0.03679815633899608,0.0483994534466756,13.299838542938232,14.312499116620582,12.287177969255882
2020-11-20 05:00:00,13.413054668904675,13.453431099655287,13.02523765866418,13.047919273376465,341088000,0.0,0.0,13.306056785583497,13.263910465240478,13.328612924219806,13.085704076420363,54.78166257977557,0.006845812375084748,0.04008872523235743,13.27478985786438,14.286294552956846,12.263285162771915
2020-11-23 05:00:00,13.131164811610757,13.34177124445545,12.975888549093485,13.10000991821289,361356000,0.0,0.0,13.257131099700928,13.269249172210694,13.287048741309457,13.086265089823993,51.22582091669882,-0.01254375965954857,0.029562228253976232,13.274727392196656,14.286277362336211,12.263177422057101
2020-11-24 05:00:00,13.102503240666222,13.121943675569424,12.84578719687769,12.918315887451172,346500000,0.0,0.0,13.275849056243896,13.268586158752441,13.220006404244314,13.079678846593687,40.32386492143491,-0.042086181688649305,0.015232546265451126,13.25284423828125,14.275864356304062,12.229824120258439
2020-11-25 05:00:00,12.992839233588224,13.22911749877967,12.980377464249663,13.194473266601562,259916000,0.0,0.0,13.257579708099366,13.282947406768798,13.215364015581995,13.08418058855478,39.07292938065902,-0.04272269084829716,0.0036414988427014685,13.283139371871949,14.258088770120105,12.308189973623792
2020-11-27 05:00:00,13.33429431298339,13.36669566818434,13.130416493764512,13.220890045166016,167276000,0.0,0.0,13.238088989257813,13.298853797912598,13.216368748233634,13.089541743716005,33.1432351338365,-0.04062719072210186,-0.005212239070259197,13.294965744018555,14.260346522176292,12.329584965860818
2020-11-30 05:00:00,13.224631860632945,13.371683021841918,12.932772409512914,13.360715866088867,286952000,0.0,0.0,13.248507308959962,13.323025016784667,13.242613678752766,13.100176023024744,46.26296251594829,-0.027368232649646274,-0.009643437786136614,13.338208770751953,14.227342786141383,12.449074755362522
2020-12-01 05:00:00,13.451189716731127,13.487578614111854,13.187992253312531,13.349250793457031,296948000,0.0,0.0,13.236020565032959,13.340426921844482,13.262002245062632,13.109943661080912,63.976583066800536,-0.01758286408317211,-0.011231323045543714,13.378548192977906,14.185037771467329,12.572058614488483
2020-12-02 05:00:00,13.309870792632042,13.631887767453023,13.193974535937858,13.503280639648438,283360000,0.0,0.0,13.2482084274292,13.358506774902343,13.305871044078232,13.12536864063258,53.66770137411219,0.002571390918172156,-0.00847078025280054,13.40471830368042,14.190438750411467,12.618997856949374
2020-12-03 05:00:00,13.55015284836722,13.62245380221974,13.29236421682045,13.359179496765137,199520000,0.004,0.0,13.245338249206544,13.383953323364258,13.315563490021304,13.134537693814249,48.4485914293091,0.006837210180179909,-0.005409182166204451,13.385063695907593,14.153657535354851,12.616469856460336
2020-12-04 05:00:00,13.411531775587404,13.522726016865583,13.351946414993474,13.520980834960938,202244000,0.0,0.0,13.257501602172852,13.408164577484131,13.352912098192146,13.149692326800393,57.23620550537625,0.02300868860130123,0.0002743919872966855,13.35526738166809,14.046737302236666,12.663797461099515
2020-12-07 05:00:00,13.56386361302514,13.69350639302831,13.462892225669556,13.569348335266113,223244000,0.0,0.0,13.309644508361817,13.422860164642334,13.392264141296502,13.166149425171598,52.87176891486155,0.03927481914246478,0.008074477418330304,13.307850646972657,13.748131460481549,12.867569833463765
2020-12-08 05:00:00,13.547657637897526,13.561369918030191,13.244991722634671,13.31330394744873,271920000,0.0,0.0,13.330973911285401,13.429219608306886,13.377907742415088,13.171920190751093,48.130578341035545,0.031146168895636706,0.012688815713791586,13.294052505493164,13.714027718068307,12.874077292918022
2020-12-09 05:00:00,13.263939141754832,13.377126792285601,12.832877299434081,12.8952054977417,401300000,0.0,0.0,13.328662872314453,13.423413753509521,13.290143697929016,13.16106863416249,38.96823173273382,-0.008929956703385145,0.008365061230356241,13.302255964279174,13.680244956697624,12.924266971860725
2020-12-10 05:00:00,12.83362825482043,13.032829161797126,12.814181122786707,12.936594009399414,207764000,0.0,0.0,13.302874946594239,13.412359161376953,13.225861936378179,13.152265707701194,39.77525589675122,-0.03692521706378926,-0.0006929944284728599,13.280227327346802,13.689861643130252,12.870593011563352
2020-12-11 05:00:00,12.931606849028675,12.984212441190055,12.787753432046163,12.9774808883667,209264000,0.0,0.0,13.278534030914306,13.400447463989257,13.180701745830635,13.145411401060626,48.19607797163548,-0.05517639404319574,-0.011589674351417438,13.25831151008606,13.683992745181685,12.832630274990434
2020-12-14 05:00:00,13.05202320769895,13.351946267194858,13.041552116386985,13.27216625213623,270156000,0.0,0.0,13.269679069519043,13.405440826416015,13.197331656068016,13.15038217953418,53.921623576796,-0.04533929406489712,-0.018339598294113375,13.259093189239502,13.68481808440822,12.833368294070784
2020-12-15 05:00:00,13.402807793865751,13.426991168173245,13.150503908909764,13.323776245117188,193016000,0.0,0.0,13.26713161468506,13.399896697998047,13.220321581349683,13.157181946811946,59.81801991703237,-0.032998440863305945,-0.02127136680795189,13.25157608985901,13.66648660728083,12.836665572437187
2020-12-16 05:00:00,13.385605048694739,13.400314984499127,13.17618224051848,13.206100463867188,223116000,0.0,0.0,13.237413597106933,13.390124778747559,13.217735923625593,13.159100320029799,50.3049521711334,-0.032340872433417545,-0.02348526793304502,13.242811012268067,13.653559426189062,12.832062598347072
2020-12-17 05:00:00,13.330007078417685,13.342722654952567,13.142274953172642,13.304577827453613,231384000,0.0,0.0,13.231953430175782,13.377786254882812,13.233525360685233,13.164805320320928,52.11497553942686,-0.023601382438053875,-0.023508490834046793,13.238645839691163,13.644864737571657,12.832426941810668
2020-12-18 05:00:00,13.342222773227842,13.368151325810269,13.034571457080444,13.235517501831055,342064000,0.0,0.0,13.203407096862794,13.366563892364502,13.23388756816629,13.167578347046817,46.718590653682334,-0.021994327848180006,-0.023205658236873438,13.230454349517823,13.62957399440796,12.831334704627686
2020-12-21 05:00:00,13.038810902481204,13.333249277123658,12.931855491448975,13.295602798461914,302332000,0.0,0.0,13.176032543182373,13.358058643341064,13.245108519129131,13.172598913768978,48.62884882189318,-0.015691462807518874,-0.021702819151002525,13.242838525772095,13.63338907965315,12.852287971891041
2020-12-22 05:00:00,13.282637425656816,13.300587596287624,13.018116353896726,13.24174976348877,185580000,0.0,0.0,13.168877124786377,13.339239540100097,13.244497836285428,13.175310711797206,42.95496221289741,-0.01487046919451629,-0.02033634915970528,13.249925518035889,13.63466409147282,12.865186944598959
2020-12-23 05:00:00,13.219559427789498,13.238507250916278,12.969249963131402,12.973487854003906,179144000,0.0,0.0,13.176705360412598,13.314611530303955,13.195223294052424,13.16739608992296,40.26176853162378,-0.03545758698717272,-0.02336059672519877,13.252684116363525,13.628089453701326,12.877278779025724
2020-12-24 05:00:00,13.001413939538107,13.096402254200223,12.903185387503484,12.958033561706543,97884000,0.0,0.0,13.17884931564331,13.292725086212158,13.152097888171353,13.159185794698788,34.65204741463364,-0.05241584120186715,-0.029171645620532448,13.240862131118774,13.638234766605585,12.843489495631964
2020-12-28 05:00:00,13.026593800525333,13.026593800525333,12.72816672890075,12.864540100097656,212564000,0.0,0.0,13.167555236816407,13.271466197967529,13.099814653976134,13.147631061577174,31.24587320140097,-0.07256305906307148,-0.03784992830904026,13.223044633865356,13.65466798988851,12.791421277842202
2020-12-29 05:00:00,12.88947258005551,13.036567177285413,12.806949719669266,12.907671928405762,170372000,0.0,0.0,13.13110580444336,13.254230289459228,13.064879612963338,13.13822089949202,37.82735713737867,-0.08408027126521311,-0.04709599690027483,13.2003924369812,13.64881964439341,12.751965229568992
2020-12-30 05:00:00,12.954542349712748,13.177428249395158,12.86130017435309,13.109615325927734,225396000,0.0,0.0,13.109689712524414,13.24728916168213,13.073013378956864,13.137099112293422,57.39340442226378,-0.07603610357265822,-0.05288401823475151,13.188410663604737,13.632879235078892,12.743942092130581
2020-12-31 05:00:00,13.10039051897173,13.114850326350101,12.879498986368441,13.01911449432373,192424000,0.0,0.0,13.090991115570068,13.235592041015625,13.063213581750839,13.132472264529905,52.75229795520315,-0.07608662424265411,-0.05752453943633203,13.164202356338501,13.588756791677817,12.739647920999186
2021-01-04 05:00:00,13.068229351372885,13.614972534629288,12.926868655114351,13.07745361328125,560640000,0.0,0.0,13.068278694152832,13.227469329833985,13.065802678392732,13.130314670363292,53.29600985007933,-0.07060528907589436,-0.0601406893642445,13.150116062164306,13.566039008254764,12.734193116073849
2021-01-05 05:00:00,13.063740838543046,13.406545935001123,13.051026213036597,13.367902755737305,322760000,0.0,0.0,13.081517219543457,13.228420600891113,13.120729965182653,13.139631850181882,53.165186760743325,-0.04233644487096022,-0.056579840465587644,13.142462158203125,13.53460344059231,12.75032087581394
2021-01-06 05:00:00,13.186155936861887,13.208594130472408,12.551406040572862,12.579827308654785,580424000,0.0,0.0,13.009939670562744,13.209039287567139,13.02238402763213,13.11767873090631,33.45898859179175,-0.08257244083241488,-0.061778360538953095,13.092986106872559,13.50740994358902,12.678562270156098
2021-01-07 05:00:00,12.931856295126039,13.340979313282,12.851079561663786,13.307321548461914,461480000,0.0,0.0,13.016496849060058,13.213160533905029,13.07419084960118,13.125115704143784,51.77045384789891,-0.0551216442838971,-0.0604470172879419,13.092686986923217,13.506449375963246,12.678924597883189
2021-01-08 05:00:00,13.325771189955528,13.38410973127691,13.006151763416414,13.240256309509277,292528000,0.0,0.0,13.043173694610596,13.21084608078003,13.10438456958447,13.129631022001256,48.862454976181816,-0.03833637665625034,-0.056024889161603586,13.109939527511596,13.517763407852792,12.7021156471704
2021-01-11 05:00:00,13.381863034223812,13.922623075761006,13.325768040159632,13.58405590057373,518344000,0.0,0.0,13.105775928497314,13.230755786895752,13.191597538855245,13.147451605474686,55.618058879791626,0.002676964238430557,-0.04428451848159676,13.142312622070312,13.59276241577211,12.691862828368514
2021-01-12 05:00:00,13.71469811107587,13.716693420172598,13.308318890305022,13.447684288024902,291476000,0.0,0.0,13.164090347290038,13.240022220611571,13.238158765977,13.159225436162929,52.392547722977035,0.02390076975898836,-0.030647460833479735,13.165822792053223,13.628953243414982,12.702692340691465
2021-01-13 05:00:00,13.452917423562095,13.58754655344523,13.348206512132624,13.494552612304688,210028000,0.0,0.0,13.222778415679931,13.259996166229248,13.28477582894567,13.172375521501822,53.985856893899644,0.04399551767622967,-0.015718865131537856,13.176942110061646,13.661027400439014,12.692856819684277
2021-01-14 05:00:00,13.537683299217774,13.56236502012126,13.144267966522824,13.163963317871094,283120000,0.0,0.0,13.228213214874268,13.27242618560791,13.2628099178412,13.172045631163362,52.94527597953194,0.03286609705627441,-0.006001872693975402,13.16895146369934,13.648082118762785,12.689820808635895
2021-01-15 05:00:00,13.19163686182663,13.288619513312941,12.813180643216462,12.824150085449219,277780000,0.0,0.0,13.208716773986817,13.269311618804931,13.18305358467902,13.158402668586337,48.11852260863388,-0.003335685184538306,-0.005468635192087984,13.149853944778442,13.652615374987597,12.647092514569287
2021-01-19 05:00:00,12.980470603146165,13.058007089454371,12.808694289194596,12.989446640014648,226188000,0.0,0.0,13.199916076660156,13.25405511856079,13.14785232201277,13.151776941975683,51.7206000121911,-0.01847484144565925,-0.008069876442802238,13.134097385406495,13.636193760070281,12.632001010742709
2021-01-20 05:00:00,13.075709424179557,13.39358365748199,13.020861249221939,13.329011917114258,258572000,0.0,0.0,13.19602699279785,13.238297214508057,13.18079043021304,13.158727333157588,55.365787127124385,-0.003037635882231271,-0.007063428330688045,13.138772106170654,13.646553084496585,12.630991127844723
2021-01-21 05:00:00,13.38161577620076,13.960769900780255,13.21657100711801,13.829381942749023,337780000,0.0,0.0,13.320982456207275,13.22453119277954,13.298716159765037,13.18502751392588,58.51875880962894,0.0490072153748784,0.004150700410425244,13.16546106338501,13.757130832740078,12.573791294029942
2021-01-22 05:00:00,13.702231154807055,13.803701836442649,13.589791029609232,13.674806594848633,246820000,0.0,0.0,13.357730960845947,13.226241989135742,13.367096238871145,13.204234536707164,57.64446467522008,0.07689381222101765,0.018699322772543728,13.187113904953003,13.820747253116847,12.55348055678916
2021-01-25 05:00:00,13.743865597572096,13.790487156750563,13.200114475431374,13.615718841552734,251112000,0.0,0.0,13.395277214050292,13.243933639526368,13.412300348449616,13.220371176112872,56.27433420546651,0.09315244980369108,0.0335899481787732,13.219225454330445,13.872077716898396,12.566373191762494
2021-01-26 05:00:00,13.54316838330185,13.607241759671473,13.350699078366457,13.39831829071045,163980000,0.0,0.0,13.376703453063964,13.244356670379638,13.409758156133403,13.227349494332385,50.36068368064955,0.0874866381582109,0.04436928617466074,13.24123969078064,13.88665866880245,12.59582071275883
2021-01-27 05:00:00,13.193634056363793,13.196376893038126,12.75858344917115,12.882243156433105,371272000,0.0,0.0,13.320159339904786,13.23368558883667,13.313846338006076,13.213815912453983,53.83351055881879,0.04088222643483519,0.04367187422669563,13.242124843597413,13.88541361918711,12.598836068007715
2021-01-28 05:00:00,12.960524380947978,13.303080260716598,12.924872267137651,13.01512336730957,228316000,0.0,0.0,13.272216415405273,13.228857402801514,13.259533070606711,13.206024047938516,45.63851824183282,0.014503034910257284,0.03783810636340796,13.247497415542602,13.880741487382052,12.614253343703153
2021-01-29 05:00:00,13.03906087218396,13.298097268819046,12.876010448081596,12.954045295715332,271552000,0.0,0.0,13.251224613189697,13.21845594406128,13.203989838808278,13.19614252824349,45.72023599351776,-0.011202024387573672,0.028030080213211635,13.239718914031982,13.883823079071119,12.595614748992846
2021-02-01 05:00:00,13.017369864440333,13.234271739579091,12.867283258352058,13.200614929199219,217204000,0.0,0.0,13.288871097564698,13.214840202331542,13.203376218879358,13.196317916516264,44.09462303682608,-0.011544284991003906,0.02011520717236853,13.248793935775756,13.884875530093343,12.61271234145817
2021-02-02 05:00:00,13.361919791975675,13.534692808775095,13.2489803634068,13.519485473632812,220440000,0.0,0.0,13.341874980926514,13.217472286224366,13.26085062883453,13.208991154050247,51.046957552948605,0.013756087425409902,0.018843383222976805,13.270895528793336,13.912603089466165,12.629187968120506
2021-02-03 05:00:00,13.59851926303281,13.893456969851242,13.47934851645917,13.49330997467041,245408000,0.0,0.0,13.35830478668213,13.219351539611816,13.303115964441053,13.220140911721627,49.98177067084211,0.03133347800621955,0.021341402179625355,13.27716588973999,13.925283366728394,12.629048412751587
2021-02-04 05:00:00,13.493805954300223,13.635914172427226,13.30108745905453,13.626689910888672,201340000,0.0,0.0,13.338035583496094,13.230926952362061,13.361947591067892,13.236084009728177,57.20502553813019,0.055387856102543154,0.028150692964208916,13.329509019851685,13.90558597618502,12.75343206351835
2021-02-05 05:00:00,13.687271836444868,13.699488109257775,13.508513860160853,13.55363941192627,169152000,0.0,0.0,13.325918865203857,13.239999542236328,13.396800649405778,13.248537162755554,62.38784660625555,0.06777528795761789,0.03607561196289071,13.341824913024903,13.926374340489486,12.757275485560319
2021-02-08 05:00:00,13.68951770498705,14.433965799239166,13.68951770498705,14.399062156677246,434624000,0.0,0.0,13.404253196716308,13.26961446762085,13.579030014364227,13.29365578996817,69.44564821283151,0.14414930351699873,0.05769035027371232,13.3997652053833,14.14856895537848,12.65096145538812
2021-02-09 05:00:00,14.301331166039105,14.543164907992347,14.183406307616304,14.224044799804688,287560000,0.0,0.0,13.486825847625733,13.290205898284912,13.696305429898855,13.330141633491172,62.93417573863899,0.18838226953503323,0.08382873412597651,13.43176465034485,14.263801215320878,12.59972808536882
2021-02-10 05:00:00,14.423495798634871,14.864031157982412,14.302080568078091,14.723668098449707,485352000,0.0,0.0,13.670968341827393,13.320261459350586,13.883098642362645,13.384789730156212,62.92617446703982,0.2607469103865423,0.11921236937808967,13.495563840866089,14.508709787235151,12.482417894497026
2021-02-11 05:00:00,14.939070424043331,15.230267548522379,14.88397213605451,15.208826065063477,450828000,0.0,0.0,13.890338611602782,13.357223663330078,14.124139991944613,13.456320566819242,70.23884956825593,0.35317343932615586,0.1660045833677029,13.581277513504029,14.851506429366808,12.31104859764125
2021-02-12 05:00:00,15.00862997928257,15.249216856966784,14.73438534273761,14.920124053955078,374756000,0.0,0.0,14.086946487426758,13.388641128540039,14.268864366855606,13.513724625138295,66.2263533152219,0.3985322581012394,0.21251011831441022,13.669085550308228,15.055348304565836,12.28282279605062
2021-02-16 05:00:00,15.022842106467083,15.330245229763257,14.908905968770373,15.288110733032227,321960000,0.0,0.0,14.29569606781006,13.424337730407714,14.454181887978628,13.583308394075312,72.65943839191355,0.4588831787419885,0.2617847303999259,13.792283582687379,15.295400520542989,12.289166644831768
2021-02-17 05:00:00,15.129295491176038,15.181651895081654,14.739370528750735,14.86502456665039,274756000,0.0,0.0,14.430249977111817,13.45445463180542,14.528880556828039,13.633571773391981,74.31666801168174,0.46718676222502786,0.3028651367649463,13.886062479019165,15.412137523482448,12.359987434555881
2021-02-18 05:00:00,14.688514919395974,14.832368339943429,14.53493793318427,14.788240432739258,233868000,0.0,0.0,14.5597430229187,13.479799823760986,14.576036897902805,13.678852897287953,72.04873365361992,0.46224312307808724,0.33474073402757454,13.959023904800414,15.512251531386521,12.405796278214307
2021-02-19 05:00:00,14.983202501942431,15.135283481944793,14.80594144322892,14.885472297668457,271724000,0.0,0.0,14.68562126159668,13.506122303009032,14.632297879678378,13.726171305146012,73.80329345526022,0.4608585617114116,0.35996429956434195,14.011828422546387,15.61742288726487,12.406233957827903
2021-02-22 05:00:00,14.73413883525478,15.091653916167415,14.28562510312609,14.316290855407715,325884000,0.0,0.0,14.761886405944825,13.526182041168212,14.57484205708371,13.74931324829353,62.73698577459321,0.4091170545718601,0.3697948505658456,14.04390263557434,15.646776573372279,12.441028697776403
2021-02-23 05:00:00,14.036558534796624,14.199609876992758,13.352693569934281,14.10312557220459,391780000,0.0,0.0,14.732292747497558,13.55034044265747,14.489075423469323,13.763188241388082,56.82785323112824,0.34691189613496043,0.3652182596796686,14.068272972106934,15.658507037364227,12.47803890684964
2021-02-24 05:00:00,14.08392951702053,14.466873798767557,13.718186928105693,14.459144592285156,448320000,0.0,0.0,14.755802726745605,13.580791454315186,14.48363345416311,13.790480647305616,60.48951794977175,0.32262262664085384,0.35669913307190565,14.121314287185669,15.688053075220264,12.554575499151074
2021-02-25 05:00:00,14.006890071298857,14.335235329433283,13.179920216208293,13.270918846130371,824436000,0.0,0.0,14.610527801513673,13.58666021347046,14.263139889066247,13.770105674710509,46.8563986120233,0.20512872205459587,0.3263850508684437,14.140748071670533,15.651412355089734,12.630083788251332
2021-02-26 05:00:00,13.71469638167772,13.816416237507147,13.324273025541691,13.676801681518555,500932000,0.0,0.0,14.45732536315918,13.594752922058106,14.156532942239393,13.766446694585335,51.02781061575681,0.1431155617737705,0.2897311530495091,14.173831987380982,15.607732124106745,12.73993185065522
2021-03-01 05:00:00,13.83686176922663,13.88672452437137,13.515996475820742,13.803703308105469,353184000,0.0,0.0,14.345683288574218,13.60435146331787,14.092382099669587,13.767907738252791,44.35461073718079,0.10302201254331678,0.25238932494827065,14.216314888000488,15.544499271137417,12.88813050486356
2021-03-02 05:00:00,13.861793454202832,13.882237289582692,13.359179060398448,13.369400978088379,264116000,0.0,0.0,14.153812313079834,13.607617473602295,13.960930986654821,13.752280022167913,42.2758031610149,0.035790447503355693,0.20906954945928768,14.224754190444946,15.52766935649381,12.921839024396082
2021-03-03 05:00:00,13.389344841883268,13.414524918178184,12.763569159730324,12.769553184509277,377592000,0.0,0.0,13.944265174865723,13.596916980743408,13.744316840810177,13.713741714808751,32.65314139095352,-0.0651428299787451,0.15422707357168114,14.18725757598877,15.613007886303308,12.761507265674233
2021-03-04 05:00:00,12.765562178598472,12.93933378902407,12.050533110953955,12.3362455368042,573344000,0.0,0.0,13.699065685272217,13.578931541442872,13.488303876445453,13.65972225684779,24.262911911716728,-0.17804509243858924,0.08777264036962706,14.12940435409546,15.753782527598785,12.505026180592134
2021-03-05 05:00:00,12.515500927573775,12.515500927573775,11.6471441455612,12.427244186401367,542840000,0.0,0.0,13.453242874145507,13.56156436920166,13.295383932801073,13.61138978349695,26.84454438220382,-0.25721312553825193,0.01877548718805127,14.069432067871094,15.852750385998858,12.28611374974333
2021-03-08 05:00:00,12.415776761591959,12.436968120506013,11.53470526212684,11.561382293701172,543112000,0.0,0.0,13.177752017974854,13.527957019805909,12.98011090751018,13.530997332916725,18.314424057101135,-0.3853797625634936,-0.0620555627622577,13.96981921195984,16.069036221249828,11.87060220266985
2021-03-09 05:00:00,12.101081238362973,12.586411173731333,12.03025186800738,12.490143775939941,521824000,0.004,0.0,13.016453838348388,13.518290138244629,12.89102597449741,13.490179546368616,31.40694201518032,-0.4073141917059502,-0.1311072885509962,13.874373292922973,16.06309431664985,11.685652269196098
2021-03-10 05:00:00,12.809623139684142,12.948787357967568,12.427544694009546,12.438268661499023,384376000,0.0,0.0,12.814366245269776,13.507894840240478,12.808706463043157,13.448928139118829,31.529917479464302,-0.423995714360359,-0.18968497371286877,13.78508448600769,16.057831499852135,11.512337472163248
2021-03-11 05:00:00,12.918862032608823,13.014881135957816,12.703880315850354,12.962257385253906,299916000,0.0,0.0,12.78350009918213,13.509849185943603,12.83662481253602,13.429843011516283,35.83438148745117,-0.3904337531278337,-0.22983472959586176,13.6970139503479,15.953071389548633,11.440956511147167
2021-03-12 05:00:00,12.617836764895445,12.857758928939543,12.559727352850821,12.825087547302246,243964000,0.0,0.0,12.698328685760497,13.508197498321532,12.83452712794806,13.40612711095887,38.26989415868276,-0.3706317050115686,-0.2579941246790032,13.57782702445984,15.747818359329566,11.407835689590113
2021-03-15 04:00:00,12.833813930624292,13.174991527812224,12.736548541957104,13.159528732299805,221988000,0.0,0.0,12.633911228179931,13.509195766448975,12.893618328739286,13.396456586305574,42.716444459625166,-0.3242144878265236,-0.2712381973085073,13.489797258377076,15.571563902875603,11.408030613878548
2021-03-16 04:00:00,13.324383242411827,13.48000826893051,13.085209825652294,13.25929069519043,272128000,0.0,0.0,12.622900199890136,13.513999290466309,12.960104213548584,13.391077531752039,40.35692923498213,-0.2761947509657503,-0.2722295080399559,13.388356256484986,15.291191819557554,11.485520693412418
2021-03-17 04:00:00,13.008396307085361,13.420901887993775,12.958267078826964,13.309171676635742,243864000,0.0,0.0,12.676862049102784,13.5186336517334,13.023571025018976,13.387865537433754,50.37628335127928,-0.23144582184596807,-0.2640727708011583,13.310563611984254,15.081879334331605,11.539247889636902
2021-03-18 04:00:00,13.104912906401868,13.152298347489506,12.686421267581059,12.69190788269043,293896000,0.0,0.0,12.712428283691406,13.505113754272461,12.963268635504694,13.360573080384997,40.698656337284305,-0.2429889769318514,-0.25985601202729697,13.205746984481811,14.852618513736926,11.558875455226696
2021-03-19 04:00:00,12.719342626753512,12.89043046052544,12.582173435760843,12.814862251281738,299208000,0.0,0.0,12.751190090179444,13.509814453125,12.936285656555064,13.33917265571428,40.654410721557454,-0.23945532855673335,-0.25577587533318424,13.102216482162476,14.553156298068865,11.651276666256086
2021-03-22 04:00:00,12.88170107346451,13.36229222405252,12.875714983128155,13.154542922973633,297804000,0.0,0.0,12.91050615310669,13.506758880615234,12.975968795903894,13.331932274038177,47.93238482173421,-0.20686093133520167,-0.24599288653358775,13.04412908554077,14.378776976758616,11.709481194322926
2021-03-23 04:00:00,13.222379048396682,13.312412052854992,12.989939506760008,13.039320945739746,222048000,0.0,0.0,12.96542387008667,13.502740173339843,12.987487368601322,13.32045731998726,52.863066490850834,-0.18815811766365442,-0.2344259327596011,12.990938854217529,14.229194780876666,11.752682927558391
2021-03-24 04:00:00,13.11962850631561,13.127609643744384,12.606365925111128,12.612600326538086,245840000,0.0,0.0,12.982857036590577,13.483311061859132,12.919326088226187,13.292698222204939,52.9370816914519,-0.20540105529133612,-0.22862095726594814,12.898611640930175,13.934808627945126,11.862414653915225
2021-03-25 04:00:00,12.46944250416805,12.684174903889058,12.242489615517123,12.505105972290039,295144000,0.0,0.0,12.93714189529419,13.464459495544434,12.84401333987416,13.261812251620041,50.82461890009874,-0.22514477479387907,-0.22792572077153433,12.860320997238158,13.895187428369358,11.82545456610696
2021-03-26 04:00:00,12.524312903240872,12.825337541765567,12.343748353056053,12.808378219604492,363968000,0.0,0.0,12.935470962524414,13.45073600769043,12.837534227097855,13.244030524874333,64.99338377108995,-0.2138550905751302,-0.2251115947322535,12.816899824142457,13.777749765625272,11.856049882659642
2021-03-29 04:00:00,12.7894208455432,13.031088751095217,12.669460260549382,12.917113304138184,273520000,0.0,0.0,12.911229419708253,13.445799007415772,12.852003150196095,13.23121024170821,56.39470609575991,-0.1938987774999159,-0.218869031285786,12.772570323944091,13.616410472385832,11.92873017550235
2021-03-30 04:00:00,12.811120995907123,12.944050827838632,12.674450333195036,12.840799331665039,200204000,0.0,0.0,12.869380283355714,13.446131992340089,12.849966092281358,13.21590000994181,55.98487460921726,-0.18214154109981529,-0.21152353324859188,12.746140241622925,13.543080682416548,11.949199800829302
2021-03-31 04:00:00,12.98420053911187,13.438106284070786,12.951279904755246,13.316150665283203,314776000,0.0,0.0,12.870078182220459,13.452666072845458,12.934726923736237,13.219831408190492,55.33894481442519,-0.1329345795165242,-0.19580574250217836,12.77347011566162,13.610283254736027,11.936656976587214
2021-04-01 04:00:00,13.539616433759079,13.83665002631249,13.4787622838227,13.77854061126709,308276000,0.0,0.0,12.978741455078126,13.461656646728516,13.088147594196391,13.241741573017025,63.09874500625479,-0.05598138509766315,-0.16784087102127532,12.845584869384766,13.76796254130771,11.92320719746182
2021-04-05 04:00:00,13.834154669761228,13.980302032176994,13.699977584620715,13.953866004943848,255672000,0.0,0.0,13.092641830444336,13.464146327972411,13.24555094160502,13.269668021327881,61.41168933550974,0.01893361498360946,-0.13048597382029836,12.921915960311889,13.945630265178863,11.898201655444915
2021-04-06 04:00:00,13.966086787615374,14.020455365723707,13.74038112554351,13.828168869018555,191744000,0.0,0.0,13.160004425048829,13.46721357345581,13.351481473862025,13.291570015354967,58.11222469308801,0.06738481372009808,-0.09091181631221908,13.035255289077758,13.916795036888088,12.15371554126743
2021-04-07 04:00:00,13.847371587915674,14.209249360422294,13.678529036394863,14.109490394592285,251284000,0.0,0.0,13.267021369934081,13.477089004516602,13.489301277631162,13.323645324344666,60.7059105091793,0.12701883968510863,-0.047325685112753535,13.116222620010376,14.080533541664574,12.151911698356178
2021-04-08 04:00:00,14.218480102035985,14.436704124469879,14.214738319634023,14.282575607299805,244416000,0.0,0.0,13.434018898010255,13.49477415084839,13.63353297393455,13.361250433480162,74.14812343928801,0.18610051415077145,-0.0006404452600485396,13.208437967300416,14.249458538944438,12.167417395656393
2021-04-09 04:00:00,14.179820993441329,14.373354747720487,14.14091521365383,14.365373611450195,195172000,0.0,0.0,13.62004566192627,13.524436759948731,13.766594908028303,13.400627813008398,73.82903725547385,0.23687374075380596,0.04686239194272236,13.27859377861023,14.432730197054358,12.124457360166101
2021-04-12 04:00:00,14.25538991646509,15.315584361496741,14.105251501924828,15.172429084777832,869324000,0.0,0.0,13.856450748443603,13.567582874298095,14.022201121982762,13.470110215822887,77.11642350948591,0.3383344119959517,0.10515679595336824,13.39596085548401,14.805148026509935,11.986773684458084
2021-04-13 04:00:00,15.194874361790076,15.66224795457644,15.08937856206101,15.641797065734863,676212000,0.0,0.0,14.128919124603271,13.621337909698486,14.31667311175587,13.555274406015513,81.93278431930561,0.4514131880939658,0.17440807438148775,13.520074272155762,15.243741575785835,11.79640696852569
2021-04-14 04:00:00,15.587431556687095,15.682701930750515,15.190887259829722,15.24026870727539,385500000,0.0,0.0,14.368866062164306,13.66213098526001,14.48459958366851,13.621352613908059,82.44246496372504,0.5028326087142307,0.24009298124803635,13.619123172760009,15.500177454469267,11.738068891050752
2021-04-15 04:00:00,15.624835147832147,16.175258480240085,15.593909559737643,16.09844398498535,598480000,0.0,0.0,14.64709539413452,13.71371015548706,14.77802583845339,13.718493451989522,87.42735321545088,0.6058466201432768,0.3132437090270845,13.75858678817749,15.933525118118784,11.583648458236198
2021-04-16 04:00:00,16.014397368188778,16.126877246571755,15.827098981535388,15.874236106872559,335208000,0.0,0.0,14.856664943695069,13.761328678131104,14.977336796347783,13.803032379631995,82.46800400024482,0.6617658397309008,0.38294813516784776,13.917703199386597,16.225630135037527,11.60977626373567
2021-04-19 04:00:00,15.499143036450203,15.769491335621629,15.196372615942284,15.324812889099121,404420000,0.0,0.0,14.993759632110596,13.795291137695312,15.040514267757116,13.862710046669923,73.32119911498539,0.6542070703007496,0.43719992219442816,14.043200731277466,16.371502978264434,11.714898484290499
2021-04-20 04:00:00,15.286402450953117,15.459734563352981,14.927019212976631,15.13476848602295,334132000,0.0,0.0,15.124419593811036,13.826913719177247,15.057651398350902,13.912594691350433,71.74060524070023,0.6256693689884205,0.4748938115532267,14.142212009429931,16.479797436057144,11.804626582802719
2021-04-21 04:00:00,15.082396063863788,15.325560529414375,15.065936218178726,15.323565483093262,216776000,0.0,0.0,15.245827102661133,13.845403785705566,15.105999413758603,13.967926879261917,70.11753443945062,0.6112413649460393,0.5021633222317893,14.256424236297608,16.590329497679413,11.922518974915805
2021-04-22 04:00:00,15.338032738541715,15.401380464132107,14.747954644585043,14.814544677734375,277788000,0.0,0.0,15.29902400970459,13.85721378326416,15.053007643572379,14.00112757724123,60.28629275164763,0.5523660113235671,0.5122038600501448,14.366521453857422,16.578484327716225,12.154558579998616
2021-04-23 04:00:00,14.898341678117303,15.298128266883358,14.864423983982848,15.228546142578125,227500000,0.0,0.0,15.385341262817382,13.867311344146728,15.084923734300695,14.04926163862699,62.08336715943384,0.5329695860362484,0.5163570052473656,14.502693462371827,16.562231810679112,12.443155114064542
2021-04-26 04:00:00,15.148489672889035,15.441782453335874,15.088633518011463,15.440784454345703,197796000,0.0,0.0,15.41217679977417,13.871950511932374,15.149625683399787,14.103831160812039,65.04006771165763,0.5286299205984566,0.5188115883175838,14.634313774108886,16.57071841466356,12.697909133554212
2021-04-27 04:00:00,15.541040346437713,15.632819134469093,15.317578990856143,15.34476375579834,164572000,0.0,0.0,15.382473468780518,13.880443305969239,15.185105332926796,14.152495184144835,61.93324638827295,0.5115458543958553,0.5173584415332382,14.755696296691895,16.537013746071814,12.974378847311975
2021-04-28 04:00:00,15.327557336918415,15.49490435320835,15.178915428032598,15.240017890930176,209416000,0.0,0.0,15.382448387145995,13.879481449127198,15.195089434381956,14.195143133430534,59.373043491737405,0.483975524368482,0.510681858100287,14.875657224655152,16.421593210848144,13.32972123846216
2021-04-29 04:00:00,15.362967738824038,15.39937994562448,15.035257877620062,15.287899017333984,173196000,0.0,0.0,15.30139389038086,13.88793893814087,15.211963904009597,14.237996305348316,59.093385674884516,0.4606790248935688,0.5006812914589434,14.974244642257691,16.342732386748093,13.60575689776729
2021-04-30 04:00:00,15.138010935948024,15.32805215542235,14.960937040225707,14.973406791687012,201912000,0.0,0.0,15.211310958862304,13.891642265319824,15.168589883587307,14.26683593226356,47.82724126586179,0.4120891793856174,0.4829628690442782,15.033987951278686,16.281681500884506,13.786294401672867
2021-05-03 04:00:00,15.088631852500344,15.210088982164338,14.75194375369951,14.801074981689453,203912000,0.0,0.0,15.158937168121337,13.889954319000244,15.10176899233315,14.287786483221439,40.185149929135335,0.3555767722284653,0.45748564968111566,15.076348400115966,16.223079043489154,13.92961775674278
2021-05-04 04:00:00,14.602055476784498,14.60230473867422,13.976563208724803,14.316742897033691,405324000,0.0,0.0,15.077134609222412,13.889963359832764,14.959036975005976,14.288922028861135,39.42296496927223,0.2686123351131027,0.41971098676751306,15.100777101516723,16.152424550903927,14.049129652129519
2021-05-05 04:00:00,14.673632067472129,14.777881567524608,14.352905284395469,14.423734664916992,292024000,0.0,0.0,14.987151527404786,13.896375541687013,14.861709282262524,14.294208798902542,26.833641679867696,0.20595165122009718,0.3769591196580299,15.11648931503296,16.11376147364444,14.11921715642148
2021-05-06 04:00:00,14.460395780964397,14.536213251343705,14.183813093414063,14.488079071044922,193380000,0.0,0.0,14.95450496673584,13.896954231262207,14.793776516586595,14.301811554672831,29.937896120308764,0.15964438254808933,0.33349617223604183,15.126764488220214,16.09156570922471,14.161963267215718
2021-05-07 04:00:00,14.772642216658582,14.93475089512991,14.636470089527306,14.776632308959961,229328000,0.0,0.0,14.909313583374024,13.927068500518798,14.790659387927207,14.320431976409582,41.41803802221422,0.14456294165528938,0.2957095261198914,15.147327423095703,16.059919615543812,14.234735230647592
2021-05-10 04:00:00,14.751693870139158,14.770398976353079,14.215736112634747,14.23144817352295,268904000,0.0,0.0,14.788379955291749,13.938161430358887,14.688984621671887,14.316942415512067,37.273360477764925,0.08760908466275907,0.25408943782846494,15.100278377532959,16.100262469382045,14.100294285683873
2021-05-11 04:00:00,13.791758851839734,14.320234986651585,13.716939372809758,14.271851539611816,285584000,0.0,0.0,14.681088733673096,13.947524394989014,14.61314224311551,14.31517414586892,34.53608045037673,0.0452117833490604,0.21231390693258403,15.031781101226807,16.062780603259185,14.000781599194429
2021-05-12 04:00:00,13.97581304781882,14.225960648008476,13.676285911200809,13.725417137145996,303408000,0.0,0.0,14.529628658294678,13.954644718170165,14.45173767839378,14.292046420036648,34.16024102367935,-0.032110918256940124,0.1634289418946792,14.956038522720338,16.134569350618424,13.777507694822251
2021-05-13 04:00:00,14.000005633170424,14.046893505234245,13.42663766448219,13.632391929626465,285404000,0.0,0.0,14.364077949523926,13.97190149307251,14.302765724072449,14.26617761649115,24.3958109025578,-0.09974626036283674,0.11079390144317602,14.832735919952393,16.02395999270616,13.641511847198625
2021-05-14 04:00:00,13.856600805253224,14.293547327705214,13.71544058063384,14.208751678466797,258616000,0.0,0.0,14.287612438201904,14.009351615905763,14.285672261235057,14.263925618921569,32.30397364745693,-0.1056227876281941,0.067510563628902,14.749461698532105,15.864550747123282,13.634372649940929
2021-05-17 04:00:00,14.122957641807114,14.135178132158144,13.820188214769972,14.131437301635742,216980000,0.0,0.0,14.220648670196534,14.04343547821045,14.257629541307908,14.25872999863585,32.47850276388117,-0.11519075457614392,0.030970299987892812,14.689792919158936,15.802965713510616,13.576620124807256
2021-05-18 04:00:00,14.232695122808254,14.369615051198068,13.970327020557445,13.982048988342285,186256000,0.0,0.0,14.187179279327392,14.091848812103272,14.207523986223249,14.247879762938064,32.065071080226915,-0.1332913262701556,-0.0018820252637168715,14.632156944274902,15.767469564090781,13.496844324459023
2021-05-19 04:00:00,13.533875372790817,14.045642211912858,13.510681656678837,14.031925201416016,344000000,0.0,0.0,14.147998332977295,14.122684440612794,14.175596934440115,14.239410956603866,32.103696005365975,-0.14197496713827107,-0.029900613638627713,14.56757493019104,15.684078465350277,13.451071395031802
2021-05-20 04:00:00,14.268108020734257,14.64844164861803,14.236185378840139,14.577363014221191,321592000,0.0,0.0,14.156926727294922,14.165466327667236,14.248645312582129,14.252663978471212,44.70526436576441,-0.10364973241358122,-0.04465043739361842,14.555715847015382,15.666196508940576,13.445235185090187
2021-05-21 04:00:00,15.1272881823693,15.185398545401643,14.833746176130141,14.95570182800293,672992000,0.0,0.0,14.174833679199219,14.205335216522217,14.377201042658637,14.280234090217554,51.95929393976891,-0.0422607715451111,-0.044172504223916956,14.542073631286621,15.624090330718154,13.460056931855089
2021-05-24 04:00:00,15.175921676396861,15.707141564497695,15.13950946224867,15.574461936950684,554816000,0.0,0.0,14.309135055541992,14.260322704315186,14.594884841620827,14.330988123422776,65.41166758830296,0.05567737767296954,-0.02420252784453966,14.54875750541687,15.655517750599268,13.441997260234471
2021-05-25 04:00:00,15.728088225317293,15.780461753336073,15.445270222634818,15.610122680664062,435408000,0.0,0.0,14.442962169647217,14.309334583282471,14.779473539628688,14.381150262922434,64.79625940750165,0.13461977752554866,0.007561933229478003,14.562025451660157,15.714387872550645,13.409663030769668
2021-05-26 04:00:00,15.6964165149048,15.755773186301269,15.54877262201577,15.662248611450195,370440000,0.0,0.0,14.636645317077637,14.357393741607666,14.939978098141689,14.43138941384509,64.6886409828266,0.1990933014895635,0.0458682068814951,14.583136987686157,15.80138545190339,13.364888523468924
2021-05-27 04:00:00,15.661996910272391,15.712126127862431,15.422823526103063,15.450756072998047,581476000,0.0,0.0,14.818481731414796,14.400225429534911,15.032846820842844,14.471364576949128,58.59895236496431,0.23046667700946344,0.08278790090708878,14.59127984046936,15.83134448313343,13.35121519780529
2021-05-28 04:00:00,15.463729406405106,16.2383621189747,15.463729406405106,16.205440521240234,644536000,0.0,0.0,15.01815061569214,14.470496082305909,15.24604567546055,14.539367555156623,73.90225195253363,0.31262330410551975,0.12875498154677498,14.652881526947022,16.08101684792686,13.224746205967184
2021-06-01 04:00:00,16.230877046647862,16.34884259201486,15.865008231063197,16.22538948059082,472804000,0.0,0.0,15.227545833587646,14.53870662689209,15.424108185484235,14.605486062036396,73.77233378492767,0.37501974312777264,0.17800793386297453,14.72409725189209,16.31600747324642,13.132187030537763
2021-06-02 04:00:00,16.213173074788646,16.87807060542616,16.196463014308506,16.73790740966797,594168000,0.0,0.0,15.503131675720216,14.610373916625976,15.662980771699457,14.689110428610183,86.96369540414827,0.46051673393338,0.23450969387705564,14.845155477523804,16.659353176222425,13.030957778825183
2021-06-03 04:00:00,16.660591375197946,17.217499421718536,16.543124351882874,16.928943634033203,580008000,0.0,0.0,15.792833518981933,14.688166370391846,15.89315583757832,14.776947024901283,89.49913007150714,0.5374928587710883,0.2951063268558622,14.970415925979614,16.99575603300204,12.945075818957191
2021-06-04 04:00:00,17.07134857602017,17.61852965145424,17.054391161027514,17.535980224609375,617120000,0.0,0.0,16.08869524002075,14.786633968353271,16.191851180674874,14.885144405281993,89.57576249814534,0.6401010850714233,0.3641052784989744,15.122810983657837,17.433859884958757,12.811762082356918
2021-06-07 04:00:00,17.529003506579848,17.769672544203313,17.151413567669685,17.576637268066406,575756000,0.0,0.0,16.3507887840271,14.8880645942688,16.443630469291517,14.99069314499903,91.3394727302022,0.7164408432170184,0.4345723914425832,15.26281123161316,17.81248286106531,12.713139602161009
2021-06-08 04:00:00,17.48510635484942,17.579129458545538,17.209519755427653,17.41502571105957,323848000,0.0,0.0,16.53484516143799,14.9801975440979,16.620247785976616,15.085765010334738,91.07232383420812,0.7551945370089808,0.49869682055586273,15.42199010848999,18.095071509842832,12.748908707137147
2021-06-09 04:00:00,17.477638864993665,17.536759822813195,17.2182043631533,17.320480346679688,381656000,0.004,0.0,16.70588092803955,15.06826488494873,16.747562797013536,15.173400905877678,88.92837080427506,0.769408831715868,0.5528392227878638,15.574421548843384,18.318111704107544,12.830731393579224
2021-06-10 04:00:00,17.312251191139808,17.45394243316994,17.13862998406596,17.387086868286133,287772000,0.0,0.0,16.878364753723144,15.159190635681153,16.86383990088128,15.260212120089774,87.51277393778007,0.7770905363384042,0.597689485497972,15.75750503540039,18.47019515130032,13.04481491950046
2021-06-11 04:00:00,17.441464330727953,17.900215038934032,17.405792686268036,17.786462783813477,416308000,0.0,0.0,17.111935424804688,15.248596878051758,17.031589515959862,15.359280773569136,87.58252722208154,0.8061122806706287,0.6393740445325033,15.965208578109742,18.628467958631983,13.3019491975875
2021-06-14 04:00:00,17.867036117076452,18.00024476423905,17.62431554331677,17.97953987121582,321376000,0.0,0.0,17.289345359802248,15.332616863250733,17.203944126006398,15.462036032300379,86.00009878266073,0.835065810630585,0.6785123977521197,16.15374798774719,18.82732089959412,13.480175075900263
2021-06-15 04:00:00,17.876019837230267,17.977049223816707,17.689426454672287,17.749794006347656,243032000,0.0,0.0,17.44178581237793,15.408535423278808,17.303189558795715,15.551752031282625,80.26869917909465,0.8299064752464176,0.7087912132509793,16.33466582298279,18.920292476794035,13.749039169171542
2021-06-16 04:00:00,17.752041326978315,17.91568405366824,17.546238944523466,17.77149772644043,307124000,0.0,0.0,17.545144844055176,15.487402000427245,17.38833649836748,15.638800882073127,80.09739125133497,0.8181379881551507,0.7306605682318136,16.524138259887696,18.93322821811704,14.11504830165835
2021-06-17 04:00:00,17.735822828314493,18.794014388089117,17.71761302727975,18.61665153503418,809656000,0.0,0.0,17.713915634155274,15.577545223236084,17.61166650503415,15.755579339051993,88.25669660040556,0.8670138307132902,0.7579312207281089,16.753374576568604,19.0329933640733,14.473755789063908
2021-06-18 04:00:00,18.743126471161645,19.33284006116205,18.543560909250996,18.59819221496582,968856000,0.0,0.0,17.82013683319092,15.663857555389404,17.791034815930818,15.867054353793712,85.17225697884827,0.8939538319062272,0.7851357429637327,16.954416036605835,19.132977418707604,14.775854654504066
2021-06-21 04:00:00,18.39513754770597,18.496168844635832,17.7839709986262,18.387155532836914,672384000,0.0,0.0,17.90118865966797,15.744293193817139,17.899420400822834,15.965881851011092,80.0866773062184,0.8880383273501664,0.8057162598410195,17.125988721847534,19.17862534741747,15.073352096277599
2021-06-22 04:00:00,18.4313082043333,18.922487557643105,18.345993528433798,18.845653533935547,580144000,0.0,0.0,18.044251441955566,15.817757682800293,18.071462788661506,16.078814073870877,79.78267759657096,0.9098589170038522,0.826544791273586,17.289548301696776,19.342952831917383,15.23614377147617
2021-06-23 04:00:00,18.966391501844345,19.11107646002805,18.86660870643495,19.015783309936523,332356000,0.0,0.0,18.21378173828125,15.885237407684325,18.243157428893326,16.193989338030313,79.66251955396623,0.930157664054498,0.8472673658297685,17.459831333160402,19.491565047243412,15.42809761907739
2021-06-24 04:00:00,19.185914262097178,19.377745256411643,19.046716223591257,19.163711547851562,320924000,0.0,0.0,18.391444206237793,15.96370626449585,18.41053090506755,16.310449032533107,76.60970970658852,0.947261696659428,0.8672662319957004,17.63490447998047,19.61728029879499,15.652528661165949
2021-06-25 04:00:00,19.23854899882005,19.303408101680237,18.85338919538303,18.989591598510742,278364000,0.0,0.0,18.51175708770752,16.021529216766357,18.515814667511766,16.41551344688517,72.1328000870021,0.9359773764263082,0.881008460881822,17.811846256256104,19.595108851371492,16.028583661140715
2021-06-28 04:00:00,19.31911966222412,20.03505906064387,19.276961918357816,19.941513061523438,495436000,0.0,0.0,18.70795440673828,16.102874755859375,18.775032557332068,16.553787941576868,81.72144570095978,0.9924067308267155,0.9032881148708007,17.998649883270264,19.854630285818605,16.142669480721924
2021-06-29 04:00:00,19.8392344895817,20.05501338705074,19.61422508105023,19.983171463012695,367632000,0.0,0.0,18.931292152404787,16.196041927337646,18.994694176546727,16.688273569868468,83.88152290251415,1.0286314623894057,0.9283567843745217,18.186538982391358,20.04749389476343,16.325584070019286
2021-06-30 04:00:00,19.955735602570954,20.118630369175122,19.82053047213134,19.9589786529541,326568000,0.0,0.0,19.150040245056154,16.29252613067627,19.170018626802612,16.8165365143032,83.08324026403548,1.0433604556900917,0.9513575186376357,18.347592544555663,20.2379682570038,16.457216832107527
2021-07-01 04:00:00,20.081213458094243,20.411492667615445,19.975443187036205,20.16802406311035,480136000,0.0,0.0,19.30517749786377,16.38941530227661,19.351474160676744,16.947967398570146,82.21224691969537,1.0596861047479358,0.9730232358596957,18.509546566009522,20.442694839171295,16.57639829284775
2021-07-02 04:00:00,20.395771664916364,20.460630755436554,20.243603358233322,20.442419052124023,342764000,0.0,0.0,19.48960018157959,16.501972789764405,19.54982777730352,17.085004718317357,82.59511277018751,1.0822897194610377,0.9948765325799642,18.654868507385252,20.71281029788737,16.596926716883136
2021-07-06 04:00:00,20.692378064925016,20.79665050849105,20.305971658098485,20.65346336364746,446708000,0.0,0.0,19.716230964660646,16.61047113418579,19.750488793002418,17.224944273036186,88.61994907021948,1.1045007618852942,1.0168013784410304,18.808709812164306,20.98394346277768,16.63347616155093
2021-07-07 04:00:00,20.80812339320522,20.829576244042507,20.28775853652261,20.327421188354492,418428000,0.0,0.0,19.86440773010254,16.708203868865965,19.85538559215734,17.346610034421218,81.4488080318797,1.0833066100645716,1.0301024247657387,18.954329586029054,21.126659080994145,16.782000091063964
2021-07-08 04:00:00,19.813293005932845,20.089190140861685,19.657881642886462,19.85944175720215,503300000,0.0,0.0,19.9487735748291,16.79849742889404,19.85612307671094,17.445152454922432,66.85618819078604,1.0170244383744809,1.027486827487487,19.081277656555176,21.145650724026503,17.01690458908385
2021-07-09 04:00:00,19.919059966931105,20.036553903025013,19.711263086319768,20.00661849975586,296624000,0.0,0.0,20.03306427001953,16.893829441070558,19.883485880900924,17.54560210373943,68.45824540669227,0.9652445347369643,1.0150383689373825,19.21225423812866,21.152717976446777,17.271790499810546
2021-07-12 04:00:00,20.195956968157407,20.488069342209744,20.143820756965503,20.467864990234375,321984000,0.0,0.0,20.180891609191896,16.997428760528564,19.98973662805246,17.66020064830786,75.59060142280131,0.950470888281501,1.0021248728062062,19.346324348449706,21.242016357560498,17.450632339338913
2021-07-13 04:00:00,20.356104449346017,20.416723206409333,20.070228895643886,20.2059326171875,290708000,0.0,0.0,20.2073335647583,17.102079277038573,20.029044989713373,17.760033274538436,67.58005927906716,0.9071696268179963,0.9831338236085643,19.45764398574829,21.275266160267286,17.640021811229296
2021-07-14 04:00:00,20.313453800297573,20.37332271425502,19.709770667963955,19.79832649230957,380100000,0.0,0.0,20.18884906768799,17.202024307250976,19.98709617200359,17.83996634190201,59.52859381720655,0.8303904333527043,0.9525851455573924,19.560070610046388,21.194071383416432,17.926069836676344
2021-07-15 04:00:00,19.76864135557301,19.803814364622088,18.817464681338382,18.92498016357422,550564000,0.0,0.0,20.08544921875,17.294189052581785,19.793984170470974,17.882515903536213,47.5295337213002,0.6911040027516862,0.9002889169962511,19.617744731903077,21.055588426915772,18.17990103689038
2021-07-16 04:00:00,18.989088021526594,19.11531192190725,18.03367118647198,18.121479034423828,688224000,0.0,0.0,19.880794715881347,17.368143939971922,19.48989232755331,17.891887006708277,42.05183531754694,0.5100036721462793,0.8222318680262568,19.59298610687256,21.117832086462126,18.06814012728299
2021-07-19 04:00:00,17.876266995353383,19.000564215741964,17.826623972951662,18.7388858795166,749060000,0.0,0.0,19.710441398620606,17.45316007614136,19.353345700637544,17.92510264877919,38.27065322172289,0.411555769176271,0.7400966482562596,19.600020790100096,21.106733494012126,18.093308086188067
2021-07-20 04:00:00,18.68924596628745,18.797010777094258,18.12447750978591,18.571502685546875,434687000,0.0,4.0,19.502245330810545,17.529057483673096,19.211192425166512,17.950451669828904,36.56141862072246,0.31638162152781035,0.6553536429105699,19.609238147735596,21.08668104773468,18.131795247736513
2021-07-21 04:00:00,18.840916284602333,19.48451334253563,18.701221507326366,19.367767333984375,371017000,0.0,0.0,19.406279945373534,17.631783866882323,19.23966059040612,18.006032676266376,45.093169078408934,0.3017291801227131,0.5846287503529985,19.635343837738038,21.0739173112326,18.196770364243477
2021-07-22 04:00:00,19.599258877493273,19.84372468760556,19.23405417291992,19.551362991333008,323826000,0.0,0.0,19.37547206878662,17.73737409591675,19.29633375421101,18.06663386509252,44.8602329546141,0.3014566453616574,0.5279943293547303,19.662122821807863,21.07178497160774,18.252460672007984
2021-07-23 04:00:00,19.613228217905828,19.657133097118134,19.20811154644152,19.51544189453125,195672000,0.0,0.0,19.32635440826416,17.85317459106445,19.336171597905597,18.12344986624698,41.953947061271805,0.2949422170106999,0.48138390688592425,19.679709339141844,21.071857684483536,18.287560993800152
2021-07-26 04:00:00,19.26897927272138,19.399692825674848,18.872841897721102,19.252016067504883,203943000,0.0,0.0,19.20476951599121,17.965567073822022,19.320870592378192,18.167707364335524,37.94521977322454,0.26546312920074655,0.4381997513488887,19.692830562591553,21.062354608375117,18.32330651680799
2021-07-27 04:00:00,19.223077718380413,19.579301217433812,18.70021780298516,19.166202545166016,248863000,0.0,0.0,19.100796508789063,18.064716091156004,19.292749129248705,18.20686403809358,39.58099660910439,0.23249623378756112,0.3970590478366232,19.65406503677368,21.037768708695406,18.270361364851954
2021-07-28 04:00:00,19.276962120891056,19.603250234288385,18.953667738331994,19.460561752319336,202191000,0.0,0.0,19.06702003479004,18.171298580169676,19.323260515261545,18.25602865433773,46.30596830376384,0.2274995859998583,0.36314715546927023,19.627934551239015,21.005193211449534,18.250675891028497
2021-07-29 04:00:00,19.476528421766428,19.80980322113724,19.28594402692313,19.619218826293945,190781000,0.0,0.0,19.136443901062012,18.284041976928712,19.377071117267434,18.30948709245366,46.41990045261311,0.23364865034649895,0.337247454444716,19.610946559906004,20.979365598599813,18.242527521212196
2021-07-30 04:00:00,19.375746552479082,19.5872851431943,19.221085043730636,19.456571578979492,183497000,0.0,0.0,19.269953155517577,18.39253490447998,19.391525746669625,18.354470797807615,40.10836215391516,0.22282892148363587,0.3143637478525,19.575373935699464,20.91959342899459,18.231154442404335
2021-08-02 04:00:00,19.657131280325267,19.917562994368257,19.31886828319933,19.707021713256836,217444000,0.0,0.0,19.366766738891602,18.495128078460695,19.448888649685482,18.407512010178174,45.10907916667758,0.2317914930977203,0.29784929690154405,19.538604068756104,20.821809115369252,18.255399022142957
2021-08-03 04:00:00,19.69704544989545,20.177996966088518,19.1781765152806,19.771883010864258,301811000,0.0,0.0,19.48680477142334,18.59145170211792,19.50761489717253,18.461016755303117,49.722094156039404,0.24134607302504207,0.28654865212624364,19.494525051116945,20.672754836752887,18.316295265481003
2021-08-04 04:00:00,19.946500792603732,20.273788072592087,19.784852655892557,20.229883193969727,231309000,0.0,0.0,19.573016357421874,18.6845601272583,19.63893640568111,18.530384066623377,65.02552700090354,0.28261709956312586,0.2857623416136201,19.489648151397706,20.65408890008135,18.32520740271406
2021-08-05 04:00:00,20.45539149725626,20.687884285609538,20.297734365144763,20.592092514038086,211435000,0.0,0.0,19.677089309692384,18.784199523925782,19.812237516291468,18.6112353782867,81.66645071861807,0.34062543250225374,0.29673495979134684,19.526280689239503,20.78220795221254,18.270353426266464
2021-08-06 04:00:00,20.47934295014833,20.525242388893872,20.166025087132084,20.321685791015625,178497000,0.0,0.0,19.75771369934082,18.87738826751709,19.90486447533222,18.678311865060383,72.26789644488834,0.36062087860944203,0.30951214355496587,19.54203405380249,20.830804142378884,18.253263965226093
2021-08-09 04:00:00,20.401507815113106,20.463373174637802,20.09916765795031,20.250837326049805,146443000,0.0,0.0,19.85759582519531,18.973389892578126,19.967768630008145,18.739979530197225,74.28566700042202,0.36652545737296194,0.3209148063185651,19.53118267059326,20.790446760305713,18.271918580880808
2021-08-10 04:00:00,20.277777886663465,20.385542670400767,19.79183622926522,19.89261817932129,179238000,0.0,0.0,19.93023738861084,19.047133445739746,19.954104911701442,18.78518104584915,58.69126738818844,0.33839873720794245,0.3244115924964406,19.51551694869995,20.746924663983016,18.284109233416885
2021-08-11 04:00:00,19.99939077991598,20.00537824310639,19.387725547926532,19.656139373779297,185925000,0.0,0.0,19.949795150756835,19.115748443603515,19.89992935935196,18.819336274395432,51.70517932738959,0.2936413310843271,0.3182575402140179,19.508407592773438,20.734571154939538,18.282244030607337
2021-08-12 04:00:00,19.82676492402208,19.98541744234433,19.577308908840717,19.8616886138916,151652000,0.0,0.0,19.9740421295166,19.17822406768799,19.892976496540985,18.860212836728618,55.34013883602018,0.27162573767923703,0.30893117970706174,19.555243015289307,20.758927264349474,18.35155876622914
2021-08-13 04:00:00,19.861688332999737,20.170015978629,19.80780498184974,20.144071578979492,183063000,0.0,0.0,20.042792129516602,19.242526626586915,19.93863014789344,18.910560238385514,63.67812676572054,0.2738078798027246,0.3019065197261943,19.65637264251709,20.67912031514313,18.633624969891052
2021-08-16 04:00:00,20.09119026473914,20.24285996771448,19.410673056683407,19.906593322753906,210876000,0.0,0.0,20.062749290466307,19.289938888549806,19.932805270595342,18.94962035934114,60.84806372606556,0.2534530831942696,0.2922158324198094,19.714758014678956,20.646221176504636,18.783294852853277
2021-08-17 04:00:00,19.642166205524603,19.726982240794342,19.225076476781545,19.415660858154297,204585000,0.0,0.0,20.027127075195313,19.32671936035156,19.838779013787878,18.96789645733381,49.37795255200376,0.19545453502079013,0.27286357294000557,19.756965923309327,20.534005977030752,18.979925869587902
2021-08-18 04:00:00,19.457567605688546,19.591276795483786,18.958655615799096,18.99856948852539,285913000,0.0,0.0,19.903995704650878,19.358390235900877,19.686013645558333,18.96909932130211,41.976206691972685,0.1145144289313329,0.24119374413827105,19.738506031036376,20.57010343768925,18.9069086243835
2021-08-19 04:00:00,19.451583472432365,20.45040680217333,18.72117584406825,19.75492286682129,766555000,0.0,0.0,19.8202787399292,19.40707908630371,19.69854259487887,18.999915930930314,53.3437994070935,0.11013069019047705,0.21498113334871227,19.748684024810792,20.57560702588651,18.921761023735076
2021-08-20 04:00:00,19.947502375577354,20.819601255693943,19.88962991307706,20.770708084106445,675741000,0.0,0.0,19.86518096923828,19.474751510620116,19.89348177473843,19.069358760466635,60.17570710908015,0.1864723858300401,0.20927938384497785,19.81144733428955,20.747216588598327,18.875678079980773
2021-08-23 04:00:00,20.925369230517806,21.949135797020332,20.90441501641272,21.910221099853516,575807000,0.0,0.0,20.031119346618652,19.557226676940918,20.26016165203208,19.1807651267171,66.96757453606884,0.33506053739265695,0.2344356145545137,19.94435758590698,21.233828284276846,18.654886887537117
2021-08-24 04:00:00,21.705666793578075,21.911217923393153,21.488140739836844,21.74557876586914,297299000,0.0,0.0,20.216415405273438,19.632547454833983,20.530237490911546,19.281346053742674,62.61420727554991,0.4345235407504511,0.2744531997937012,20.07332639694214,21.53901848254905,18.60763431133523
2021-08-25 04:00:00,21.68970113640181,22.42110597550805,21.674734384503616,22.16466522216797,347701000,0.0,0.0,20.467267990112305,19.72084487915039,20.827406169321804,19.39441739368092,62.96482198708363,0.540929958234095,0.32774855148177995,20.20853157043457,21.915286689305702,18.501776451563437
2021-08-26 04:00:00,22.151696043936546,22.29139081056944,21.74258831034155,22.019983291625977,237940000,0.0,0.0,20.683097457885744,19.8058145904541,21.04423837337711,19.497380762227788,64.29773692268117,0.6065907870656879,0.3835169985985616,20.32856979370117,22.19137448425258,18.46576510314976
2021-08-27 04:00:00,22.135728184168347,22.67255761615726,22.118764977811992,22.58674430847168,304722000,0.0,0.0,20.92736473083496,19.88521644592285,21.324693997939757,19.618532273845197,68.15014064384947,0.6963334459035977,0.44608028805956884,20.485078430175783,22.553984494222036,18.41617236612953
2021-08-30 04:00:00,22.780324953300276,22.992860839610426,22.501932689226567,22.638633728027344,262580000,0.0,0.0,21.200568771362306,19.966025276184084,21.563592130682952,19.736967624989596,72.40319124601444,0.7628485488790062,0.5094339402234563,20.631659030914307,22.876394586769827,18.386923475058786
2021-08-31 04:00:00,22.64961235242441,22.64961235242441,22.075763427227468,22.340232849121094,259850000,0.004,0.0,21.493025970458984,20.045086822509766,21.70479953403534,19.83905645730848,71.67896525481956,0.7824640318230109,0.5640399585433673,20.76007652282715,23.089958733208945,18.43019431244535
2021-09-01 04:00:00,22.440026966596335,22.651602825654788,22.312282728451557,22.396114349365234,201767000,0.0,0.0,21.83278045654297,20.11609603881836,21.830493136822593,19.93933323738914,70.97728849275424,0.7933731021624588,0.6099065872671856,20.868388080596922,23.293934344655597,18.442841816538248
2021-09-02 04:00:00,22.47296155557909,22.547812310017605,22.25040800270962,22.351205825805664,187834000,0.0,0.0,22.092408752441408,20.18280448913574,21.92516817118315,20.033916476150573,69.015853254525,0.7892963593562747,0.6457845416850034,20.956343746185304,23.46583058695141,18.4468569054192
2021-09-03 04:00:00,22.28035378497828,22.94003117399959,22.155603768049026,22.797317504882812,280532000,0.0,0.0,22.295069694519043,20.255476608276368,22.08374077731036,20.142285143943994,74.04112891968376,0.8126947562367164,0.6791665845953461,21.080125331878662,23.699614876765487,18.460635786991837
2021-09-07 04:00:00,22.787337699524954,22.853205694462137,22.476958829297306,22.616680145263672,198107000,0.0,0.0,22.36571559906006,20.328018379211425,22.18063884421096,20.239320242034964,78.07052756513443,0.8073555369997898,0.7048043750762348,21.198417472839356,23.873315109664002,18.52351983601471
2021-09-08 04:00:00,22.46797667861848,22.564782809886207,21.933047423413097,22.29432487487793,254434000,0.0,0.0,22.420590209960938,20.375074615478514,22.201309031604954,20.319908659009197,79.38960848552924,0.7682568047805454,0.717494861017097,21.318502807617186,23.962029518258205,18.674976096976167
2021-09-09 04:00:00,22.267378711187355,22.492926568361707,22.086740935069592,22.132648468017578,196856000,0.0,0.0,22.4173885345459,20.418064155578612,22.188825292770883,20.390996494656587,73.71876076189969,0.7159715683944938,0.7171902024925764,21.442328262329102,23.988195298481276,18.89646122617693
2021-09-10 04:00:00,22.303305265123626,22.580749164339206,22.225462142459637,22.433046340942383,248376000,0.0,0.0,22.458694839477538,20.46754550933838,22.233229119711154,20.471076880785443,69.34326333563561,0.6908114947823911,0.7119144609505393,21.57089614868164,24.039193736832765,19.102598560530517
2021-09-13 04:00:00,22.638632124604968,22.91807281122728,21.814283907426397,22.107696533203125,297500000,0.0,0.0,22.410790061950685,20.506338958740233,22.21040501307333,20.53525804362535,52.835025575307505,0.6372728599129971,0.6969861407430309,21.669077396392822,24.05318604918528,19.284968743600366
2021-09-14 04:00:00,22.230450436849587,22.365180670228554,22.041829252239435,22.19751739501953,199755000,0.0,0.0,22.3666784286499,20.541440925598145,22.20806180979082,20.600444684856495,56.63063480550183,0.5952294641925526,0.6766348054329353,21.783623600006102,24.02718087369789,19.540066326314314
2021-09-15 04:00:00,22.26438246471781,22.32226702933247,21.922068046643588,22.29631805419922,166538000,0.0,0.0,22.362286949157713,20.57429801940918,22.224108399683256,20.666949522869935,52.13191008320825,0.5633877740989313,0.6539853991661345,21.92765645980835,23.88241086107822,19.97290205853848
2021-09-16 04:00:00,22.13863537762579,22.23244724402141,21.883146850468606,22.19751739501953,156033000,0.0,0.0,22.342427253723145,20.61169994354248,22.21927367156258,20.726971792365998,52.91824865576648,0.5241386734460178,0.6280160540221112,22.087603855133057,23.474130656186606,20.70107705407951
2021-09-17 04:00:00,22.255400819525846,22.276358729644986,21.78634147147786,21.856201171875,294503000,0.0,0.0,22.292926788330078,20.65163513183594,22.1532604898012,20.77125529744478,37.030307257935085,0.46018735828538837,0.5944503148747667,22.192667770385743,23.053884387248488,21.331451153523
2021-09-20 04:00:00,21.103703297094317,21.390129889320665,20.62067214883055,21.070770263671875,349440000,0.0,0.0,22.120272064208983,20.672918167114258,21.956444085050414,20.783000982394864,27.91672308297389,0.34218329409164383,0.5439969107181422,22.207670879364013,22.969279922750644,21.446061835977382
2021-09-21 04:00:00,21.374167828404968,21.38215125048183,20.908102728704673,21.203510284423828,204688000,0.0,0.0,21.978955078125,20.687631072998048,21.819547030391032,20.799491543258746,33.2055841425681,0.2564193902495049,0.48648140662441475,22.17233533859253,23.048946001900145,21.295724675284912
2021-09-22 04:00:00,21.32327057775638,21.916082533958143,21.153610474925514,21.89712142944336,268726000,0.0,0.0,21.939234733581543,20.721454849243162,21.833651466582364,20.84253585252089,43.79664090628,0.24163409379070444,0.4375119440576727,22.17991247177124,23.043514838342354,21.316310105200124
2021-09-23 04:00:00,22.095719552405832,22.48993001213596,21.846219550581797,22.437036514282227,248555000,0.0,0.0,21.969673538208006,20.774229049682617,21.94335783889143,20.905065290237022,50.95009268681989,0.2703666563951366,0.4040828865251655,22.193531036376953,23.064678369909927,21.32238370284398
2021-09-24 04:00:00,22.025862757110538,22.104705240146348,21.817281093595433,22.036840438842773,217655000,0.0,0.0,21.930052947998046,20.83646625518799,21.96035467524622,20.949448629398034,41.49553968509251,0.25787234864110076,0.37484077894835255,22.194373893737794,23.064846588059016,21.32390119941657
2021-09-27 04:00:00,21.666579384536945,21.755402086260048,21.282351054358035,21.616680145263672,245215000,0.0,0.0,21.8809513092041,20.906370277404786,21.897868397067572,20.975614571196687,39.38557620047163,0.211627584404237,0.3421981400395295,22.145870685577393,23.032247958292764,21.25949341286202
2021-09-28 04:00:00,21.171569717468966,21.376159612501304,20.60969416721105,20.6575984954834,343069000,0.0,0.0,21.726959419250488,20.944744529724122,21.67236477859772,20.963143352541262,34.69576147734065,0.0964762832743169,0.29305376868648697,22.046818923950195,23.123638886100807,20.969998961799583
2021-09-29 04:00:00,20.898117873834778,20.974963529034678,20.426062456758544,20.475963592529297,218394000,0.0,0.0,21.544923973083495,20.98283374786377,21.454837290221644,20.944038263913342,34.566742999614775,-0.00933081138818892,0.23257685267155181,21.953605461120606,23.228095294610174,20.679115627631038
2021-09-30 04:00:00,20.726468047663346,21.023872445791046,20.646628106863602,20.674571990966797,221009000,0.0,0.0,21.392629432678223,21.008969841003417,21.312970872175306,20.93347095909191,33.301818684998764,-0.07627836873971816,0.17080580838929782,21.867528343200682,23.244593696649968,20.490462989751396
2021-10-01 04:00:00,20.708499168075278,20.817280417519896,20.162592306766307,20.700515747070312,240978000,0.0,0.0,21.277060890197752,21.031952896118163,21.201615394883486,20.924335460581258,35.832021711092835,-0.12579130214659529,0.11148638628211921,21.784993839263915,23.235888539420774,20.334099139107057
2021-10-04 04:00:00,20.462990723640694,20.500914828409346,19.515889363226243,19.692535400390625,345635000,0.0,0.0,21.13923740386963,21.035494766235352,20.9272372140666,20.8760295758679,28.714409538201622,-0.24355865595097015,0.04047737783550134,21.629754734039306,23.275853971030017,19.983655497048595
2021-10-05 04:00:00,19.910099697137067,20.606703614215917,19.814291032214488,20.410097122192383,279282000,0.0,0.0,21.059896087646486,21.0586563873291,20.833211742816744,20.85775771493945,35.49725980990985,-0.27580953760895,-0.02278000525338893,21.51942558288574,23.182706760275597,19.856144405495886
2021-10-06 04:00:00,20.079759955095664,20.678558405952703,20.03983904315381,20.658599853515625,297202000,0.0,0.0,20.93604393005371,21.088504333496093,20.801464126580175,20.84994760272675,38.43385832596027,-0.2781106140433032,-0.07384612701137178,21.43763933181763,23.101349042888017,19.77392962074724
2021-10-07 04:00:00,21.04981455953654,21.279356000810225,20.93005562833921,21.03285026550293,256919000,0.0,0.0,20.795625305175783,21.119950103759766,20.84353433365704,20.857120256168955,43.84237198051232,-0.24688936625877034,-0.10845477486085149,21.382649421691895,23.022161942140766,19.743136901243023
2021-10-08 04:00:00,21.058797612232954,21.16358715428881,20.733449402440005,20.789337158203125,151258000,0.0,0.0,20.670874977111815,21.14335247039795,20.833680301756328,20.854462095464413,47.70957955560081,-0.23904026767931796,-0.1345718734245448,21.300463962554932,22.882042318603762,19.718885606506102
2021-10-11 04:00:00,20.53385318866345,21.020876210710632,20.469980099905914,20.65361213684082,163388000,0.0,0.0,20.57456817626953,21.167293281555175,20.800940635408054,20.846585626498783,45.52687197083875,-0.24099365063680622,-0.1558562288669971,21.227759742736815,22.786617472125617,19.668902013348013
2021-10-12 04:00:00,20.786345257684726,21.014887372593435,20.486945988261173,20.62965965270996,162134000,0.0,0.0,20.571774291992188,21.185746040344238,20.769798638553855,20.83807872556589,38.429288266675115,-0.24168845196565414,-0.1730226734867285,21.149366855621338,22.6598260166073,19.638907694635375
2021-10-13 04:00:00,20.876165425996223,20.94802193595349,20.671575480999074,20.897123336791992,180652000,0.0,0.0,20.61389026641846,21.208250846862793,20.79294858368806,20.840394200515934,35.206157080158434,-0.21814239328552176,-0.18204661744648717,21.079407119750975,22.492675456754668,19.666138782747282
2021-10-14 04:00:00,21.245422863057826,21.711487891625207,21.07975450727623,21.70250701904297,243589000,0.0,0.0,20.716683769226073,21.237703323364258,20.958322844661676,20.874202546340523,47.020074930358426,-0.13296154196584808,-0.17222960235035936,21.05465660095215,22.401241853164652,19.708071348739647
2021-10-15 04:00:00,21.766379406120517,21.88713769511986,21.618676594338883,21.818275451660156,226994000,0.0,0.0,20.82845973968506,21.2622269821167,21.114677864115944,20.911225013215805,51.89991738395466,-0.05547408785173147,-0.1488784994506338,21.052760314941406,22.394691710080124,19.710828919802687
2021-10-18 04:00:00,21.705501532705583,22.246417324659074,21.600710090922558,22.177555084228516,189494000,0.0,0.0,21.076961708068847,21.299344367980957,21.307928267772773,20.960885016000617,66.15061654032937,0.03452812281693696,-0.11219717499711966,21.10809955596924,22.541336206777228,19.674862905161252
2021-10-19 04:00:00,22.231450425900317,22.33424508099989,21.992929973646753,22.245424270629883,161473000,0.0,0.0,21.260494422912597,21.33923610687256,21.478382086474063,21.01125910441745,69.26760396057699,0.11006325860569532,-0.06774508827655666,21.16019525527954,22.681096630920955,19.639293879638124
2021-10-20 04:00:00,22.26039353049658,22.388137807889635,21.938039529466504,22.05879783630371,146276000,0.0,0.0,21.400514221191408,21.38255970001221,21.583912222806724,21.0523390546875,65.11222770803096,0.1531013473417424,-0.02357580115289685,21.168279075622557,22.70728348196087,19.629274669284243
2021-10-21 04:00:00,22.052806653024465,22.665578987578353,22.038834713601,22.646615982055664,187590000,0.0,0.0,21.56189079284668,21.442369232177736,21.77713108812471,21.114859718505862,68.92469532360263,0.23196737894886965,0.02753283486745645,21.17875804901123,22.756503113206456,19.601012984816002
2021-10-22 04:00:00,22.777351920065165,23.083737100831723,22.515876811429035,22.680545806884766,249384000,0.0,0.0,21.751011657714844,21.498746376037598,21.941388309717446,21.176259172952093,85.84771213054553,0.2938201546508026,0.08079029882412568,21.21094331741333,22.88567319778408,19.536213437042584
2021-10-25 04:00:00,22.927052272285216,23.308288220189993,22.724459167024005,23.119667053222656,230235000,0.0,0.0,21.997617149353026,21.55825828552246,22.155620808536575,21.252471246688195,84.83450486816739,0.37396154381573155,0.13942454782244687,21.286092662811278,23.160467015235632,19.411718310386924
2021-10-26 04:00:00,23.941021675586263,25.208482098329455,23.876151144342302,24.667564392089844,485898000,0.0,0.0,22.401407623291014,21.65347770690918,22.612337823728076,21.386396468076494,88.63244030114105,0.5559677014606699,0.22273317855009148,21.486590957641603,23.867366199573134,19.105815715710072
2021-10-27 04:00:00,24.425054326417126,25.039821584949518,24.23343697536575,24.402099609375,245990000,0.0,0.0,22.751905250549317,21.753206481933592,22.937749057482062,21.50465933636271,83.16312373628807,0.6710526263338892,0.31239706810685103,21.682897758483886,24.343785101612394,19.02201041535538
2021-10-28 04:00:00,24.828245274832042,24.900101780305313,24.47395571718295,24.8911190032959,234204000,0.0,0.0,23.07076644897461,21.871057472229005,23.292907229448215,21.637461676242445,88.51207431515962,0.7925816487401143,0.4084339842335037,21.89372510910034,24.867948622725976,18.919501595474706
2021-10-29 04:00:00,24.950995478481122,25.65757960533871,24.94999802677778,25.5158634185791,292503000,0.0,0.0,23.440525245666503,21.98627628326416,23.697081082017466,21.78955586221643,91.81259078568739,0.9286015866167006,0.5124675047101431,22.134492492675783,25.460792313299912,18.808192672051653
2021-11-01 04:00:00,25.597699462588817,25.842208370772433,25.176542623852935,25.77534294128418,265740000,0.0,0.0,23.80030403137207,22.086368980407716,24.074946874611413,21.945861237866147,92.52725204547977,1.0452867809338962,0.6190313599548938,22.438632869720458,25.932925811642583,18.94433992779833
2021-11-02 04:00:00,25.770362946034535,26.624650154570613,25.74840567659791,26.348203659057617,294112000,0.0,0.0,24.210581970214843,22.175128631591797,24.488266289965267,22.118502117128557,92.88634893042833,1.1704929957804744,0.72932368712001,22.73553819656372,26.502559246189097,18.968517146938343
2021-11-03 04:00:00,26.61666012204164,26.730432442031542,26.18253065428249,26.544803619384766,239910000,0.0,0.0,24.65918254852295,22.27111312866211,24.86218216804154,22.29208256819743,92.13272659079065,1.270933269252975,0.837645603546603,23.02984838485718,27.026401807535628,19.03329496217873
2021-11-04 04:00:00,27.174543161407875,31.302271004149627,27.063765096132737,29.74139976501465,1153631000,0.0,0.0,25.368660926818848,22.422647819519042,25.749312640218466,22.584212654347123,94.87849204773241,1.5901413439126948,0.9881447516198214,23.465275859832765,28.345613751651978,18.584937968013552
2021-11-05 04:00:00,30.12662479171835,31.33719807733602,29.351178403482844,29.692495346069336,851260000,0.0,0.0,26.069855880737304,22.57609806060791,26.46625495037317,22.86296883833623,94.11765101084468,1.8182106642127067,1.1541579341383985,23.910433769226074,29.354665260418376,18.466202278033773
2021-11-08 05:00:00,30.088700927961273,31.037799102057534,29.847184359236596,30.74239158630371,503101000,0.0,0.0,26.83212833404541,22.739211006164552,27.243734338724177,23.17196580884476,94.7257835544427,2.059929510800213,1.3353122494707614,24.41487274169922,30.428330551543432,18.401414931855008
2021-11-09 05:00:00,32.21743587356041,32.245379750330166,29.904071197928545,30.595684051513672,646746000,0.0,0.0,27.424940299987792,22.898352012634277,27.853179741049537,23.46309201443962,95.12554390664255,2.214132228162729,1.511076245209155,24.913173961639405,31.2489780463428,18.57736987693601
2021-11-10 05:00:00,29.297288898468018,30.788300380706787,28.72044387817383,29.400081634521484,636206000,0.0,0.0,27.924738502502443,23.039548988342286,28.134434630771707,23.695915136795772,83.5431794562815,2.214338355474009,1.651728667262126,25.338321876525878,31.680579925380975,18.99606382767078
2021-11-11 05:00:00,30.40707057623851,30.52882634204404,29.717452451645762,30.329225540161133,332172000,0.0,0.0,28.468549156188963,23.198211212158203,28.533487523387965,23.956044956535592,84.88712457142658,2.2633849678575295,1.7740599273812068,25.769657802581786,32.242826433353514,19.296489171810062
2021-11-12 05:00:00,29.94998630082479,30.618646512537918,29.570745157954125,30.329225540161133,413054000,0.0,0.0,28.949885368347168,23.35777160644531,28.85998534461945,24.20597360687385,84.25646438243413,2.2760182400342757,1.8744515899118206,26.195205307006837,32.693601942961465,19.69680867105221
2021-11-15 05:00:00,30.490895063626596,30.582710116516562,29.18850480100887,29.964948654174805,384909000,0.0,0.0,29.36884593963623,23.501124229431152,29.060887764538602,24.431815765591537,78.36072477356697,2.2309194482418313,1.945745161577823,26.58457498550415,33.002080340171915,20.167069630836384
2021-11-16 05:00:00,29.699483039745203,30.329219659551242,29.646587638275633,30.142593383789062,264484000,0.0,0.0,29.748284912109376,23.65164249420166,29.25756151349323,24.655767829050266,81.0247445694595,2.1843331430945625,1.993462757881171,26.979433441162108,33.24275664076416,20.716110241560052
2021-11-17 05:00:00,30.357160060926805,30.447979558927965,28.742396201116993,29.20247459411621,428508000,0.0,0.0,30.01405200958252,23.789805488586424,29.247545709970133,24.834070055131285,72.21758289456302,2.0479459846936585,2.0043594032436687,27.336617279052735,33.22177138370446,21.451463174401013
2021-11-18 05:00:00,32.30226588482379,32.694477622614926,31.258356475789373,31.611648559570312,781711000,0.0,0.0,30.201076889038085,23.97938549041748,29.67738259171562,25.099857447462227,76.53339585444513,2.109936350886514,2.0254747927722376,27.784868907928466,33.52993771877367,22.039800097083265
2021-11-19 05:00:00,32.178512688057836,33.021823871138935,31.841189356945705,32.919029235839844,533867000,0.0,0.0,30.523730278015137,24.18910514831543,30.266772890647296,25.406491635241743,78.49517209708424,2.2387519185077025,2.0681302179193306,28.296793079376222,33.95070248797403,22.642883670778417
2021-11-22 05:00:00,33.449966883105866,34.577708036360065,31.836202083077225,31.89208984375,754335000,0.0,0.0,30.638700103759767,24.384793014526366,30.562285063938695,25.660828819889126,71.34072122795273,2.232241862790552,2.100952546893575,28.735414218902587,34.04910141044558,23.421727027359594
2021-11-23 05:00:00,31.471926236473596,32.29527690341186,30.818235626209056,31.682504653930664,532163000,0.0,0.0,30.747382164001465,24.57449275970459,30.765961353028143,25.896972970243695,69.75739414682334,2.184983691598756,2.117758775834611,29.08616123199463,34.19126725038594,23.98105521360332
2021-11-24 05:00:00,31.398076920965043,32.78928795511864,30.8661420025746,32.60865020751953,435162000,0.0,0.0,31.06823902130127,24.780739402770998,31.100995690208393,26.160175999156472,63.35901402084848,2.1969385168305173,2.1335947240337925,29.496488761901855,34.32829418000656,24.664683343797154
2021-11-26 05:00:00,32.5347990495651,32.64457966062736,31.287300931151513,31.43999481201172,283069000,0.0,0.0,31.179315948486327,24.96558895111084,31.162631894172634,26.36722771730766,57.372624901444105,2.088042425084634,2.1244842642439608,29.823932552337645,34.20855948906857,25.43930561560672
2021-11-29 05:00:00,32.30127147962138,33.345177180046036,31.97192962824051,33.30924987792969,454964000,0.0,0.0,31.477318382263185,25.194649925231932,31.55292607303755,26.639463880469307,60.129166397588826,2.1280439832477285,2.125196208044714,30.213601875305176,34.36519414058935,26.062009610021
2021-11-30 05:00:00,33.102659303581106,33.28629321448128,31.800270958309547,32.61064529418945,622066000,0.0,0.0,31.74188804626465,25.425447425842286,31.74523865870153,26.873627857477942,57.61942596602741,2.079403881302241,2.1160377426962196,30.55536699295044,34.27108804574513,26.83964594015575
2021-12-01 05:00:00,33.156623145941566,33.226491395375604,31.321073814822494,31.3759708404541,484368000,0.004,0.0,31.865225791931152,25.628896636962892,31.678099055383814,27.050190327398578,57.44966450675165,1.919106079978004,2.0766514101525764,30.806755352020264,33.96205212479465,27.651458579245872
2021-12-02 05:00:00,31.155387614153444,32.41701403682196,30.96674143360622,32.065673828125,472890000,0.0,0.0,32.151545715332034,25.832267684936525,31.74856719588221,27.246875954878046,56.66728330316795,1.8266655214899927,2.02665423242006,31.082798862457274,33.56164226658572,28.603955458328823
2021-12-03 05:00:00,31.93991339283961,32.068672783099075,30.073423866287982,30.63536834716797,544325000,0.0,0.0,32.053917694091794,25.996234321594237,31.54616740520689,27.37975800947765,51.05913713056697,1.6193254384787075,1.9451884736317895,31.127497291564943,33.535730559314565,28.71926402381532
2021-12-06 05:00:00,29.82388986771861,30.18421203522017,27.985349758462842,29.9805965423584,658938000,0.0,0.0,31.760074424743653,26.15510944366455,31.261518157416255,27.48175167743376,50.053069024922,1.386193144698975,1.8333894078452266,31.141902351379393,33.51721578760519,28.766588915153594
2021-12-07 05:00:00,30.8988671987533,32.388065980483816,30.593440169959802,32.36610412597656,593053000,0.0,0.0,31.80747585296631,26.37009792327881,31.462351969881762,27.67329491070995,56.558711086346165,1.3780394665596205,1.7423194195881055,31.223087978363036,33.65131150637412,28.79486445035195
2021-12-08 05:00:00,31.93891081636006,32.229364723806796,31.36199520064279,31.7662353515625,475551000,0.0,0.0,31.815848922729494,26.59227066040039,31.517603493823714,27.833802378978678,57.717256594336504,1.3080943240007734,1.6554744004706392,31.28161554336548,33.70258290107588,28.86064818565508
2021-12-09 05:00:00,31.67440845151027,32.14452657125806,30.370861130677735,30.4327449798584,488507000,0.0,0.0,31.598258399963377,26.791406288146973,31.320356491284564,27.935721696660238,46.205625583581096,1.132011640503908,1.550781848477293,31.333248710632326,33.62590222740879,29.040595193855864
2021-12-10 05:00:00,31.091508456571738,31.246218094408984,29.80492928696764,30.14129638671875,488825000,0.0,0.0,31.468388557434082,26.98074077606201,31.10598192681805,28.022214821760574,40.43411593678182,0.9579052441176863,1.4322065276053717,31.323852252960204,33.635295531872856,29.012408974047553
2021-12-13 05:00:00,30.192200470205613,30.23711604757903,28.063204387226193,28.10811996459961,598344000,0.0,0.0,30.948275566101074,27.1288928604126,30.560916115505606,28.025583650891516,37.81345243395557,0.6483900879865807,1.2754432396816135,31.21279697418213,33.907163182400446,28.518430765963814
2021-12-14 05:00:00,27.646988094330553,28.62414988562298,27.198831790185054,28.283790588378906,667035000,0.0,0.0,30.515590095520018,27.300717964172364,30.14689329239166,28.035709413145923,39.0302332301677,0.4125170087211103,1.1028579934895129,31.128739070892333,34.0796990345997,28.177779107184968
2021-12-15 05:00:00,28.34667388550062,30.442731166223563,27.785728860032965,30.40180778503418,698297000,0.0,0.0,30.418173789978027,27.5005521774292,30.193241381963023,28.128497584592523,43.3860137021931,0.3919737513805366,0.9606811450677176,31.14169979095459,34.076656745110164,28.206742836799013
2021-12-16 05:00:00,31.09350577104492,31.10149017055974,28.040249693631466,28.333696365356445,707366000,0.0,0.0,30.044976043701173,27.654054107666017,29.855142288034553,28.136544595602874,41.166558133132085,0.2064341202547375,0.8098317401051216,31.0982608795166,34.17629574907813,28.020226009955074
2021-12-17 05:00:00,27.932450966926798,28.867691762247915,27.707873086423973,27.748796463012695,713758000,0.0,0.0,29.756318855285645,27.78837303161621,29.472170319848757,28.12133878648169,32.94156321310169,0.012057105137245117,0.6502768131115464,30.90511827468872,34.31446092712034,27.495775622257106
2021-12-20 05:00:00,27.25372618139717,28.09114947961292,27.09402678635236,27.666948318481445,461847000,0.0,0.0,29.52495403289795,27.925925254821777,29.143948137781972,28.103519552442467,34.237161804749164,-0.14689917869390712,0.49084161475045573,30.6425142288208,34.204384579773766,27.080643877867836
2021-12-21 05:00:00,28.320719052629702,29.065318482209555,27.349544702087133,29.020402908325195,524385000,0.0,0.0,29.190383911132812,28.093261070251465,29.12148536878983,28.139475762477083,42.5458003204773,-0.1617956254835562,0.36031416670365335,30.49892988204956,34.08017778309832,26.917681981000793
2021-12-22 05:00:00,28.83674835493827,29.499501034033823,28.395577015619892,29.344791412353516,395184000,0.0,0.0,28.948239517211913,28.267563705444335,29.16208646761959,28.186743042864396,41.18597482762763,-0.14574566039075165,0.25910220128477235,30.3820442199707,33.95322387818025,26.81086456176115
2021-12-23 05:00:00,29.699128701883733,30.002558739110913,29.375737665181532,29.5843448638916,343022000,0.0,0.0,28.863399505615234,28.44130813598633,29.238860721487228,28.241550957414482,46.31069860514106,-0.1124003051623994,0.18480169999533802,30.230828952789306,33.6582575920425,26.80340031353611
2021-12-27 05:00:00,29.604307224653834,31.028627790469503,29.584344321777383,30.88689422607422,403686000,0.0,0.0,28.937959289550783,28.624995880126953,29.53850317686668,28.34528990912663,53.04290424477716,0.01891295993605624,0.15162395198348166,30.203173923492432,33.59829618844425,26.808051658540613
2021-12-28 05:00:00,31.2532030974109,31.271168947003392,29.955643074521873,30.26506233215332,420591000,0.0,0.0,29.15365352630615,28.793931617736817,29.67060484146425,28.4205751021865,41.99804882017546,0.07197336743618976,0.1356938350740233,30.050964546203613,33.116746171312585,26.98518292109464
2021-12-29 05:00:00,30.216150658559616,30.49063385175844,29.310852433007796,29.944660186767578,343139000,0.0,0.0,29.31974048614502,28.9492737197876,29.720433086064855,28.480343144719093,42.91152044372042,0.08716555695753314,0.12598817945072527,29.91766529083252,32.736746584880414,27.098583996784626
2021-12-30 05:00:00,29.770989859620535,30.399807897690028,29.484530043487673,29.53044319152832,308864000,0.0,0.0,29.232604026794434,29.094974098205565,29.685889468876393,28.521523538711612,46.218213039189195,0.06503197867787591,0.1137969392961554,29.82538890838623,32.56312824239411,27.087649574378354
2021-12-31 05:00:00,29.618282499419458,29.973614955782228,29.275926121014372,29.355775833129883,266530000,0.0,0.0,29.334811973571778,29.24091365814209,29.625868807831573,28.55423931496331,46.67512634211502,0.03301617247624122,0.09764078593217257,29.689894008636475,32.22124528918563,27.15854272808732
2022-01-03 05:00:00,29.75901272897904,30.653330092823726,29.72906837882745,30.064437866210938,391547000,0.0,0.0,29.5663761138916,29.389270095825196,29.70560863662782,28.613462787561257,59.32621503012616,0.06408775518540111,0.09093017978281828,29.661347484588624,32.16047680653155,27.162218162645704
2022-01-04 05:00:00,30.220144778217474,30.410786093739684,28.295765774578836,29.23499870300293,527154000,0.0,0.0,29.72318115234375,29.52035915374756,29.620043194150565,28.63783674502956,54.26855373979803,0.021535155910338943,0.07705117500832243,29.62406759262085,32.125388612561935,27.122746572679766
2022-01-05 05:00:00,28.89463969212421,29.360763730610284,27.481300160033374,27.552165985107422,498064000,0.0,0.0,29.576357460021974,29.609009132385253,29.244065519779085,28.595261421111047,36.69244569809407,-0.14629225584281969,0.032382488838094005,29.383370685577393,31.69281101023795,27.073930360916837
2022-01-06 05:00:00,27.588097870851954,28.384599746692302,27.014178729970627,28.12508773803711,454186000,0.0,0.0,29.45438709259033,29.6781595993042,29.040615014007816,28.576823237461088,48.86769352200725,-0.23041066076223515,-0.020176141081971827,29.201313304901124,31.28263518117138,27.11999142863087
2022-01-07 05:00:00,28.08816129845375,28.368633810890536,27.006195152038096,27.195838928222656,409939000,0.0,0.0,29.215536499023436,29.734034385681152,28.705201180228695,28.522666990039973,47.106757243610666,-0.3678177416300308,-0.08970446119158362,29.039468002319335,31.21870756264478,26.86022844199389
2022-01-10 05:00:00,26.53108283341497,27.417415742831537,25.595842154471903,27.34854507446289,594681000,0.0,0.0,28.861701583862306,29.783182907104493,28.45853643372582,28.476622993350677,48.34627931420148,-0.4590995199132095,-0.1635834729359088,28.899830436706544,31.138879840538085,26.660781032875004
2022-01-11 05:00:00,27.271691061328127,28.01229826458037,26.788600694044856,27.76476287841797,404089000,0.0,0.0,28.61167163848877,29.82816089630127,28.332395787306208,28.44870691041214,42.77507296625696,-0.4921821194501881,-0.22930320223876466,28.88266258239746,31.1523276998981,26.612997464896825
2022-01-12 05:00:00,28.01429950712742,28.541307987463217,27.55616171280377,27.946428298950195,383413000,0.0,0.0,28.41184844970703,29.87158260345459,28.262219880332385,28.429009709962653,41.81948630286016,-0.498000793581145,-0.2830427205072408,28.865794467926026,31.159091340583238,26.572497595268814
2022-01-13 05:00:00,28.325708200729384,28.426518370331,26.44823991906949,26.525096893310547,540171000,0.0,0.0,28.111313819885254,29.87512046813965,27.946379337237502,28.354346462250806,34.27718930008153,-0.6102669234090605,-0.34848756108760476,28.671958923339844,31.07149106864776,26.272426778031928
2022-01-14 05:00:00,26.250616103881455,27.145933083886067,26.16078494329548,26.89141082763672,395832000,0.0,0.0,27.86487731933594,29.882052612304687,27.75456688094645,28.29697643736398,27.278915696627607,-0.6620484842293095,-0.4111997457159457,28.599844646453857,31.125554740960943,26.07413455194677
2022-01-18 05:00:00,26.2106886411857,26.58797908364764,25.7216090020734,25.854358673095703,424270000,0.0,0.0,27.443869400024415,29.804311790466308,27.409074479519038,28.201187505431893,26.04877290923308,-0.7778011782914191,-0.4845200322310404,28.50512275695801,31.29364132345154,25.71660419046448
2022-01-19 05:00:00,26.03002865451013,26.49315614018337,25.00495675510724,25.019927978515625,488315000,0.0,0.0,27.022362327575685,29.710860443115234,26.974684206609325,28.07643222986655,24.671461930156994,-0.9261910518018368,-0.5728542361451997,28.372771739959717,31.552607235533685,25.19293624438575
2022-01-20 05:00:00,25.256486736335646,25.530969979434104,24.03278709885486,24.104652404785156,435181000,0.0,0.0,26.67761096954346,29.578105659484862,26.452860242641293,27.920676158294732,23.462214952292797,-1.1049094765101302,-0.6792652842181859,28.126984214782716,31.815319078796765,24.438649350768667
2022-01-21 05:00:00,23.46285831524654,24.77638710347708,23.219317018447754,23.330108642578125,718958000,0.0,0.0,26.19811305999756,29.43279415130615,25.88508722444799,27.740653902776433,22.16175338784575,-1.2941264401298938,-0.8022375154005275,27.826250076293945,32.03991849359192,23.612581658995975
2022-01-24 05:00:00,22.28806668333725,23.33609413936129,20.848775161443296,23.328109741210938,913982000,0.0,0.0,25.811340141296387,29.31135471343994,25.420182227495797,27.56761295526406,16.704514558365645,-1.427784925808517,-0.9273469974821255,27.513438320159914,32.09076465003617,22.936111990283656
2022-01-25 05:00:00,22.503662949858125,22.899918732655927,21.958688693508016,22.282079696655273,664616000,0.0,0.0,25.304693603515624,29.150411796569824,24.849618130979337,27.360337141200972,16.354355223562095,-1.5996760514664814,-1.0618128082789966,27.083197593688965,31.934814127601427,22.231581059776502
2022-01-26 05:00:00,23.196362065948026,24.011827423023504,22.25812656917823,22.72924041748047,755959000,0.0,0.0,24.801141357421876,28.998412094116212,24.464094910343178,27.17872550497664,23.491370182459235,-1.6804477186088427,-1.1855397903449658,26.70640649795532,31.68635827312918,21.72645472278146
2022-01-27 05:00:00,23.52374079455365,23.949938947045837,21.63429423832644,21.902790069580078,573353000,0.0,0.0,24.196777534484863,28.837168922424315,23.998403121113522,26.97182607613756,16.72719588047771,-1.790507625534552,-1.306533357382883,26.304312992095948,31.47822484989473,21.130401134297166
2022-01-28 05:00:00,21.970665297939476,22.815077360782375,21.256010188975853,22.79711151123047,543774000,0.0,0.0,23.823978996276857,28.690259284973145,23.77998646477115,26.808111779474537,26.39027322663945,-1.7849903706519932,-1.402224760036705,25.967646408081055,31.133936677879902,20.80135613828221
2022-01-31 05:00:00,23.138469245849574,24.462979042497025,23.008714190792233,24.440021514892578,564680000,0.0,0.0,23.578840065002442,28.595010223388673,23.8999928375205,26.71524549458897,36.54171888514289,-1.6292676165840412,-1.4476333313461724,25.72185869216919,30.672693215308865,20.771024169029513
2022-02-01 05:00:00,25.05686040019819,25.097783776901416,23.845139319795777,24.59173583984375,518925000,0.0,0.0,23.452577781677245,28.45461196899414,24.02576429248836,26.631970606167588,34.94940129815237,-1.476592890277331,-1.4534252431324042,25.44822359085083,29.97528333523325,20.92116384646841
2022-02-02 05:00:00,25.745560658916162,25.76851627800586,24.506890073764588,25.194597244262695,543419000,0.0,0.0,23.470044708251955,28.3001233291626,24.238279374629148,26.57560302334779,37.44876860215623,-1.2920571620175423,-1.4211516269094318,25.24620351791382,29.407584881178884,21.084822154648755
2022-02-03 05:00:00,24.412072945866115,25.02991006972771,23.735346596985227,23.903030395507812,410178000,0.0,0.0,23.44988250732422,28.140342140197752,24.177325014788902,26.470796253628574,37.897369061407346,-1.2357845632871332,-1.3840782141849721,25.06374673843384,29.118037309099638,21.00945616776804
2022-02-04 05:00:00,23.926987851249987,24.58874304148343,23.58762611760375,24.27333641052246,354829000,0.0,0.0,23.544205284118654,27.99215877532959,24.194781632195003,26.384621357820492,37.9202469202295,-1.1480732489725405,-1.336877221142486,24.871159172058107,28.671108825610098,21.071209518506116
2022-02-07 05:00:00,24.326233838969966,25.134712282580423,24.156552989938934,24.68156623840332,376868000,0.0,0.0,23.67955093383789,27.833617095947265,24.283287924232877,26.31783488254923,44.2554103486529,-1.0337047600464224,-1.2762427289232734,24.74544553756714,28.384529102338526,21.106361972795753
2022-02-08 05:00:00,24.313259823620026,25.18262461713402,23.93497176962916,25.060853958129883,410359000,0.0,0.0,23.95742835998535,27.70603427886963,24.424663566759605,26.26854151296416,50.20981964135578,-0.9020631371198959,-1.201406810562598,24.631060981750487,28.06358628812207,21.198535675378903
2022-02-09 05:00:00,25.573887273298517,26.67481672211375,25.305393294577186,26.65485382080078,524282000,0.0,0.0,24.349989700317384,27.57294635772705,24.830152703858,26.28369101523226,62.22369962743059,-0.6614885074673005,-1.0934231499435385,24.575565528869628,27.82581725586883,21.325313801870426
2022-02-10 05:00:00,25.946185380289258,26.874437353913997,25.551926685480243,25.77550506591797,513200000,0.0,0.0,24.73726119995117,27.43624355316162,25.002034951505266,26.26376215447484,61.604751343049486,-0.535613259468402,-0.9818611718485113,24.46701936721802,27.36969113341302,21.564347601023016
2022-02-11 05:00:00,25.86733526286818,26.102892162644004,23.728359741691555,23.904027938842773,605472000,0.0,0.0,24.847952842712402,27.286804695129394,24.802397312839357,26.17122355778339,52.32119045389699,-0.5801808187861646,-0.901525101236042,24.33596591949463,27.079721209625472,21.592210629363787
2022-02-14 05:00:00,23.88905873652608,24.82829178959792,23.710393994981583,24.221433639526367,440424000,0.0,0.0,24.82609405517578,27.12991989135742,24.696767554055175,26.09476120804782,58.30413326599296,-0.5831665621425763,-0.8378533934173489,24.202467060089113,26.668458789401598,21.736475330776628
2022-02-15 05:00:00,24.902149348458707,26.495152996985595,24.73746018087607,26.445247650146484,699869000,0.0,0.0,25.011445236206054,27.046117477416992,25.014673026071776,26.10850577440463,63.810360935747795,-0.40146177831658747,-0.7505750703971966,24.23201150894165,26.79363758082749,21.67038543705581
2022-02-16 05:00:00,26.209692177134915,26.532085608817162,25.50401903586401,26.461217880249023,732676000,0.0,0.0,25.138107299804688,26.975729904174806,25.277681181376728,26.122337621692648,68.02717281029345,-0.25325143897674707,-0.6511103441131068,24.30407600402832,27.034560498595642,21.573591509461
2022-02-17 05:00:00,25.581867832434895,25.736577438737648,24.11962075043621,24.46097755432129,810595000,0.0,0.0,25.193902015686035,26.8176273727417,25.129189612821193,26.057186246501615,56.05080387680942,-0.2938095018018565,-0.5796501756508567,24.321892261505127,27.05154777960277,21.592236743407483
2022-02-18 05:00:00,24.621677178101823,24.939080822959642,23.056622713383796,23.597604751586914,761255000,0.0,0.0,25.12632884979248,26.654254760742187,24.850719638051324,25.960732070230453,46.752339736901206,-0.39111054951199975,-0.5419422504230854,24.335267066955566,27.04702397918518,21.623510154725953
2022-02-22 05:00:00,22.99174593000933,24.018813057525925,22.95681180347932,23.346078872680664,633422000,0.0,0.0,24.992780113220213,26.512521438598633,24.57714858980211,25.858196650718696,45.23445473110343,-0.4829512062972334,-0.5301440415979151,24.336165523529054,27.04652897275507,21.62580207430304
2022-02-23 05:00:00,23.757300959065653,24.10963868059084,22.259120317913606,22.34495735168457,566511000,0.0,0.0,24.721190452575684,26.35659465789795,24.171295637417103,25.720422560560497,39.42043944315598,-0.6292639652107361,-0.5499680263204793,24.339309406280517,27.039768484104453,21.63885032845658
2022-02-24 05:00:00,20.975537584713315,23.755307780737613,20.85077230875615,23.703405380249023,735801000,0.0,0.0,24.426045608520507,26.268500366210937,24.08622468156836,25.641323847607108,49.262535335042934,-0.6283591448134906,-0.5656462500190815,24.388017654418945,26.999888460450563,21.776146848387327
2022-02-25 05:00:00,23.67645879882094,24.171525825370416,23.337097078130533,24.11163902282715,528866000,0.0,0.0,24.259659004211425,26.185057334899902,24.09084547088814,25.58133620741966,49.40431873135685,-0.5879238052673799,-0.5701017610687412,24.4984601020813,26.840746729999672,22.156173474162927
2022-02-28 05:00:00,23.94694695233063,24.618683487352886,23.66248229484239,24.339208602905273,477319000,0.0,0.0,24.303177070617675,26.063805351257326,24.136002403982165,25.532625320968116,48.721765381486385,-0.5313900108558762,-0.5623594110261683,24.57556495666504,26.779476666387072,22.37165324694301
2022-03-01 05:00:00,24.245391252414887,24.33123021931524,23.088567010648582,23.432918548583984,412056000,0.0,0.0,24.224325561523436,25.965789794921875,24.008168975727948,25.450283878913837,44.152034081953616,-0.5533380678769859,-0.5605551423963319,24.525209808349608,26.787411036554822,22.263008580144394
2022-03-02 05:00:00,23.715432041378097,24.367316781648878,23.375014768229686,24.178638458251953,389642000,0.004,0.0,23.997664642333984,25.89438663482666,24.039163427095946,25.400415431044745,40.52749227095903,-0.5047403639983372,-0.549392186716733,24.50455493927002,26.771736676964863,22.237373201575174
2022-03-03 05:00:00,24.220568428714543,24.284460221433296,23.428923316488405,23.673505783081055,365095000,0.0,0.0,23.718893432617186,25.814517784118653,23.972680219093238,25.33269348406578,41.72201458147332,-0.5012086969959526,-0.539755488772577,24.428500366210937,26.700264589355562,22.15673614306631
2022-03-04 05:00:00,23.3440663877971,23.639560416986598,22.443606365785563,22.896831512451172,431415000,0.0,0.0,23.562478828430176,25.69204635620117,23.777071363340134,25.23716948517893,45.6592043747535,-0.5546868632751512,-0.5427417636730918,24.378190422058104,26.741667086646828,22.01471375746938
2022-03-07 05:00:00,22.778034872590876,22.99366751768787,21.293574708172034,21.315536499023438,450821000,0.0,0.0,23.33427200317383,25.53146125793457,23.329519569828005,25.08337995631009,38.70654878098861,-0.7164076856388384,-0.5774749480662411,24.230300426483154,26.962757578147375,21.497843274818933
2022-03-08 05:00:00,21.27261074323102,22.33479293322112,20.6147357181617,21.47726058959961,557467000,0.0,0.0,23.147390174865723,25.36931957244873,22.992745209786477,24.94196351055674,27.007123877790633,-0.8220467764403381,-0.6263893137410605,24.07008514404297,27.055214557896225,21.084955730189716
2022-03-09 05:00:00,22.348770793907256,23.18034853486283,22.20901046907157,22.974700927734375,492742000,0.0,0.0,23.210364532470702,25.211075706481935,22.98946443123155,24.864815958289196,35.809617084424886,-0.7759904613317268,-0.6563095432591939,23.965777492523195,26.950929545353503,20.980625439692886
2022-03-10 05:00:00,22.49252453891631,22.749085636286633,21.84463265164642,22.619308471679688,428066000,0.0,0.0,23.101954841613768,25.05816062927246,22.922163347676666,24.776756841167256,41.34549143454037,-0.759413652982257,-0.6769303652038066,23.76400022506714,26.520636111891335,21.007364338242944
2022-03-11 05:00:00,22.982686118608612,23.105477175893597,22.00835294083889,22.0622615814209,367209000,0.0,0.0,22.897017097473146,24.900512657165528,22.765817571993797,24.6703060466674,42.571122173432336,-0.7822086273959705,-0.6979860176422393,23.578338050842284,26.26380774561226,20.892868356072306
2022-03-14 04:00:00,21.831652454533078,22.223980954066924,21.122865878879807,21.2935733795166,385354000,0.0,0.0,22.59245357513428,24.735775260925294,22.498136809725214,24.537885157759526,40.54212636044868,-0.8524737359643666,-0.7288835613066649,23.447815322875975,26.31428766751052,20.58134297824143
2022-03-15 04:00:00,21.48125217835996,22.99865684779859,21.285587751365572,22.933767318725586,491996000,0.0,0.0,22.542538452148438,24.607335090637207,22.57734235681619,24.474978575836627,52.56230505030719,-0.7669682647808891,-0.7365005020015097,23.38343200683594,26.234544750279042,20.532319263392836
2022-03-16 04:00:00,23.459870735396727,24.554997589034343,23.13243172097139,24.45417022705078,671422000,0.0,0.0,22.57009162902832,24.495129737854004,22.918583787767933,24.47416256215875,53.221667858097554,-0.5699507175795091,-0.7031905451171097,23.283878135681153,25.80476161688297,20.762994654479336
2022-03-17 04:00:00,24.078810481624476,24.799575721071584,23.865175234327694,24.72370719909668,471941000,0.0,0.0,22.675111770629883,24.40490390777588,23.246788044373158,24.483948626352394,52.65813633249086,-0.3875955507191584,-0.6400715462375195,23.197002601623534,25.34971090604387,21.044294297203198
2022-03-18 04:00:00,24.756652455248965,26.52363042032635,24.581952050830978,26.407827377319336,730719000,0.0,0.0,23.0262113571167,24.382017135620117,23.82152246854519,24.55939485188051,57.97483939318537,-0.1059618809764018,-0.533249613185296,23.294345092773437,25.829756563838135,20.75893362170874
2022-03-21 04:00:00,26.46173521592419,27.1056342368297,25.922656434489376,26.68834686279297,591727000,0.0,0.0,23.563492393493654,24.353282318115234,24.34276326749933,24.64288316603394,63.18639836631564,0.13827644465444067,-0.3989444016173487,23.44888219833374,26.40413180255595,20.493632594111535
2022-03-22 04:00:00,26.681358822656374,27.191487795801383,26.02747855447212,26.47870635986328,547007000,0.0,0.0,24.06363697052002,24.338939666748047,24.731116557020044,24.71487623245862,59.73960584697155,0.31133199932062894,-0.2568891214297532,23.60551357269287,26.855217178216048,20.355809967169694
2022-03-23 04:00:00,26.081381754918112,26.566551830371044,25.531324056699113,25.59022331237793,502120000,0.0,0.0,24.325189208984376,24.303773231506348,24.88731778526693,24.749203568926045,57.861096882540075,0.3724927520452148,-0.1310127467347596,23.767776870727538,27.076018809455732,20.459534931999343
2022-03-24 04:00:00,26.121317474462384,28.271638483214783,25.862758984102292,28.1019287109375,877379000,0.0,0.0,24.873451232910156,24.310516548156738,25.471792499025213,24.880682986259828,68.68816027317747,0.6165297524746975,0.01849575310713183,23.987703037261962,27.821063128691687,20.154342945832237
2022-03-25 04:00:00,27.838379495828804,28.30957359578067,27.224429943545722,27.644710540771484,579016000,0.0,0.0,25.431696128845214,24.304482192993163,25.866868506615443,24.989076223691658,74.71925630446034,0.7642276081543571,0.1676421241165769,24.16435661315918,28.332753997737335,19.99595922858102
2022-03-28 04:00:00,27.708602012632376,28.201757898322008,27.159540096935817,28.17081069946289,425494000,0.0,0.0,26.119419860839844,24.33739646911621,26.28576708713316,25.113850124702296,75.41888839570785,0.9132042586462319,0.3167545510225079,24.35593671798706,28.893982714967535,19.817890721006584
2022-03-29 04:00:00,28.64599625005715,28.896567060285996,27.932217127992292,28.60706329345703,488984000,0.0,0.0,26.68674945831299,24.371709518432617,26.70782094282841,25.250838876418168,73.26403288404742,1.054317747200411,0.46426719025808855,24.61464395523071,29.50722411434489,19.722063796116533
2022-03-30 04:00:00,28.255669220975694,28.4473408000527,27.456036406622033,27.642717361450195,463487000,0.0,0.0,27.00560417175293,24.407476692199708,26.87780210985055,25.344638032693936,69.75502746728101,1.0759338505263543,0.5866005223117418,24.787847900390624,29.857499680005596,19.71819612077565
2022-03-31 04:00:00,27.734557979128112,28.19976182359006,27.22343315824655,27.239404678344727,523440000,0.0,0.0,27.257173919677733,24.451866226196287,26.943548031394943,25.418942607033184,70.6087925737966,1.0484350980636066,0.6789674374621147,24.966142845153808,30.120887089678533,19.811398600629083
2022-04-01 04:00:00,27.32824968844568,27.449043337221056,26.222142099994546,26.6663818359375,517235000,0.0,0.0,27.28302936553955,24.503100814819337,26.893154177675406,25.467861792480413,71.72612836074842,0.9692312892120043,0.7370202078120927,25.154620361328124,30.26626613251116,20.04297459014509
2022-04-04 04:00:00,26.682357489080253,27.51094002983232,26.56755410197447,27.313278198242188,397120000,0.0,0.0,27.345522499084474,24.582764205932616,26.969540363233,25.540231063294602,69.25642543380368,0.9477359204185376,0.7791633503333817,25.454507446289064,30.315414342576688,20.59360055000144
2022-04-05 04:00:00,27.207453472727924,27.272342994445385,25.775902540384944,25.8867130279541,436615000,0.0,0.0,27.286323165893556,24.63393627166748,26.772662665909564,25.553818591320464,56.351207800468586,0.8062943395981819,0.7845895481863417,25.674980068206786,30.161946476858677,21.188013659554894
2022-04-06 04:00:00,24.89142458110519,25.256798850000933,23.962014530819665,24.365324020385742,703833000,0.0,0.0,27.163833236694337,24.67560115814209,26.334964730359776,25.50721096108773,48.56985062194174,0.5649253814901947,0.7406567148471124,25.744511222839357,30.09635585947196,21.392666586206754
2022-04-07 04:00:00,24.39926029223426,24.679780544970512,23.437905533138704,24.166658401489258,557992000,0.0,0.0,26.770306205749513,24.704349517822266,25.94072721601968,25.454640272476023,39.85356194102618,0.35353278224586404,0.6632319283268627,25.821878719329835,29.990966300218368,21.6527911384413
2022-04-08 04:00:00,23.87615883921642,23.882149111451874,23.022619305237257,23.07952117919922,524781000,0.0,0.0,26.313787269592286,24.72788414001465,25.420507936597776,25.361498347249483,34.773831447187106,0.09715973909687747,0.5500174904808657,25.87274169921875,29.869982760148133,21.875500638289367
2022-04-11 04:00:00,22.176065607996858,22.281883585267934,21.623010826871734,21.87957191467285,575207000,0.0,0.0,25.684663391113283,24.709533348083497,24.77670138715688,25.224952212638637,32.09205328556436,-0.20053201369257323,0.3999075896461779,25.902041625976562,29.764264852237794,22.03981839971533
2022-04-12 04:00:00,22.498510428705718,22.686189075289338,21.24565273704345,21.467273712158203,662258000,0.0,0.0,24.970684432983397,24.65007839202881,24.174987264429845,25.077592271443326,33.327954954897976,-0.4643709129311482,0.2270518891307127,25.828716945648193,29.973558586872592,21.683875304423793
2022-04-13 04:00:00,21.690893748355325,22.461574693624115,21.4183592594677,22.165081024169922,516943000,0.0,0.0,24.422920799255373,24.601545295715333,23.809549766200767,24.96337614409927,21.865842622450586,-0.610124784448395,0.05961655441489115,25.71426248550415,30.136086022439628,21.292438948568673
2022-04-14 04:00:00,22.466561018599915,22.738097711707255,21.12685407539121,21.221691131591797,569097000,0.0,0.0,23.82114944458008,24.522087173461912,23.33903001445368,24.816643398510745,20.90267989899486,-0.7926225979003547,-0.11083127604815804,25.539161682128906,30.38332861129541,20.6949947529624
2022-04-18 04:00:00,21.163791768141657,22.05027367290256,21.042998143258174,21.74579620361328,525701000,0.0,0.0,23.329090881347657,24.478942489624025,23.049351139755423,24.69621801831869,20.88837957753661,-0.8847635275045889,-0.26561772633944425,25.306060123443604,30.415629941758368,20.19649030512884
2022-04-19 04:00:00,21.682908929418428,22.33479370527867,21.277602102469054,22.160093307495117,512781000,0.0,0.0,22.81377239227295,24.436677627563476,22.887667897526274,24.596762147306002,20.730665444653596,-0.9138215976540316,-0.39525850060236173,25.07964744567871,30.33066698123603,19.82862791012139
2022-04-20 04:00:00,22.47854473175635,22.63128331015036,21.163794522576847,21.4453125,468974000,0.0,0.0,22.36963233947754,24.37195255279541,22.625421461612405,24.473175886627335,21.211326482062148,-0.9831935221849228,-0.512845504918874,24.82797775268555,30.27546874903894,19.380486756332157
2022-04-21 04:00:00,21.671927949841855,22.353762178727116,19.965846713738475,20.148534774780273,656209000,0.0,0.0,21.94795341491699,24.273706169128417,22.175078427642926,24.303582117535292,19.585569765896977,-1.1297869166675696,-0.6362337872686131,24.555893325805663,30.37406035170694,18.737726299904384
2022-04-22 04:00:00,20.26832865634669,20.45101671619488,19.466700418707752,19.481674194335938,624713000,0.0,0.0,21.47945499420166,24.13024257659912,21.685368567041653,24.114487689174535,19.429167912433087,-1.2849610821048856,-0.7659792462358677,24.124880599975587,30.11171640893124,18.138044791019933
2022-04-25 04:00:00,19.16920802436078,19.91093921882449,19.063390048047005,19.868013381958008,641566000,0.0,0.0,21.15830421447754,24.012092742919922,21.354940351571898,23.947959284969965,17.602131648058304,-1.3610737713169208,-0.8849981512520784,23.73604574203491,29.770304585999526,17.701786898070296
2022-04-26 04:00:00,19.684322771271233,19.754202909115875,18.638112382734704,18.755910873413086,653143000,0.0,0.0,20.84593811035156,23.90913040161133,20.882389537361203,23.744349543340284,18.09741287062306,-1.493910137947406,-1.0067805485911439,23.265300750732422,29.311803266125985,17.21879823533886
2022-04-27 04:00:00,18.56623676478106,19.13426523529515,18.25876412661193,18.3835506439209,499460000,0.0,0.0,20.537565803527833,23.792372741699218,20.42805519309933,23.534122135519915,20.17128504491562,-1.6106635473416375,-1.1275571483412425,22.754125118255615,28.625231203839856,16.883019032671374
2022-04-28 04:00:00,18.93460792239906,20.00278221585731,18.45842324109603,19.74821662902832,570327000,0.0,0.0,20.295879364013672,23.658432121276856,20.304448181450052,23.385655252912404,30.26225025083977,-1.5749196322733745,-1.217029645127669,22.359400081634522,27.898789299505335,16.82001086376371
2022-04-29 04:00:00,19.368864884757247,20.093624824231693,18.48537609603833,18.51532554626465,500435000,0.0,0.0,20.025242805480957,23.499514274597168,19.979153156870886,23.19466193108308,29.87324013554921,-1.6273176241380938,-1.299087240929754,21.92319612503052,27.212906944765027,16.63348530529601
2022-05-02 04:00:00,18.509340462928446,19.54057559196452,18.359596978011314,19.49964714050293,572049000,0.0,0.0,19.80062789916992,23.4002876663208,19.891970244803986,23.049759390276016,39.301782993298296,-1.571303870940298,-1.353530566931863,21.56485939025879,26.45776762727828,16.6719511532393
2022-05-03 04:00:00,19.366870601082905,19.791145978966046,19.100326353976588,19.568525314331055,475751000,0.0,0.0,19.541471099853517,23.319706077575685,19.833162075627087,22.913240406905626,41.19284387102208,-1.504017299771231,-1.3836279134997367,21.17762174606323,25.32388419528264,17.03135929684382
2022-05-04 04:00:00,19.88897889531669,20.36516363203167,18.718979373432905,20.29927635192871,648855000,0.0,0.0,19.426867485046387,23.258770027160644,19.917910125863745,22.810732012592805,41.372018257590796,-1.3758665723543864,-1.3820756452706666,20.898249912261964,24.41346693526562,17.383032889258306
2022-05-05 04:00:00,19.833074778086864,19.890974394145196,18.46840855116505,18.81182098388672,626331000,0.0,0.0,19.29319610595703,23.188107299804688,19.716803009140648,22.65391197225139,39.38998898578162,-1.3784415979273916,-1.3813488358020116,20.620574760437012,23.848253702192242,17.392895818681783
2022-05-06 04:00:00,18.704003108603505,19.47867694269655,17.95927682251405,18.64310646057129,633297000,0.0,0.0,19.209339332580566,23.086901321411133,19.52158545485531,22.496625481597267,35.89839791462768,-1.3782090403595824,-1.3807208767135257,20.344397163391115,23.220625296606475,17.468169030175755
2022-05-09 04:00:00,18.003207360360165,18.22382876924528,16.798267580396562,16.921058654785156,644455000,0.0,0.0,18.914643859863283,22.94308971405029,19.048762400297097,22.27797580211444,28.718590554825624,-1.4996920861414225,-1.4045151185991052,20.03647403717041,22.99717379202375,17.07577428231707
2022-05-10 04:00:00,17.658788357133947,18.16691981931421,16.99592283611969,17.56494903564453,761474000,0.0,0.0,18.795547676086425,22.807604522705077,18.778978152178446,22.09315122303719,34.146324357500134,-1.5264161276838095,-1.4288953204160462,19.820742893218995,22.844087397155608,16.79739838928238
2022-05-11 04:00:00,17.31737521925075,17.722681996660068,16.539706252039686,16.601598739624023,670167000,0.0,0.0,18.61735248565674,22.670978126525878,18.38309098625946,21.877796223687653,35.10270203064863,-1.606807168145334,-1.4644776899619039,19.577459144592286,22.81818656933534,16.336731719849233
2022-05-12 04:00:00,16.191302499421468,16.75933105562915,15.540416452473458,16.147377014160156,708728000,0.0,0.0,18.257268524169923,22.510352897644044,17.97659753678686,21.653073901745397,35.7411047688651,-1.6877146204739013,-1.5091250760643034,19.276573944091798,22.621484642271145,15.93166324591245
2022-05-13 04:00:00,16.759330610645957,17.89738318066595,16.564663924099527,17.675762176513672,670437000,0.0,0.0,18.173312187194824,22.390398025512695,17.92190019855537,21.49710089291278,41.45922908792163,-1.60994797193419,-1.5292896552382809,19.09927749633789,22.385467670341505,15.813087322334274
2022-05-16 04:00:00,17.479098565829666,17.757621413958393,17.076786938936518,17.234516143798828,521446000,0.0,0.0,17.946799087524415,22.27715171813965,17.796921279508727,21.329940706673018,43.7459003115724,-1.5658718143269503,-1.5366060870560148,18.873713493347168,22.010965360783167,15.736461625911168
2022-05-17 04:00:00,18.043131310566,18.339624955803732,17.603884145601317,18.14595603942871,585830000,0.0,0.0,17.80454216003418,22.213760108947753,17.860382144948723,21.205078562859516,49.064754531850205,-1.440787063110612,-1.5174422822669342,18.67300662994385,21.413534155315613,15.932479104572087
2022-05-18 04:00:00,17.674763185359772,18.087057967335348,16.835199847835987,16.909072875976562,545161000,0.0,0.0,17.465521812438965,22.122396354675292,17.68741682331742,21.036607751609203,38.710687831458294,-1.4250357062437295,-1.4989609670622934,18.446194648742676,20.962321235892915,15.930068061592436
2022-05-19 04:00:00,16.908079927712066,17.656799284159025,16.705425534640558,17.09476089477539,621310000,0.0,0.0,17.29381580352783,22.004797554016115,17.57966119994614,20.882025521929446,43.83824504919327,-1.381642456985226,-1.47549726504688,18.293505954742432,20.74445104864589,15.842560860838976
2022-05-20 04:00:00,17.30240006831766,17.380265971589356,15.728092749645056,16.665489196777344,739105000,0.0,0.0,17.096054077148438,21.885721168518067,17.413448108460905,20.716671156237208,37.08485112396905,-1.3661435799764376,-1.4536265280327916,18.152696704864503,20.639547438112963,15.665845971616044
2022-05-23 04:00:00,16.24620764301638,16.88611369799627,16.151370568247856,16.869142532348633,639889000,0.0,0.0,17.090862464904784,21.78185878753662,17.31448345825867,20.5657876807906,37.84827964238625,-1.3221861472319425,-1.4273384518726218,18.002753162384032,20.414634493905055,15.590871830863009
2022-05-24 04:00:00,16.481802408540677,16.568653712551452,15.753048697763118,16.12640953063965,588550000,0.0,0.0,16.947008514404295,21.67851551055908,17.098470016873392,20.391694420000366,31.23538909020047,-1.3319282710330427,-1.408256415704706,17.871278095245362,20.394403555483578,15.348152635007146
2022-05-25 04:00:00,15.992645208447465,17.08178185508358,15.97267890283691,16.946014404296875,781132000,0.0,0.0,16.981450080871582,21.55876045227051,17.070750814586752,20.25656971350219,41.073660957892855,-1.2590007339924973,-1.3784052793622643,17.79940128326416,20.342902149978357,15.255900416549965
2022-05-26 04:00:00,16.008612009645333,18.061100399775583,15.99463598065701,17.820512771606445,996575000,0.0,0.0,17.14876365661621,21.426087303161623,17.207071170408515,20.161038068721968,46.31352492787339,-1.1177556345429593,-1.3262753503984035,17.703016090393067,20.075951047032362,15.330081133753772
2022-05-27 04:00:00,18.15494272747437,18.84875550012706,18.06908915673466,18.77887535095215,738379000,0.0,0.0,17.25907497406006,21.307190666198732,17.492853748689175,20.106835609201582,58.9376303554109,-0.9179049875102692,-1.2446012778207767,17.71619358062744,20.11094881640276,15.321438344852117
2022-05-31 04:00:00,18.947590381615964,19.167215940829603,18.318666971349067,18.640117645263672,664100000,0.0,0.0,17.399635124206544,21.151836471557615,17.70144718442999,20.049317257674605,55.4366817702215,-0.7619353803172402,-1.1480680983200695,17.67321710586548,19.961702680299748,15.38473153143121
2022-06-01 04:00:00,18.692024752314552,19.020461466016048,18.09105163821,18.288713455200195,544514000,0.0,0.0,17.41391086578369,20.98384380340576,17.808222870024572,19.98027397130306,59.09383074384162,-0.6590861889281356,-1.0502717164416828,17.609226512908936,19.740758514327982,15.477694511489892
2022-06-02 04:00:00,18.26076299307135,19.585496570829648,18.166923651785705,19.558542251586914,648656000,0.0,0.0,17.678857803344727,20.845440521240235,18.12646275758136,19.96373547249066,66.9007502758937,-0.4696985003624832,-0.934157073225843,17.572189807891846,19.525180257615222,15.619199358168471
2022-06-03 04:00:00,19.04941345422619,19.298986516838273,18.490368423029345,18.688030242919922,598779000,0.0,0.0,17.83818473815918,20.707396659851074,18.228565936733826,19.913707816429064,55.36506544991662,-0.38540769661795693,-0.8244071979042658,17.566000270843507,19.503169327180675,15.628831214506338
2022-06-06 04:00:00,19.10631161523933,19.303973396798668,18.53229292091064,18.75391387939453,422406000,0.0,0.0,18.0470272064209,20.520436363220213,18.324083744490316,19.86822570125124,58.38656603093442,-0.3097201079071148,-0.7214697799048356,17.57154064178467,19.522266868720955,15.620814414848383
2022-06-07 04:00:00,18.440455398286808,18.967553608275995,18.156939990406823,18.893680572509766,388914000,0.0,0.0,18.249481010437012,20.34541576385498,18.427646804130216,19.830008245222164,54.51151346642285,-0.23574166137054675,-0.6243241561979779,17.6701717376709,19.68096870869161,15.659374766650188
2022-06-08 04:00:00,18.77086355538955,19.151293835413707,18.50725874187541,18.62009048461914,363252000,0.004,0.0,18.49884910583496,20.154401359558104,18.46263656421911,19.782560489904398,61.68160552050029,-0.19691967566655322,-0.5388432600916929,17.72292881011963,19.777003262394967,15.66885435784429
2022-06-09 04:00:00,18.453337064461234,18.90466013962826,18.013995158288274,18.020984649658203,395574000,0.0,0.0,18.606346130371094,19.942679786682127,18.382336216117125,19.713479084404547,55.985698656099665,-0.21205140959145652,-0.4734848899916457,17.793898105621338,19.781863325691127,15.805932885551549
2022-06-10 04:00:00,17.573663464310833,17.6705184338741,16.84375644527729,16.94860076904297,465248000,0.0,0.0,18.519154930114745,19.728797454833984,18.12165704392182,19.605052483802133,51.68919272629278,-0.3070365088741056,-0.4401952137681377,17.833959293365478,19.711439410819352,15.956479175911603
2022-06-13 04:00:00,15.976051298376328,16.287584572941764,15.582640981827987,15.623579978942871,604153000,0.0,0.0,18.203625392913818,19.496480960845947,17.667461213925648,19.448916307140987,43.445409738738206,-0.4836557065665126,-0.4488873123278127,17.73135018348694,19.853593428464944,15.609106938508933
2022-06-14 04:00:00,15.707456379910642,16.04195504524191,15.388933562732417,15.812299728393555,469680000,0.0,0.0,17.920843601226807,19.27939931869507,17.330159125647086,19.306303892288145,48.24469440112897,-0.6014662580039101,-0.4794031014630322,17.660239362716673,19.94189981377553,15.378578911657817
2022-06-15 04:00:00,16.070909496579183,16.84275324285454,15.902162770980876,16.50226402282715,563936000,0.0,0.0,17.7421986579895,19.063179035186767,17.179632743316187,19.196341544466147,47.48378024453901,-0.6318737690270666,-0.5098972349758392,17.578054761886598,19.904030663089227,15.25207886068397
2022-06-16 04:00:00,15.836265162422025,15.918143180723174,15.377952421722947,15.577652931213379,545749000,0.0,0.0,17.344109725952148,18.856997833251953,16.88836368657022,19.054432187083687,37.35406932533105,-0.7222546266351735,-0.5523687133077061,17.51148376464844,19.989331525939946,15.033636003356932
2022-06-17 04:00:00,15.624580465017962,15.971061255573002,15.305059692003363,15.856233596801758,630334000,0.0,0.0,17.060930061340333,18.686816024780274,16.70070367024868,18.929012634523612,32.153178079907036,-0.7626120588266652,-0.594417382411498,17.449557399749757,20.03099775383779,14.868117045661723
2022-06-21 04:00:00,16.45034484868398,16.982546231843454,16.382445821281802,16.541208267211914,483089000,0.0,0.0,16.83965950012207,18.534307022094726,16.671704506060173,18.835373247570214,37.98473701186182,-0.7308985398690275,-0.621713613903004,17.443343353271484,20.033314937969884,14.853371768573084
2022-06-22 04:00:00,16.20171385370156,16.637062101149265,16.155783175702975,16.335514068603516,437135000,0.0,0.0,16.583842849731447,18.399426879882814,16.610578971977144,18.7373395542774,38.629164770674315,-0.7141310916872854,-0.6401971094598603,17.416661930084228,20.042289354637628,14.791034505530828
2022-06-23 04:00:00,16.49427470172325,16.56017590264097,15.82927210712029,16.200716018676758,463680000,0.0,0.0,16.341905403137208,18.28584976196289,16.536058435013437,18.63786412150875,27.475155047448254,-0.7036090768189709,-0.6528795029316825,17.420377254486084,20.038516977836505,14.802237531135663
2022-06-24 04:00:00,16.47530408880498,17.114345577356953,16.285587932705912,17.100366592407227,472153000,0.0,0.0,16.24984359741211,18.19851161956787,16.638659918175943,18.57757010075967,39.391167167501926,-0.6155799985838826,-0.6454196020621226,17.4280948638916,20.041252245599814,14.81493748218339
2022-06-27 04:00:00,17.286089668284855,17.30406237753292,16.60111557126495,16.843751907348633,427968000,0.0,0.0,16.239358711242676,18.092085037231445,16.675949370752793,18.509577230429823,37.553475407464525,-0.5600668779931581,-0.6283490572483297,17.379256820678712,19.998038032566782,14.76047560879064
2022-06-28 04:00:00,16.874706609804687,17.176254673926298,15.921135965503867,15.958081245422363,461149000,0.0,0.0,16.272808837890626,17.986812839508058,16.545427893419987,18.4095185643511,32.56641466437874,-0.5808429545159903,-0.6188478367018618,17.23821711540222,19.843415781869997,14.633018448934447
2022-06-29 04:00:00,15.790330027066888,15.79632061215339,15.147293901018825,15.518736839294434,482352000,0.0,0.0,16.243452548980713,17.86227165222168,16.358756792669887,18.29615457513319,31.937650554061165,-0.6255486314313679,-0.6201879956477631,17.08214807510376,19.70763737700501,14.45665877320251
2022-06-30 04:00:00,15.338007890899755,15.543699880016256,14.839755192175502,15.136310577392578,686070000,0.0,0.0,16.106857204437254,17.72179599761963,16.13649384443765,18.1722391242414,32.76459379871817,-0.6839526256172803,-0.6329409216416666,16.92452793121338,19.622530046199916,14.226525816226843
2022-07-01 04:00:00,14.876701274121674,15.04045537832044,14.370460116526674,14.501263618469238,577610000,0.0,0.0,15.999218273162843,17.582915019989013,15.839179257897937,18.02827930048563,34.57129599312394,-0.7725754254705848,-0.6608678224074502,16.671663999557495,19.276584377776093,14.066743621338897
2022-07-05 04:00:00,14.153784067349683,14.948592199339451,14.033963789010635,14.94160270690918,651397000,0.0,0.0,15.907755184173585,17.478776378631594,15.675983521354526,17.907233159561063,45.1608349643098,-0.7980781997767341,-0.688309897881307,16.48434262275696,19.0165453927577,13.952139852756217
2022-07-06 04:00:00,14.987535781586866,15.296073337521799,14.766865866886278,15.107356071472168,529066000,0.0,0.0,15.76436996459961,17.391290016174317,15.572596712285005,17.79743405806738,44.981513694964896,-0.7957416069770744,-0.7097962397004606,16.30201473236084,18.665665374728537,13.93836408999314
2022-07-07 04:00:00,15.432868822871184,15.921136351435825,15.36596870679325,15.834266662597656,492903000,0.0,0.0,15.714245223999024,17.31061508178711,15.620173066887304,17.720447101382295,45.269418760236874,-0.7268554930188742,-0.7132080903641433,16.149044036865234,18.1789035841038,14.119184489626669
2022-07-08 04:00:00,15.406907353749817,16.012999251730946,15.365968349784286,15.81429672241211,467972000,0.0,0.0,15.675603294372559,17.25178279876709,15.655468276982722,17.64569610612856,51.92212861225536,-0.6661946810947015,-0.703805408510255,16.008754348754884,17.674756670606627,14.342752026903142
2022-07-11 04:00:00,15.502762850377351,15.503761757468185,15.01549330517654,15.12932300567627,437321000,0.0,0.0,15.478498935699463,17.186698246002198,15.559805500381549,17.54701480807161,44.46135268614087,-0.6657182197416454,-0.696187970756533,15.864171266555786,17.27765305190003,14.450689481211542
2022-07-12 04:00:00,15.245146823552572,15.407902955181866,14.8547322699357,15.059425354003906,458483000,0.0,0.0,15.300066280364991,17.092922420501708,15.46882729194925,17.449462280461113,37.54195012937831,-0.6633342724361437,-0.6896172310924552,15.769712495803834,17.12953837851163,14.40988661309604
2022-07-13 04:00:00,14.568163700340016,15.351988660054843,14.443350784404611,15.141304016113281,521918000,0.0,0.0,15.218388557434082,17.02544198989868,15.40927760543362,17.35894627009453,39.74623273010505,-0.6473755113597317,-0.6811688871459105,15.745598697662354,17.13315721597211,14.358040179352598
2022-07-14 04:00:00,15.085387539536947,15.449841012627651,14.705956174255292,15.348992347717285,456235000,0.0,0.0,15.201414108276367,16.94242889404297,15.398316649485194,17.280124547648366,42.77730790898359,-0.6109269796606895,-0.6671205056488664,15.72243332862854,17.120731424330145,14.324135232926935
2022-07-15 04:00:00,15.635561620276885,15.758376703350118,15.421881239880049,15.738407135009766,385935000,0.0,0.0,15.261623764038086,16.865826530456545,15.460151283216934,17.219665041270382,37.356318379136034,-0.5443438794325743,-0.6425651804056081,15.684240484237671,17.03372957389351,14.334751394581833
2022-07-18 04:00:00,16.27760370882183,16.87171259132762,15.97805342786807,16.076904296875,670517000,0.0,0.0,15.419187831878663,16.781379089355468,15.572288194791128,17.174850894431348,42.98761855061625,-0.4589716611628063,-0.6058464765570477,15.709203052520753,17.0688225954127,14.349583509628804
2022-07-19 04:00:00,16.46132482497789,17.084391408456785,16.147795623704503,16.966567993164062,702366000,0.0,0.0,15.621684360504151,16.744474029541017,15.825793612677115,17.166682937518907,59.215302975824564,-0.3158838259350798,-0.5478539464326542,15.764719772338868,17.235730285817723,14.29370925886001
2022-07-20 04:00:00,16.921634448859162,17.906158677551105,16.77585307121682,17.780345916748047,760538000,0.0,0.0,15.888983345031738,16.72721881866455,16.18116675887183,17.19074815239064,69.34243033493877,-0.13526139900711343,-0.46533543694754603,15.826676654815675,17.522580881056747,14.1307724285746
2022-07-21 04:00:00,17.858231499167427,18.116842722788554,17.518740229558066,18.02298355102539,557049000,0.0,0.0,16.10785503387451,16.749257316589354,16.516042539263385,17.22338483469004,75.29307382154626,0.027149047605380616,-0.3668385400369607,15.911050128936768,17.86223890249206,13.959861355381475
2022-07-22 04:00:00,17.866219692118694,17.94010834416642,17.111350658354734,17.293079376220703,536671000,0.0,0.0,16.255733299255372,16.743819923400878,16.657321964164716,17.226117953965755,74.06195612738284,0.0958583345953592,-0.27429916511049673,15.965668296813964,18.009933156065102,13.921403437562825
2022-07-25 04:00:00,16.99352631457635,17.09837060572029,16.624081169858755,16.998519897460938,480748000,0.0,0.0,16.44265298843384,16.75175834655762,16.719357952036756,17.217192539985174,68.1850174950466,0.12510037214119762,-0.19441925766015788,15.96057596206665,17.99341493824731,13.927736985885993
2022-07-26 04:00:00,16.86372115260655,16.89367693541222,16.45333702198598,16.508255004882812,397865000,0.0,0.0,16.58753595352173,16.758975906372072,16.680975598008764,17.189391068020377,61.71312609390762,0.10747570503109216,-0.1340402651219079,15.943801116943359,17.951333648745752,13.936268585140965
2022-07-27 04:00:00,17.00650751415031,17.90915571659671,16.887686141429516,17.76337432861328,569776000,0.0,0.0,16.84974298477173,16.760728149414064,16.877775367209583,17.21190021549461,64.82048510695165,0.19256588961527754,-0.06871903417447081,16.034065771102906,18.200366338741084,13.867765203464728
2022-07-28 04:00:00,17.948097346099534,18.1128494016185,17.413898228562946,17.957082748413086,474646000,0.0,0.0,17.110552024841308,16.77517948150635,17.074013072882945,17.241123059922785,66.03405089794293,0.27249002909272946,-0.00047722152103075896,16.15598306655884,18.469614527810712,13.842351605306968
2022-07-29 04:00:00,17.78633814776451,18.21669280545941,17.66551896482929,18.135814666748047,435460000,0.0,0.0,17.350292778015138,16.774976654052736,17.267067908131143,17.276209005288482,74.341129048323,0.3462611742588457,0.06887045763494454,16.30595827102661,18.727631463750193,13.884285078303028
2022-08-01 04:00:00,18.154785619332486,18.817793251673763,17.96307355568242,18.41339874267578,476469000,0.0,0.0,17.583942222595216,16.80506317138672,17.47549169623017,17.320804681264455,76.27093221017606,0.4222565427762923,0.1395476746632141,16.50156502723694,18.94138911450072,14.06174093997316
2022-08-02 04:00:00,18.09487726327631,18.90965597324655,18.064921477467074,18.498271942138672,489527000,0.0,0.0,17.737112617492677,16.833133392333984,17.661451740940805,17.366979867965405,76.28205855702222,0.48375554493057393,0.20838924871668607,16.679398488998412,19.15863367456832,14.200163303428502
2022-08-03 04:00:00,18.156782869147662,18.939609802758543,18.109852333343436,18.864721298217773,418146000,0.0,0.0,17.84555015563965,16.877118034362795,17.880228024082072,17.425714826014516,76.85736453874874,0.5556580673890359,0.27784301245115606,16.867266750335695,19.41346360451614,14.321069896155251
2022-08-04 04:00:00,18.820791588477114,19.245154773313814,18.731924084681033,19.186243057250977,409652000,0.0,0.0,17.961876106262206,16.92346004486084,18.117685302840055,17.494755148808103,76.61479042640873,0.6313081262478697,0.3485360352104988,17.03486557006836,19.73159212917799,14.338139010958729
2022-08-05 04:00:00,18.781845979871633,19.200219474774293,18.638062407878817,18.96057891845703,386068000,0.0,0.0,18.12862606048584,16.980143432617187,18.270938687497686,17.552238433892377,72.65451134466751,0.6653820230996033,0.4119052327883197,17.192179679870605,19.955366861172227,14.428992498568984
2022-08-08 04:00:00,17.475804062122087,18.211700443423968,17.21619299789547,17.766366958618164,981859000,0.0,0.0,18.205410766601563,16.996550483703615,18.179198373155955,17.560635630940446,55.996386080748046,0.5892306232886035,0.4473703108883765,17.3240318775177,19.919324355798157,14.728739399237245
2022-08-09 04:00:00,17.226178614679633,17.4208864407512,16.69896902858045,17.060426712036133,668263000,0.0,0.0,18.260627937316894,16.98134876251221,17.975785343861443,17.541019594904984,44.513789908728135,0.4665386450963602,0.4512039777299732,17.42408194541931,19.796496843558064,15.051667047280556
2022-08-10 04:00:00,17.67151089037589,18.09088234146553,17.291080625113878,18.069913864135742,597422000,0.0,0.0,18.29128189086914,16.96716953277588,17.99289962027495,17.561760546639523,50.320211411108765,0.44562466126598466,0.45008811443717556,17.570512437820433,19.698613154814495,15.442411720826373
2022-08-11 04:00:00,18.10386408188988,18.67900220334982,17.849244670616443,17.915145874023438,509327000,0.0,0.0,18.287088203430176,16.952670097351074,17.978762575501946,17.575618794772225,54.6059321172188,0.41181455322734806,0.4424334021952101,17.698820114135742,19.55503151552209,15.842608712749396
2022-08-12 04:00:00,18.132819750863113,18.689985155231977,17.926128836719883,18.680997848510742,478094000,0.0,0.0,18.341606521606444,16.960515785217286,18.106441716048998,17.61896699295805,61.644773440554836,0.4417257138031552,0.44229186451679914,17.84594964981079,19.503769123783286,16.188130175838296
2022-08-15 04:00:00,18.673011261133464,19.135317654548857,18.585143621952405,19.003515243530273,457666000,0.0,0.0,18.400618171691896,16.94941524505615,18.269545993772866,17.673263002784413,67.68075800606606,0.48585435586492665,0.4510043627864247,17.992280197143554,19.502729398415322,16.481830995871785
2022-08-16 04:00:00,18.891687072980048,19.113354980982365,18.473313464602974,18.85074806213379,451240000,0.0,0.0,18.435865783691405,16.95266960144043,18.375219097111213,17.719438887464783,59.131337872170846,0.5027047207208426,0.4613444343733083,18.08648920059204,19.562208085098334,16.61077031608575
2022-08-17 04:00:00,18.495280247174353,18.660032327216296,18.11784568147686,18.307559967041016,446799000,0.0,0.0,18.38014965057373,16.94374252319336,18.36291743709845,17.742502459212872,52.77999587882037,0.46684650074903544,0.4624448476484538,18.11284990310669,19.58437223798482,16.641327568228558
2022-08-18 04:00:00,18.273613593758544,18.836768758763547,18.15579014741058,18.74490737915039,415447000,0.0,0.0,18.33601608276367,16.940767059326173,18.432370153835166,17.78181245607317,54.64093838396404,0.4683203783667551,0.46361995379211407,18.14894609451294,19.646375991356916,16.651516197668965
2022-08-19 04:00:00,18.378448226499735,18.492277900045263,17.743400573791206,17.822282791137695,441588000,0.0,0.0,18.222186470031737,16.924810905456543,18.321445178799262,17.783399528036483,45.89913606825709,0.39053845918456176,0.4490036548706036,18.17540626525879,19.627164231703464,16.723648298814116
2022-08-22 04:00:00,17.463823686257303,17.531722707583775,16.94060775357587,17.008506774902344,409593000,0.0,0.0,18.146400451660156,16.904561347961426,18.08272910536346,17.753011576933183,40.61401505956773,0.2602310230978624,0.4112491285160554,18.175905609130858,19.625965032841968,16.725846185419748
2022-08-23 04:00:00,16.963570926492032,17.438858274860547,16.944598360408204,17.155282974243164,369986000,0.0,0.0,18.155886077880858,16.90869499206543,17.91410253606886,17.729571239572792,38.9234034285816,0.16688134949475497,0.3623755727117953,18.208257007598878,19.524341578848258,16.892172436349497
2022-08-24 04:00:00,16.98653564207085,17.379946910113844,16.86971209270248,17.19622230529785,522661000,0.0,0.0,18.06851692199707,16.94014783859253,17.783578857746857,17.70865559509142,36.618758035075764,0.09510817465343635,0.30892209310012353,18.179899406433105,19.55926492903328,16.80053388383293
2022-08-25 04:00:00,16.818788307961942,17.920138013113437,16.80780509236145,17.886188507080078,770691000,0.0,0.0,18.065621185302735,16.98162561416626,17.802235157625624,17.71561767007137,43.20019990535881,0.0928318153084966,0.26570403754179817,18.176354694366456,19.55849273630237,16.794216652430542
2022-08-26 04:00:00,17.830276401600646,17.89717556881222,16.212699979656055,16.235666275024414,769127000,0.0,0.0,17.8210880279541,16.976293659210206,17.51740445169813,17.657580360461687,40.841226532103775,-0.0416751606990573,0.2042281978936271,18.081347274780274,19.713784993085472,16.448909556475076
2022-08-29 04:00:00,15.996022498598261,16.31354541940779,15.743400917707921,15.777349472045898,496132000,0.0,0.0,17.498471450805663,16.980287590026855,17.201030819034088,17.58384581581793,42.08841287000997,-0.18314407307136094,0.1267537437006295,17.949544811248778,19.86945496290225,16.029634659595306
2022-08-30 04:00:00,15.936111266550355,16.014992540192395,15.159275891210998,15.44484806060791,530181000,0.0,0.0,17.157881450653075,16.97205987930298,16.8817248629566,17.499963550907733,32.33911293049431,-0.31841875720344603,0.0377192435198144,17.796873617172242,19.998069257966048,15.595677976378436
2022-08-31 04:00:00,15.360976126984164,15.516742794473238,14.93661199162875,15.071410179138184,573710000,0.0,0.0,16.834266471862794,16.942663917541505,16.552576738625977,17.404726163779515,31.414786407409963,-0.45056440902299855,-0.05993748698874819,17.607208061218262,20.06027863985082,15.154137482585705
2022-09-01 04:00:00,14.187732809926837,14.358477351582556,13.250139048117646,13.91614055633545,1178865000,0.0,0.0,16.351389789581297,16.894276447296143,16.073224705482243,17.26791888505622,20.367619994973012,-0.641120950483856,-0.17617417968776974,17.343702936172484,20.18421127804678,14.503194594298186
2022-09-02 04:00:00,14.078896568766249,14.149789448130205,13.570657624383497,13.626574516296387,743157000,0.0,0.0,15.931818962097168,16.842793617248535,15.62837921653936,17.12512106667348,16.42349576527816,-0.8062104496886828,-0.3021814336879524,17.077002716064452,20.25937164141323,13.894633790715673
2022-09-06 04:00:00,13.710449751958874,13.758378249021042,13.331018356208773,13.44484806060791,535751000,0.0,0.0,15.575453090667725,16.769683246612548,15.23137355182455,16.980796635063065,16.364310226786017,-0.9408631882694518,-0.4299177846042523,16.86092677116394,20.411732165165084,13.310121377162794
2022-09-07 04:00:00,13.546725262384383,13.821395856950085,13.329985636577405,13.69754409790039,512657000,0.004,0.0,15.229679203033447,16.706759090423585,14.952495469292884,16.852041633605705,20.24055278999127,-1.0154801720655904,-0.54703026209652,16.692782640457153,20.51214551736392,12.873419763550386
2022-09-08 04:00:00,13.442850204572082,13.991192199632435,13.352958995533832,13.973213195800781,624873000,0.0,0.0,14.90737829208374,16.667061729431154,14.774444146839773,16.73914640075061,18.540165977170034,-1.040377651024178,-0.6456997398820515,16.487947607040404,20.433663484182556,12.542231729898251
2022-09-09 04:00:00,14.140012160343346,14.45663217073669,14.109050173580943,14.369736671447754,486612000,0.0,0.0,14.555733108520508,16.64408172607422,14.70086096949577,16.6462283721505,25.540526133227644,-1.0163965649597912,-0.7198391048975995,16.310677146911623,20.304689160270854,12.316665133552391
2022-09-12 04:00:00,14.3517581199462,14.529544023025807,14.18096283409226,14.487594604492188,484159000,0.0,0.0,14.380925941467286,16.63110740661621,14.662085266767845,16.56157606753645,30.18701810488041,-0.9766233254931524,-0.7711959490167102,16.101006984710693,20.0104720177938,12.191541951627588
2022-09-13 04:00:00,13.78543726600946,13.90529314840451,13.083280816767804,13.115242004394531,714956000,0.0,0.0,14.114715194702148,16.603386974334718,14.380841037245423,16.42642571211912,23.37645181417382,-1.0438077660841376,-0.8257183124301958,15.806593322753907,19.682436327871162,11.930750317636651
2022-09-14 04:00:00,13.238095726138331,13.274052779821835,12.897505301404209,13.112247467041016,588507000,0.0,0.0,13.881455135345458,16.566799869537352,14.15018766084462,16.29645793780233,22.95166066204152,-1.0847887835886478,-0.8775324066618863,15.519668292999267,19.294971900460364,11.744364685538171
2022-09-15 04:00:00,12.999382771846772,13.217120637994404,12.774652383419461,12.913485527038574,523625000,0.0,0.0,13.665662670135498,16.522922458648683,13.925332727425339,16.163792353066498,14.773555932228575,-1.120389806379114,-0.9261038866053318,15.249964570999145,18.956755039162058,11.543174102836232
2022-09-16 04:00:00,12.726708238855368,13.196144469129576,12.6018582485453,13.182161331176758,670751000,0.0,0.0,13.592264747619629,16.469880352020265,13.790210655380141,16.046865646325724,23.103269375902627,-1.1140815429204043,-0.9636994178683463,14.971827268600464,18.39866812793618,11.544986409264748
2022-09-19 04:00:00,12.99638795831905,13.446847050520544,12.99439050275402,13.365943908691406,569685000,0.0,0.0,13.56620168685913,16.420913295745848,13.71307124689128,15.941731460536143,27.679674532071004,-1.0817823668712965,-0.9873160076689365,14.74901032447815,17.968725861935,11.529294787021298
2022-09-20 04:00:00,13.19914238617269,13.466820440382488,13.041331990997975,13.160188674926758,524818000,0.0,0.0,13.537735748291016,16.38153060913086,13.61254714289773,15.83265135129656,28.344745034224246,-1.0605622633511267,-1.0019652588053745,14.55659441947937,17.665825195557986,11.447363643400756
2022-09-21 04:00:00,13.197146786918447,14.014165156265861,13.094269730528072,13.245088577270508,807679000,0.0,0.0,13.492490196228028,16.345243873596193,13.54573649460187,15.731178301334754,31.687454590067958,-1.0250780046984875,-1.0065878079839972,14.361084699630737,17.26741664170499,11.454752757556484
2022-09-22 04:00:00,13.054316087751957,13.133221762579595,12.413087222872996,12.545927047729492,759162000,0.0,0.0,13.349761581420898,16.293336334228517,13.363952958806891,15.606266487467881,34.877643225661004,-1.0413687160343255,-1.0135439895940628,14.128569936752319,16.815680112437427,11.441459761067211
2022-09-23 04:00:00,12.405096807170457,12.595867603171111,12.24229229089388,12.500981330871582,663309000,0.0,0.0,13.162886047363282,16.236376113891602,13.207049026455016,15.48449059897391,36.86835084190218,-1.0458500574167733,-1.0200052031586049,13.859309577941895,15.980728653177337,11.737890502706453
2022-09-26 04:00:00,12.47601329811459,12.643811950343157,12.19934521986969,12.21332836151123,547343000,0.0,0.0,12.935459423065186,16.16587453842163,13.02637254191978,15.35620972691655,35.9791029957903,-1.0603892363130587,-1.0280820097894956,13.658192682266236,15.584750159612812,11.73163520491966
2022-09-27 04:00:00,12.49199173171832,12.720717026131021,12.243290932361806,12.398104667663574,553854000,0.0,0.0,12.86374568939209,16.0922985458374,12.912142019327742,15.240205606945846,34.97344305923254,-1.044956132834315,-1.0314568343984596,13.48923044204712,15.215573956786848,11.762886927307392
2022-09-28 04:00:00,12.395109331442937,12.807613887508177,12.339176768594774,12.720718383789062,542414000,0.0,0.0,12.824592781066894,16.007381553649903,12.877337721957073,15.141402186429895,35.67186871327242,-0.9952207708984009,-1.024209621698448,13.353023958206176,14.843440400226035,11.862607516186317
2022-09-29 04:00:00,12.433064606918302,12.485002262049875,11.931667060858953,12.205338478088379,532763000,0.0,0.0,12.753778076171875,15.89588140487671,12.755156041253674,15.0262624331616,25.89548012638025,-0.986025698942985,-1.0165728371473555,13.209720373153687,14.547824528313129,11.871616217994244
2022-09-30 04:00:00,12.072494920524539,12.617840174725137,12.06050923727058,12.124432563781738,565638000,0.0,0.0,12.648005199432372,15.777910385131836,12.640479045349684,14.912465183381999,23.46347177342406,-0.9740388556867874,-1.008066040855242,13.120134973526001,14.498409428296533,11.74186051875547
2022-10-03 04:00:00,12.332185359057721,12.662788530616552,12.090475147831796,12.496987342834473,547478000,0.0,0.0,12.56110954284668,15.681988544464112,12.614389644892372,14.817740562184056,41.04721140522241,-0.9238278268216078,-0.9912183980485152,13.063655614852905,14.447116252470662,11.680194977235148
2022-10-04 04:00:00,12.863544835805731,13.204136190107327,12.863544835805731,13.151199340820312,584182000,0.0,0.0,12.560210609436036,15.605042133331299,12.71199140778836,14.752386004483517,50.474550812629346,-0.8217728975087457,-0.9573292979405613,13.048973178863525,14.421590393871957,11.676355963855093
2022-10-05 04:00:00,12.895506835206982,13.305014675934647,12.605854878165715,13.193148612976074,507131000,0.0,0.0,12.555016613006591,15.538740005493164,12.799474536004308,14.691239440110676,53.54249134092034,-0.7291040178180523,-0.9116842419160596,13.02375340461731,14.364357523620832,11.683149285613787
2022-10-06 04:00:00,13.20413661584121,13.639613297811657,13.087276433613106,13.11424446105957,644157000,0.0,0.0,12.6118483543396,15.44575740814209,12.8567054314689,14.629396499755732,49.09624778363957,-0.6544856653036621,-0.8602445265935802,12.98080496788025,14.246266443126789,11.71534349263371
2022-10-07 04:00:00,12.489995225103874,12.654797201659376,12.007574980325952,12.06151008605957,672478000,0.0,0.0,12.567901229858398,15.32784595489502,12.712124459576293,14.528695071767647,35.90241961749513,-0.6725442775467627,-0.8227044767842168,12.86539363861084,14.013040369917489,11.71774690730419
2022-10-10 04:00:00,12.022555556989856,12.109451052143639,11.394310633276682,11.655996322631836,698699000,0.0,0.0,12.512168025970459,15.198249588012695,12.520101161950027,14.41604021886036,34.416404084699124,-0.7113771169559993,-0.8004390048185733,12.723813724517822,13.717096458117927,11.730530990917716
2022-10-11 04:00:00,11.547126254028573,11.83178409135809,11.26945998596596,11.572096824645996,667482000,0.0,0.0,12.429567241668702,15.0614235496521,12.347736736985658,14.304513026930385,32.66403048624662,-0.7403876819512138,-0.7884287402451015,12.646656465530395,13.745993219070309,11.54731971199048
2022-10-12 04:00:00,11.56510792783292,11.720919942853115,11.331388476507488,11.486202239990234,492590000,0.0,0.0,12.306115627288818,14.92118215560913,12.191094101168307,14.193991035285674,37.41998253835133,-0.7615312802880787,-0.7830492482536969,12.565354204177856,13.756395238325629,11.374313170030083
2022-10-13 04:00:00,10.957835535283426,12.063507588455623,10.800025128253889,11.945649147033691,850103000,0.0,0.0,12.28014669418335,14.782800712585448,12.146467745871103,14.105820765158144,43.99827505600709,-0.7327673230922649,-0.7729928632214106,12.516962385177612,13.726943038857945,11.30698173149728
2022-10-14 04:00:00,12.042531591650091,12.096466691832878,11.190555515991965,11.21352767944336,713432000,0.0,0.0,12.189056205749512,14.623346405029297,11.976842279247876,13.99239750689482,40.1417956075258,-0.7602836865432927,-0.770451027885787,12.418530702590942,13.717674476284376,11.119386928897509
2022-10-17 04:00:00,11.504178571709462,11.93366289601578,11.503180320321372,11.873734474182129,580774000,0.0,0.0,12.126730918884277,14.481609516143799,11.958095405599558,13.909312682082557,45.27282437571315,-0.7205118203044734,-0.7604631863695244,12.343920230865479,13.584022585301842,11.103817876429115
2022-10-18 04:00:00,12.329186050392929,12.477008202026717,11.604057477583986,11.952638626098633,659362000,0.0,0.0,12.00687484741211,14.365334949493409,11.957103263872117,13.83258036616162,42.75755511304613,-0.6748462170265377,-0.7433397925009271,12.283542728424072,13.472855139283105,11.094230317565039
2022-10-19 04:00:00,11.864745537264808,12.335181032699738,11.819799458687841,12.036539077758789,523131000,0.0,0.0,11.89121389389038,14.264857196807862,11.97154613912424,13.762147374459548,48.26735508203288,-0.6246848540179251,-0.7196088048043267,12.223115253448487,13.326422705929952,11.119807800967022
2022-10-20 04:00:00,12.098464887612497,12.753677855723845,12.090474113843353,12.179368019104004,652398000,0.0,0.0,11.797726249694824,14.147046279907226,12.009331935484196,13.700077595818154,50.55680785663194,-0.5668719634164834,-0.689061436526758,12.204787302017213,13.297644776207349,11.111929827827076
2022-10-21 04:00:00,12.08348184147233,12.483002408632712,11.872735554326965,12.451040267944336,609494000,0.0,0.0,11.836679267883301,14.037764167785644,12.08964254138604,13.651095739823102,49.52457283196074,-0.49344502399599577,-0.6499381540206056,12.202290248870849,13.2925232365008,11.112057261240897
2022-10-24 04:00:00,12.492992866546548,12.69475016505971,12.049525348397546,12.583883285522461,517457000,0.0,0.0,11.929467964172364,13.915821876525879,12.179504494865387,13.609244271026999,43.41985858216698,-0.41969632619312947,-0.6038897884551104,12.22081799507141,13.324354291935501,11.11728169820732
2022-10-25 04:00:00,12.678769451493256,13.284042293994743,12.648804760926902,13.245088577270508,505482000,0.0,0.0,12.096767139434814,13.800653343200684,12.37324705530268,13.594963655585568,50.526766403091635,-0.3043874220065028,-0.543989315165389,12.263167190551759,13.456688674227735,11.069645706875782
2022-10-26 04:00:00,12.853555657909444,13.371931879012399,12.692748631168257,12.880522727966309,532953000,0.0,0.0,12.236199188232423,13.681248836517334,12.465478995786976,13.566946364306382,47.759456451403224,-0.23965906144003313,-0.48312326442031783,12.27115740776062,13.479622477761154,11.062692337760087
2022-10-27 04:00:00,13.613644355412672,13.821394941977852,13.106253573034632,13.160188674926758,583113000,0.0,0.0,12.357653141021729,13.57830141067505,12.591789846539662,13.550995082369926,62.36507389970454,-0.16390526680632433,-0.41927966489751917,12.31889991760254,13.590227420091665,11.047572415113414
2022-10-28 04:00:00,13.088277278813628,13.833382481522154,13.045328651305216,13.817400932312012,521040000,0.0,0.0,12.618040466308594,13.479751281738281,12.814628225770997,13.561442370602949,73.0212552776582,-0.050258948292698946,-0.34547552157655514,12.403548336029052,13.835637743177776,10.97145892888033
2022-10-31 04:00:00,13.761466429946742,13.821394849721266,13.281043677986505,13.480803489685059,486341000,0.0,0.0,12.778747367858887,13.392921695709228,12.935751001028098,13.558280061547345,69.29130230440296,0.01250186364708128,-0.27388004453182785,12.452739143371582,13.963753681625267,10.941724605117898
2022-11-01 04:00:00,13.794427679959076,13.90829120834188,13.502778241501344,13.526749610900879,432817000,0.0,0.0,12.936158466339112,13.323286552429199,13.043205293732239,13.5570435732867,70.79171351194299,0.06519618621942946,-0.2060647983815764,12.471516656875611,14.02773564951812,10.915297664233103
2022-11-02 04:00:00,13.833381731127423,14.192949423309877,13.19514852979882,13.20313835144043,672628000,0.0,0.0,13.052818393707275,13.244243659973144,13.072284031497365,13.543164937135867,63.17768897418795,0.07992279219557119,-0.1488672802661469,12.472016143798829,14.029216466320312,10.914815821277346
2022-11-03 04:00:00,13.027349108120536,13.76446345186093,12.94045361155459,13.404894828796387,500065000,0.0,0.0,13.175371074676514,13.168417110443116,13.132758721915367,13.537742579946084,75.83601065275923,0.10664446410617856,-0.09776493139168181,12.486548662185669,14.07411399835017,10.898983326021169
2022-11-04 04:00:00,13.969217209960792,14.211925646505437,13.680563492193205,14.139013290405273,612576000,0.0,0.0,13.344168376922607,13.093473606109619,13.31571409800444,13.561321823493504,76.24993231184072,0.18492708189546825,-0.041226528734251804,12.590423822402954,14.32586904887647,10.854978595929438
2022-11-07 05:00:00,14.210927816295182,14.394707053891961,13.937257367888478,14.28384017944336,410061000,0.0,0.0,13.514164066314697,13.054437084197998,13.491737021902425,13.589655876668008,76.60732984293193,0.25570532821324576,0.01815984265524771,12.72181601524353,14.554566848286905,10.889065182200154
2022-11-08 05:00:00,14.78323802463346,14.873130174501293,14.198940003022432,14.584477424621582,595292000,0.0,0.0,13.648102951049804,13.030579643249512,13.69041709512409,13.628668486391678,77.71011748013561,0.332226807670585,0.08097323565831516,12.872435045242309,14.800022336782163,10.944847753702454
2022-11-09 05:00:00,14.145006498501635,14.193948441801954,13.742490186400374,13.759469985961914,454414000,0.0,0.0,13.735997676849365,12.996872081756592,13.702972166185512,13.633797956963061,64.9640335461715,0.3225809140455578,0.1292947713357637,12.986098432540894,14.836041130052305,11.136155735029483
2022-11-10 05:00:00,14.782239371782323,15.754071291223399,14.52954272668995,15.731099128723145,700819000,0.0,0.0,13.993088722229004,13.010065860748291,14.071722523010536,13.716045061737967,73.49739330875235,0.4686284114650725,0.19716149936162547,13.175370931625366,15.3270841023213,11.023657760929433
2022-11-11 05:00:00,15.788031870821106,16.36933325391358,15.463422059049066,16.30740737915039,655487000,0.0,0.0,14.242089366912841,13.05789119720459,14.478210678672326,13.8176671134012,75.08069456164134,0.6236859019393428,0.28246637987716894,13.430064916610718,15.798956431544013,11.061173401677422
2022-11-14 05:00:00,16.198538674053413,16.52015277426041,15.902893396486796,16.27544593811035,527852000,0.0,0.0,14.52155361175537,13.110868625640869,14.804980725842876,13.914050596723127,72.302228762994,0.7355125285021522,0.3730756096021656,13.650150489807128,16.219631240797828,11.080669738816427
2022-11-15 05:00:00,16.7019343741324,16.97760225522801,16.362342208466583,16.6460018157959,545876000,0.0,0.0,14.833478832244873,13.17489170074463,15.13971183310706,14.02118593864755,77.68802112384002,0.8443040862399283,0.4673213049297182,13.884818649291992,16.651264005020767,11.118373293563215
2022-11-16 05:00:00,16.142607624032543,16.342366497933718,15.853953889002272,15.890909194946289,649547000,0.0,0.0,15.102255916595459,13.218759002685546,15.276293171623283,14.094508419286717,68.76716552203636,0.8596826293998703,0.5457935698237486,14.077537155151367,16.83885827326672,11.316216037036014
2022-11-17 05:00:00,15.69614237342874,16.246481775556962,15.516358066087552,15.658187866210938,710894000,0.0,0.0,15.327585220336914,13.25245849609375,15.34572857063922,14.155829181911196,63.43489078454632,0.8433697281086854,0.605308801480736,14.251478147506713,16.94683670122792,11.556119593785507
2022-11-18 05:00:00,15.946841401381178,15.982799407628512,15.101856830467838,15.390510559082031,492072000,0.0,0.0,15.45273494720459,13.272873973846435,15.353870750356094,14.204248059447307,64.07954399240082,0.7996247384587711,0.6441719888763431,14.398451662063598,16.999356088934046,11.797547235193148
2022-11-21 05:00:00,15.128823202094654,15.458427110416554,15.06190321660451,15.298619270324707,404739000,0.0,0.0,15.554212856292725,13.289094467163086,15.343825026714024,14.247164577520932,62.975416309214296,0.748908706570548,0.6651193324151841,14.53418846130371,17.017034747560608,12.051342175046813
2022-11-22 05:00:00,15.309606900976542,16.038731416885003,15.1038537674951,16.018754959106445,472866000,0.0,0.0,15.69764060974121,13.347164726257324,15.466539559876281,14.316638710132128,69.48707157838264,0.758086073209709,0.6837126805740891,14.672871780395507,17.16238641925062,12.183357141540395
2022-11-23 05:00:00,16.07868170486478,16.507167751178848,16.028742467722342,16.499176025390625,427241000,0.0,0.0,15.971611213684081,13.414903297424317,15.654291644515252,14.402228408769718,70.62033703682096,0.7949613478219231,0.7059624140236559,14.853804445266723,17.320728137312795,12.386880753220652
2022-11-25 05:00:00,16.298421486545415,16.467217430103638,16.15259675746312,16.250478744506836,167934000,0.0,0.0,16.023549175262453,13.481643161773682,15.762689299059176,14.474708814092743,65.04415061436868,0.7949537445806829,0.7237606801350613,15.008318948745728,17.41497657734725,12.601661320144206
2022-11-28 05:00:00,16.00676784560978,16.337371925299387,15.70613035675524,15.80800724029541,303741000,0.0,0.0,15.973609161376952,13.534160079956054,15.77092892473849,14.526995026885006,60.41779788700968,0.7505916135619266,0.7291268668204345,15.107849264144898,17.471392297692944,12.74430623059685
2022-11-29 05:00:00,15.808008631345784,15.912883135727961,15.501377797341771,15.620234489440918,298384000,0.0,0.0,15.90808801651001,13.579245891571045,15.743529936502567,14.569867162671512,57.19041752579778,0.6923021847632622,0.721761930409,15.21482081413269,17.45894750424659,12.970694124018788
2022-11-30 05:00:00,15.682175681304692,16.91401202037875,15.582270690561987,16.907018661499023,565298000,0.004,0.0,15.934189701080323,13.65418249130249,15.955073341047376,14.661520162625532,70.5343130740435,0.7413937949026952,0.7256883033077391,15.383834266662598,17.60166322313601,13.166005310189185
2022-12-01 05:00:00,16.98294893105775,17.248696597102803,16.619292324606402,17.118820190429688,470977000,0.0,0.0,16.05698080062866,13.731657123565673,16.166663677298704,14.757884869598245,61.75179883248515,0.7883027989448372,0.7382112024351588,15.579618358612061,17.674838399743816,13.484398317480306
2022-12-02 05:00:00,16.643267526890366,16.91700892717154,16.429468928660246,16.860061645507812,371389000,0.0,0.0,16.17716817855835,13.81793981552124,16.292736035154906,14.840323174535875,54.94612268364413,0.7954296526713254,0.7496548924823921,15.752376699447632,17.65337101223118,13.851382386664085
2022-12-05 05:00:00,16.66324582682828,16.97894731716057,16.456440627837587,16.594310760498047,352255000,0.0,0.0,16.29754819869995,13.89980640411377,16.347567803399112,14.909107001436354,52.7391381996864,0.7707491437933349,0.7538737427445807,15.87514157295227,17.650406666992332,14.09987647891221
2022-12-06 05:00:00,16.514388304158608,16.557346959456986,15.804059392833134,15.971900939941406,352694000,0.0,0.0,16.364876365661623,13.974977855682374,16.27926473731589,14.950785195103219,44.449456116649955,0.6929781708810658,0.7416946283718778,15.959544610977172,17.56902860972801,14.350060612226333
2022-12-07 05:00:00,15.75710452343126,16.17071403382129,15.652203194730875,16.10477638244629,372388000,0.0,0.0,16.373478507995607,14.049111289978027,16.247539581885054,14.996039751469613,51.962023588798154,0.6347490602136556,0.7203055147402334,16.035559558868407,17.50949457707542,14.561624540661395
2022-12-08 05:00:00,16.257630719193045,17.1627751311084,15.943926212713347,17.15278434753418,515456000,0.0,0.0,16.43883934020996,14.13775260925293,16.412129539275803,15.080617970923127,61.927277609110526,0.6654961295813706,0.7093436377084609,16.205225276947022,17.311302217899133,15.099148335994911
2022-12-09 05:00:00,17.14379362368255,17.56639446997388,16.958968874684317,16.984943389892578,465338000,0.0,0.0,16.512285804748537,14.233344707489014,16.516277512115217,15.155297399118007,62.93003068775212,0.6686126901051068,0.7011974481877901,16.267917490005495,17.402608535956432,15.133226444054557
2022-12-12 05:00:00,17.020909499688667,17.521435764939,16.781136404259517,17.5184383392334,457328000,0.0,0.0,16.683328914642335,14.341224822998047,16.69848857159125,15.247969592848023,66.79842815748736,0.7059929236240521,0.7021565432750425,16.328469038009644,17.59376709318632,15.063170982832968
2022-12-13 05:00:00,18.51349970864757,18.772255889974957,17.69427441056782,18.054933547973633,656589000,0.0,0.0,16.926798820495605,14.45238374710083,16.9451149309335,15.358046610696086,65.84924551792903,0.7700312665526567,0.7157314879305654,16.417443418502806,17.898850324288503,14.936036512717108
2022-12-14 05:00:00,17.970014650100538,18.234765710233187,17.403550623982994,17.657310485839844,496888000,0.0,0.0,17.001828002929688,14.542505970001221,17.074605031825563,15.448213821486037,59.13242311312397,0.7797092537304628,0.7285270410905449,16.468008852005006,18.048021153076967,14.887996550933046
2022-12-15 05:00:00,17.12980640085517,17.303641853458835,16.684228478407395,16.935989379882812,478542000,0.0,0.0,16.983544921875,14.617362785339356,17.04940218601779,15.50655796103101,55.03060029315366,0.7208648619702842,0.7269946052664928,16.52026286125183,18.088999313603953,14.951526408899705
2022-12-16 05:00:00,16.848069929900596,17.02490277455029,16.39449832338077,16.55534553527832,478232000,0.0,0.0,16.95307331085205,14.68618480682373,16.959573704065157,15.547686885511297,55.53454353351805,0.6361819707142864,0.7088320783560516,16.5651207447052,18.080463309640052,15.049778179770348
2022-12-19 05:00:00,16.556347895867603,16.593311698540127,16.129751160735065,16.2386474609375,354039000,0.0,0.0,16.917506980895997,14.769727554321289,16.82849620531467,15.574783378665266,54.49395008796583,0.5373213751023194,0.6745299377053051,16.607527589797975,18.029028544487534,15.186026635108416
2022-12-20 05:00:00,16.04882697825247,16.29459492471564,15.837028268444671,16.069807052612305,403260000,0.0,0.0,16.927297592163086,14.858003768920899,16.690552723005148,15.594196071761228,42.735768932114674,0.44027442146469653,0.6276788344571834,16.646086978912354,17.955512279723305,15.336661678101406
2022-12-21 05:00:00,16.09878088961092,16.61129685665048,16.08679118681269,16.485414505004883,325025000,0.0,0.0,16.965361404418946,14.956270122528077,16.653254865186916,15.629145814241372,44.69186517672897,0.39237698195126924,0.5806184639560006,16.669419956207275,17.948046362417607,15.390793549996943
2022-12-22 05:00:00,16.07880051974723,16.122759590703474,14.867945252019002,15.32451343536377,565045000,0.0,0.0,16.782534313201904,15.033036346435546,16.41166551430998,15.617199446442251,38.821824856588066,0.25777147270925127,0.5160490657066508,16.610686826705933,18.023150520170145,15.198223133241722
2022-12-23 05:00:00,15.181648162416543,15.324512754745045,14.868944051199282,15.191638946533203,349326000,0.0,0.0,16.603203868865968,15.097956142425538,16.18984250198693,15.600510799386996,39.58767767680463,0.13877407493247418,0.44059406755181546,16.557744836807252,18.100428414096935,15.01506125951757
2022-12-27 05:00:00,15.05976312478845,15.085738590930205,14.042724012860875,14.10766315460205,464902000,0.0,0.0,16.26212635040283,15.155838851928712,15.811264438826042,15.541967754493468,37.04886739577816,-0.042509978806599236,0.34397325828013253,16.472727632522584,18.342184645085776,14.60327061995939
2022-12-28 05:00:00,13.91384786252494,14.248531538075772,13.870888249213039,14.022745132446289,351066000,0.0,0.0,15.858907508850098,15.198819065093994,15.486079110393359,15.482390396766128,35.43879803492925,-0.1908312878760583,0.23701234904889437,16.39285316467285,18.532636789151898,14.253069540193803
2022-12-29 05:00:00,14.388398226266634,14.669132015722159,14.213563317277028,14.589207649230957,354923000,0.0,0.0,15.55209722518921,15.25155044555664,15.323011572000194,15.447363622352984,30.776145673364283,-0.2596748330972165,0.1376749126196722,16.27696261405945,18.54661873922415,14.007306488894748
2022-12-30 05:00:00,14.320461558489656,14.615183015183472,14.219557117948435,14.600197792053223,310490000,0.0,0.0,15.31851806640625,15.30282361984253,15.191590884737108,15.414141432929465,31.68636190063829,-0.30977611971945684,0.048184706151846404,16.151031494140625,18.502044850166584,13.800018138114666
2023-01-03 05:00:00,14.836974338861145,14.9818378561514,14.082687257156094,14.301480293273926,401277000,0.0,0.0,15.09313154220581,15.345265865325928,15.029752595380165,15.370507662746896,24.371232963097185,-0.3693283684603639,-0.03531790877059565,16.02310242652893,18.487386330768125,13.558818522289734
2023-01-04 05:00:00,14.55324290716645,14.838972099538859,14.227550577248294,14.73507022857666,431324000,0.0,0.0,14.942773818969727,15.390946464538574,14.976173983234073,15.345588547681396,23.11051808650383,-0.3771888719972054,-0.10369210141591761,15.930140399932862,18.44348211451286,13.416798685352862
2023-01-05 05:00:00,14.477312235656612,14.550243235427955,14.13463581572924,14.25152587890625,389168000,0.0,0.0,14.760945701599121,15.42429931640625,14.844419782447195,15.302684129298058,22.79326954868762,-0.41762227591576284,-0.16647813631588668,15.844121646881103,18.4668253333224,13.221417960439807
2023-01-06 05:00:00,14.460328408212447,14.99582237530762,14.02074443406021,14.844964981079102,405044000,0.0,0.0,14.596900749206544,15.456296844482422,14.844518909471178,15.284734358779668,32.94768170387081,-0.39720176911548144,-0.21262286287580565,15.781131076812745,18.43777107543938,13.12449107818611
2023-01-09 05:00:00,15.26956527336169,16.04083551016208,15.12669972895464,15.613240242004395,504231000,0.0,0.0,14.625773429870605,15.510951194763184,14.984286424477217,15.297616942435539,42.773974020600996,-0.3153893652623534,-0.23317616335311522,15.704153871536255,18.281483833281737,13.126823909790772
2023-01-10 05:00:00,15.49235542656155,15.94692565619881,15.45738863240079,15.893976211547852,384101000,0.0,0.0,14.69600715637207,15.565626945495605,15.149684567580968,15.321003580439944,47.341677817359304,-0.22530225509746415,-0.23160138170198502,15.649605512619019,18.158058232895712,13.141152792342325
2023-01-11 05:00:00,15.825040282936422,16.012862454530836,15.548301464922973,15.98588752746582,353285000,0.0,0.0,14.883829593658447,15.608996677398682,15.301721469378213,15.34707746071547,49.34498694231663,-0.14482168198795442,-0.21424544175917892,15.572977972030639,17.930126353890525,13.215829590170753
2023-01-12 05:00:00,16.084794083982377,16.621285642542368,15.477367579612611,16.495405197143555,551409000,0.0,0.0,15.131095600128173,15.669288711547852,15.518754874426456,15.392109920967552,50.076853214468585,-0.03947142818726057,-0.17929063904479525,15.495001554489136,17.595671493633617,13.394331615344655
2023-01-13 05:00:00,16.262629378708784,16.906022287923534,16.149737115561667,16.88304328918457,447287000,0.0,0.0,15.360479164123536,15.736414585113526,15.766807313473386,15.45057789619175,63.60783477788057,0.07444045809504196,-0.1285444196168278,15.456288194656372,17.41276046978437,13.499815919528375
2023-01-17 05:00:00,16.88304243708615,17.711260084721463,16.88304243708615,17.685283660888672,511102000,0.0,0.0,15.66898775100708,15.82605749130249,16.115621194821617,15.538213416375942,69.49391692956509,0.2268357210664611,-0.05746839148017003,15.493752908706664,17.593016236680388,13.394489580732941
2023-01-18 05:00:00,17.650315114393536,17.856119943115402,17.265678479463602,17.3605899810791,439624000,0.0,0.0,15.974898719787598,15.905171394348145,16.34197915595934,15.60967916401136,78.8550204289634,0.3177472065314344,0.017574728122150857,15.534015130996703,17.746824100322005,13.321206161671402
2023-01-19 05:00:00,17.0199124023863,17.180761576267606,16.715202010993732,16.749168395996094,452932000,0.0,0.0,16.17630853652954,15.95737449645996,16.41601356323875,15.654365016246057,72.11864957540047,0.33657873158675855,0.0813755288150724,15.559541177749633,17.81788458297928,13.301197772519988
2023-01-20 05:00:00,16.994932235706603,17.839135325204627,16.80910900112207,17.82215118408203,564967000,0.0,0.0,16.53337106704712,16.028140716552734,16.67167494884662,15.739376238514135,74.23605724307,0.4330911889379614,0.15171866083965022,15.64715838432312,18.115102051072785,13.179214717573455
2023-01-23 05:00:00,18.04694164648841,19.226828109758845,17.80117555604074,19.174877166748047,655163000,0.0,0.0,16.966362285614014,16.119948711395264,17.126802624828695,15.874101765111543,78.55094108192549,0.6116806149507177,0.24371105166186371,15.781631517410279,18.69481423122236,12.8684488035982
2023-01-24 05:00:00,18.809217256229907,19.476587493158043,18.802223898332766,19.246803283691406,496204000,0.0,0.0,17.329718589782715,16.229695377349852,17.51225729007646,16.006364569761736,81.7633286858205,0.7503680820963581,0.34504245774876263,15.97774600982666,19.265386334162244,12.690105685491076
2023-01-25 05:00:00,18.89513781742045,19.351706937761307,18.562452134690616,19.304750442504883,449537000,0.0,0.0,17.67079601287842,16.30116840362549,17.838165135972535,16.135713035359508,80.83871343931747,0.8550977162372213,0.4470535094464544,16.183401584625244,19.76539925298452,12.60140391626597
2023-01-26 05:00:00,19.6823921496768,20.14695309854506,19.259791347875655,19.783296585083008,489535000,0.0,0.0,18.050536918640137,16.37068618774414,18.191825399447165,16.278755527505528,87.35663008339625,0.9655807661402882,0.5507589607852211,16.46718325614929,20.250408638619977,12.683957873678604
2023-01-27 05:00:00,19.443617204129126,20.608516233257916,19.386671835768066,20.34576416015625,542142000,0.0,0.0,18.435572814941406,16.452092552185057,18.583450628667,16.438246062119283,87.30351969465988,1.0860069990771315,0.6578085684436032,16.78333420753479,20.758384197456415,12.808284217613165
2023-01-30 05:00:00,19.9311576524384,20.120976822256097,19.131912122534917,19.143901824951172,488611000,0.0,0.0,18.661658668518065,16.502050552368164,18.68535084617321,16.54435020968132,72.61326308837796,1.072106830061692,0.740668220767221,17.011068916320802,20.978719226599495,13.043418606042112
2023-01-31 05:00:00,19.151894998761787,19.668406917071884,18.932103463425523,19.5185489654541,498017000,0.0,0.0,18.84498519897461,16.57460334777832,18.83684141331519,16.660985455005743,72.9388008938349,1.0788850241773353,0.808311581449244,17.256986474990846,21.205106090915663,13.308866859066029
2023-02-01 05:00:00,19.67239962031662,21.17198120817936,19.59247526553729,20.9232177734375,660477000,0.0,0.0,19.20124797821045,16.679903945922852,19.216182569701065,16.82813182043444,76.79462323630578,1.1839539412959326,0.8834400534185818,17.588073348999025,21.602657162089862,13.57348953590819
2023-02-02 05:00:00,20.980167492431757,21.92827065743993,20.680451576187373,21.68849754333496,564276000,0.0,0.0,19.695180892944336,16.80586368560791,19.665694383089043,17.018734397803087,77.4214081234233,1.313828499699234,0.9695177426747122,17.935744714736938,22.11114987908854,13.760339550385336
2023-02-03 05:00:00,20.980168365547787,21.724465653147362,20.769367184168857,21.080074310302734,429366000,0.0,0.0,20.020973205566406,16.92149278640747,19.922854369855166,17.17800262966582,71.6568807559766,1.3520744798622246,1.0460290901122147,18.277172136306763,22.29799755175285,14.256346720860675
2023-02-06 05:00:00,20.78635048863154,21.549628903077547,20.7663689193781,21.06908416748047,452197000,0.0,0.0,20.21039390563965,17.022499370574952,20.13125978760522,17.330594062521296,69.01314351119514,1.36575431640453,1.1099741353706778,18.58837809562683,22.451051554943014,14.725704636310644
2023-02-07 05:00:00,21.361806230961744,22.23797877641693,21.13002498740977,22.15205955505371,664150000,0.0,0.0,20.500919532775878,17.135557041168212,20.49867792714131,17.519671140659824,74.80862053913725,1.4472991843121292,1.177439145158968,18.9153190612793,22.824330030524386,15.00630809203421
2023-02-08 05:00:00,22.365855944634315,22.85639335249941,21.987214177175577,22.18402862548828,559651000,0.0,0.0,20.788847351074217,17.254228038787844,20.805105326840756,17.702587120457018,79.93617805427743,1.4972444148235518,1.2414001990918848,19.22982168197632,23.127444539970252,15.332198823982386
2023-02-09 05:00:00,22.584653507589806,22.998262115302975,22.0991123881512,22.315906524658203,523876000,0.0,0.0,21.04210834503174,17.3843860244751,21.079796453716654,17.88350160689628,77.6154493165123,1.5298328533081786,1.2990867299351436,19.546322631835938,23.361991368483352,15.730653895188524
2023-02-10 05:00:00,21.669516693052636,22.057148851622582,20.791347102373106,21.244916915893555,550737000,0.0,0.0,21.13202362060547,17.496879673004152,21.109818355930635,18.015321815092253,63.17729453477696,1.4524960445464394,1.3297685928574028,19.783798217773438,23.385144160097063,16.182452275449812
2023-02-13 05:00:00,21.517655957569065,22.027174455523305,20.94219981648068,21.767419815063477,474919000,0.0,0.0,21.3943754196167,17.59408769607544,21.22938225759115,18.16246291313034,65.17502627868751,1.4170330091877332,1.3472214761234689,20.028017044067383,23.459559849326805,16.59647423880796
2023-02-14 05:00:00,21.5576169213997,23.027228111755473,21.34581727953393,22.949302673339844,675474000,0.0,0.0,21.737450790405273,17.710697345733642,21.54209506045455,18.350182119413066,69.32612259800892,1.4673813091060914,1.3712534427199934,20.29121799468994,23.773309738410667,16.809126250969214
2023-02-15 05:00:00,22.52770321112583,22.8334139631762,22.08512271870245,22.74250030517578,420575000,0.0,0.0,21.919379043579102,17.828346118927,21.76035055949477,18.52242989140376,66.15755236891343,1.4736086337001915,1.3917244809160332,20.560313510894776,23.91843110092479,17.202195920864764
2023-02-16 05:00:00,22.112097049271306,22.528703052174777,21.906292220376635,21.98122215270996,412026000,0.0,0.0,21.9486515045166,17.93608434677124,21.80050903098844,18.658068803611847,58.740016190594815,1.4009655894253612,1.3935727026178988,20.82191619873047,23.712589595459285,17.931242802001655
2023-02-17 05:00:00,21.6105702785936,21.719466582327403,20.95518972612229,21.367799758911133,465888000,0.0,0.0,21.97742404937744,18.044002323150636,21.721834617883474,18.764332762643193,62.68231956761272,1.2791521234434597,1.370688586783011,20.999198627471923,23.527430078756108,18.470967176187738
2023-02-21 05:00:00,20.98016579111472,21.47369869665402,20.59852661530796,20.6354923248291,410015000,0.0,0.0,21.934064865112305,18.134616641998292,21.52431783732813,18.837711569003424,56.119989415428144,1.110719303520117,1.3186947301304324,21.072229385375977,23.459001988881905,18.685456781870048
2023-02-22 05:00:00,20.687445203336978,21.084069639386776,20.401714095187934,20.734399795532227,513184000,0.0,0.0,21.792298889160158,18.20624895095825,21.38069637518342,18.912091499455535,48.79266351149723,0.9739885527699386,1.2497534946583337,21.146609210968016,23.38176127921899,18.911457142717044
2023-02-23 05:00:00,23.417863675966604,23.865440536709627,23.003254689456554,23.641651153564453,1117995000,0.0,0.0,21.938061141967772,18.33938310623169,21.791779062161787,19.09756442706765,59.80343256801942,1.0876812233041946,1.217339040387506,21.363454246520995,23.686016481025803,19.040892012016187
2023-02-24 05:00:00,23.20306245553744,23.451827803324537,22.925325171391652,23.26400375366211,589716000,0.0,0.0,22.032870864868165,18.454294414520263,22.05945627879821,19.260954204581157,61.22173123543635,1.1342357312997429,1.2007183785699533,21.53748960494995,23.883026325342698,19.191952884557203
2023-02-27 05:00:00,23.64764848760603,23.85744926987565,23.431852852829415,23.47880744934082,452994000,0.0,0.0,22.25625991821289,18.56277189254761,22.317520127987773,19.426360214179574,62.127911122391595,1.1749196351532518,1.1955586298866132,21.69414176940918,24.121617579097858,19.2666659597205
2023-02-28 05:00:00,23.349925522833068,23.80249869803318,23.184081939450895,23.194072723388672,455963000,0.0,0.0,22.39892520904541,18.673507137298586,22.476893327151572,19.574113645913265,55.70255107781832,1.1706912097755904,1.1905851458644088,21.896650314331055,24.093102439609066,19.700198189053044
2023-03-01 05:00:00,23.170096195793,23.23403683456975,22.48674217124683,22.676563262939453,460026000,0.0,0.0,22.371651268005373,18.788318614959717,22.513196951840275,19.69577833677704,52.55944111947375,1.1127543245603881,1.1750189816036047,22.05455102920532,23.966846683248967,20.142255375161675
2023-03-02 05:00:00,22.466764374216684,23.357920308553588,22.410815596059578,23.291982650756836,389415000,0.0,0.0,22.426599502563477,18.923051357269287,22.654794351643286,19.83680595693311,54.82944963460032,1.1037745015588598,1.1607700855946559,22.172989273071288,24.083675256550897,20.262303289591678
2023-03-03 05:00:00,23.29797225931085,23.877424330912085,23.108151194574255,23.867433547973633,412393000,0.0,0.0,22.615220642089845,19.075627079010008,22.87527420552153,19.994869784032737,63.64484041056168,1.1300653157765659,1.154629131631038,22.28193607330322,24.32050861125907,20.243363535347374
2023-03-06 05:00:00,23.868435128806954,24.225096378883002,23.46481548162868,23.531753540039062,437429000,0.0,0.0,22.831616020202638,19.224866008758546,22.994634084524716,20.133571107797692,59.36175023282448,1.1110074024563232,1.1459047857960951,22.40452003479004,24.433623073077033,20.375416996503045
2023-03-07 05:00:00,23.58171705881991,24.106309951195037,23.222994023470914,23.26995849609375,515154000,0.004,0.0,23.0950626373291,19.360556888580323,23.044693068446357,20.25656669165244,51.88554306323023,1.0625310007373479,1.1292300287843458,22.514563751220702,24.476323610928876,20.55280389151253
2023-03-08 05:00:00,23.46879949770977,24.181248246140402,23.40584859068907,24.162261962890625,513573000,0.0,0.0,23.437848854064942,19.53731185913086,23.24788741289077,20.409731212093156,57.725743996897926,1.0836232018616911,1.120108663399815,22.615073871612548,24.70070580752669,20.529441935698408
2023-03-09 05:00:00,24.15626674263699,24.435051788763875,23.364880623058763,23.4178409576416,501257000,0.0,0.0,23.415467834472658,19.70183589935303,23.27878805739092,20.52769630015388,57.83184169656457,1.028415436490679,1.101770018017988,22.676764488220215,24.781613929724546,20.571915046715883
2023-03-10 05:00:00,23.390862722726986,23.608694224451664,22.70839135809084,22.947206497192383,474866000,0.0,0.0,23.383788108825684,19.878626766204835,23.218500500991183,20.62257905297892,58.74642934550922,0.9358981655061491,1.0685956475156202,22.708329486846925,24.809324313451437,20.60733466024241
2023-03-13 04:00:00,22.73437106627306,23.279947517007088,22.279723706349586,22.948204040527344,421890000,0.0,0.0,23.330727767944335,20.057135944366454,23.169355689997758,20.71378003288278,63.93610201022502,0.8528271940833818,1.0254419568291726,22.793493843078615,24.779670047111818,20.80731763904541
2023-03-14 04:00:00,23.477795275750477,24.20023465879967,23.44182196451992,24.044355392456055,474910000,0.0,0.0,23.415756034851075,20.246238899230956,23.328446544990175,20.84439083129742,67.80541628908765,0.8654665443295642,0.9934468743292509,22.907340621948244,24.906859538431892,20.907821705464595
2023-03-15 04:00:00,23.742591262461122,24.26718414675934,23.341902860231983,24.209230422973633,524486000,0.0,0.0,23.569022750854494,20.438419551849364,23.488589068259895,20.976345325088644,54.331063700220966,0.8786587266511461,0.97048924479363,22.970337009429933,25.053080435833415,20.88759358302645
2023-03-16 04:00:00,24.008384707139463,25.568174187780844,23.875486426840148,25.521211624145508,583253000,0.0,0.0,23.79194564819336,20.662814178466796,23.858156805693643,21.154575376032053,65.07466975711152,0.983640746208529,0.9731195450766098,23.10927257537842,25.478977676399012,20.739567474357827
2023-03-17 04:00:00,25.961871359937923,26.37854811527238,25.648113542090044,25.70507049560547,848547000,0.0,0.0,23.97570934295654,20.882214183807374,24.19395929476852,21.333026165034934,64.92971463494561,1.0693488396396589,0.9923654039892197,23.295464992523193,25.868440027691328,20.72248995735506
2023-03-20 04:00:00,25.59515337288159,26.0038368777567,25.110528539041603,25.879932403564453,432747000,0.0,0.0,24.210527229309083,21.114782314300538,24.50049986000414,21.511336213604718,68.28125340786231,1.1382618417987835,1.0215446915511326,23.52107162475586,26.172449182130144,20.869694067381573
2023-03-21 04:00:00,26.159720832747663,26.37155650722191,25.361339965161736,26.1787052154541,547408000,0.0,0.0,24.501401901245117,21.341457118988036,24.805628106449586,21.694370292108616,74.56883828461798,1.2031155938200762,1.0578588720049213,23.79823226928711,26.33601629931287,21.260448239261347
2023-03-22 04:00:00,26.40452474253013,27.567624321193616,26.21667068225775,26.447492599487305,797295000,0.0,0.0,24.729924964904786,21.558142166137696,25.104148923365532,21.880767245339154,73.26876273568399,1.2616579476192342,1.098618687127784,24.083886909484864,26.4499269665428,21.717846852426927
2023-03-23 04:00:00,27.093991987859635,27.477695255263573,26.66932202581043,27.169933319091797,564889000,0.0,0.0,25.105134201049804,21.783661308288575,25.47974608622485,22.08818552274122,73.83594935844542,1.3507771944944977,1.149050388601127,24.26030101776123,26.98627211837521,21.534329917147247
2023-03-24 04:00:00,27.01006060143659,27.145954928992946,26.33458366949547,26.758255004882812,454920000,0.0,0.0,25.48623905181885,21.999108657836913,25.71220225325357,22.271325502433047,73.03472715081803,1.3723660586394217,1.193713522608786,24.435013580322266,27.33450678066861,21.53552037997592
2023-03-27 04:00:00,26.816211175391807,26.979085017597196,26.344576678293613,26.510448455810547,361026000,0.0,0.0,25.842463493347168,22.199409523010253,25.857337926445744,22.437565618251774,73.18089434222175,1.353872867845329,1.2257453916560948,24.586595630645753,27.590701462666885,21.58248979862462
2023-03-28 04:00:00,26.42650979990374,26.492458648935738,25.82997222376829,26.389537811279297,356104000,0.0,0.0,26.07698173522949,22.389539413452148,25.954101541870024,22.59254491993913,67.90939340808731,1.3143098564874016,1.2434582846223563,24.746368885040283,27.778409257306443,21.714328512774124
2023-03-29 04:00:00,26.804215606050526,27.057017924166903,26.576391629820957,26.963090896606445,393694000,0.0,0.0,26.352367782592772,22.575095558166502,26.137554151822098,22.763938879808435,79.31262009025615,1.3140888275409068,1.2575843932060664,24.960695266723633,27.982687363131454,21.93870317031581
2023-03-30 04:00:00,27.207905862898926,27.477697152078605,27.081003441347132,27.361785888671875,364516000,0.0,0.0,26.53642520904541,22.77511947631836,26.36014174034024,22.944246605646217,86.939796955773,1.3307450141716295,1.272216517399179,25.164185428619383,28.260245456475598,22.06812540076317
2023-03-31 04:00:00,27.11897230037396,27.812434858242728,27.08399956957691,27.75547981262207,433933000,0.0,0.0,26.74146614074707,22.99524570465088,26.613839571664208,23.132922417684487,87.74517394639412,1.3600353308023045,1.2897802800798042,25.358587741851807,28.596811345627124,22.12036413807649
2023-04-03 04:00:00,27.487690361773616,27.978309220872813,27.314824044368486,27.943336486816406,398716000,0.0,0.0,26.947806549072265,23.197669410705565,26.85556628351006,23.32156610667005,85.70644539567434,1.3824703240435205,1.3083182888725475,25.579166889190674,28.893551397649926,22.264782380731422
2023-04-04 04:00:00,27.944331375396246,27.978305428409012,27.285841576213635,27.43172836303711,368592000,0.0,0.0,27.073108863830566,23.36280643463135,26.96032302524225,23.482748940253074,77.7490317089651,1.3434809063208455,1.3153508123622073,25.787255382537843,29.01258152263448,22.561929242441206
2023-04-05 04:00:00,26.80821632454569,26.977084121252716,26.374552524598577,26.86017608642578,515015000,0.0,0.0,27.114377212524413,23.515073890686036,26.942114490911983,23.615197063632397,63.215004952781975,1.2520294042007976,1.3026865307299254,25.9221510887146,29.086411360280266,22.757890817148933
2023-04-06 04:00:00,26.563400335933654,27.059016287231586,26.40652240310156,27.016050338745117,397654000,0.0,0.0,27.098988914489745,23.66929988861084,26.955557372336187,23.748563858734858,63.010678762222156,1.1785456388592728,1.277858352355795,26.102061557769776,29.069863167098998,23.134259948440555
2023-04-10 04:00:00,26.802217671680346,27.599599722003898,26.648337660725947,27.557632446289062,395279000,0.0,0.0,27.17892665863037,23.824786605834962,27.065025567600344,23.897939097462476,65.52042963244236,1.1507452997905396,1.2524357418427439,26.332582855224608,28.965973511284037,23.69919219916518
2023-04-11 04:00:00,27.702521438327167,27.768470288811887,27.104983266832733,27.147951126098633,314378000,0.0,0.0,27.24267692565918,23.96083034515381,27.08010294187276,24.025390549565856,58.78621327839227,1.0831693698520901,1.218582467444613,26.542570209503175,28.65862198615001,24.42651843285634
2023-04-12 04:00:00,27.34879408048613,27.446717721444895,26.427507578002256,26.474472045898438,446259000,0.0,0.0,27.251170349121093,24.107441749572754,26.96998823351379,24.12143296118674,50.22785108638818,0.9641566278062577,1.1676972995169421,26.664076042175292,28.4254895634966,24.902662520853983
2023-04-13 04:00:00,26.71328720589751,26.866168547855672,26.308602197594585,26.44249725341797,353615000,0.0,0.0,27.199110984802246,24.24592071533203,26.874080782587274,24.212455090293847,43.045472680869935,0.8573747908738305,1.1056327977883198,26.77573938369751,28.11429317326293,25.43718559413209
2023-04-14 04:00:00,26.48346363683986,26.86216968687569,26.199683291915306,26.737266540527344,395660000,0.0,0.0,27.13665904998779,24.362201690673828,26.849205465849103,24.311467304028493,49.79475540753474,0.7874575137204083,1.0419977409747376,26.8365421295166,28.038680615111243,25.63440364392196
2023-04-17 04:00:00,26.544419300210514,26.985077620218803,26.412521597702874,26.981081008911133,321471000,0.0,0.0,27.0592191696167,24.46805335998535,26.873182837314925,24.416158037553302,54.60587595585921,0.7431547326454044,0.982229139308871,26.900342655181884,27.978709231455046,25.821976078908722
2023-04-18 04:00:00,27.511668078538015,28.088220677251833,27.335803850613633,27.64556312561035,604812000,0.0,0.0,27.029441833496094,24.599363136291505,27.013615617005,24.542801374339852,61.110123198178975,0.7529826971507347,0.9363798508772438,26.98862419128418,28.002413084653774,25.974835297914588
2023-04-19 04:00:00,27.339800915924755,27.97830576142074,27.210901154073433,27.909358978271484,358660000,0.0,0.0,27.07720489501953,24.736168632507326,27.176478046326178,24.674823241160702,58.85544643950426,0.773145213745817,0.9037329234509586,27.075156879425048,28.09330000861859,26.057013750231505
2023-04-20 04:00:00,27.649560313033174,28.00828332218978,26.979080669784498,27.08300018310547,427713000,0.0,0.0,27.0994873046875,24.834787445068358,27.15948207119514,24.769261552609517,47.58439831084386,0.7142109258370333,0.8658285239281736,27.10693225860596,28.081323174906213,26.132541342305704
2023-04-21 04:00:00,26.93111770046531,27.16193962505463,26.701296358072568,27.09798812866211,345103000,0.0,0.0,27.1076810836792,24.933066635131837,27.14830135437095,24.86058416343511,43.90287473933138,0.6610938021826769,0.8248815795790743,27.103334999084474,28.07727771140783,26.129392286761117
2023-04-24 04:00:00,26.992070732318915,27.344795961333663,26.650334754413183,27.021047592163086,339282000,0.0,0.0,27.054022598266602,25.027169456481932,27.125164306696792,24.94530821946366,41.26769369017301,0.6058062829927877,0.781066520261817,27.116474628448486,28.077824441604324,26.15512481529265
2023-04-25 04:00:00,27.05702218157695,27.225891884852338,26.20468425381091,26.220670700073242,378527000,0.0,0.0,26.96129455566406,25.126684532165527,26.960710923674327,24.995322434389525,39.12810163723228,0.4917383459907789,0.7232008854076094,27.101985740661622,28.10942306787458,26.094548413448663
2023-04-26 04:00:00,26.981077788741214,27.308822747304923,26.68430704058292,26.93511199951172,406337000,0.0,0.0,27.00735855102539,25.23003837585449,26.95605657382658,25.071392613413927,50.65588746141103,0.4537574922151677,0.6693122067691211,27.129264450073244,28.083622827304044,26.174906072842443
2023-04-27 04:00:00,27.341801359540217,27.473699061924297,26.60437225664509,27.204906463623047,377161000,0.0,0.0,27.083599472045897,25.315150451660156,27.001302008335028,25.15505982322605,51.62067113118474,0.4403514530070858,0.623520056016714,27.14135522842407,28.09297256735428,26.189737889493863
2023-04-28 04:00:00,27.20390860883088,27.736494722113637,27.050026680821563,27.727502822875977,292216000,0.0,0.0,27.18262310028076,25.41485050201416,27.133338520069746,25.25593994085938,51.46251033319441,0.4665184942174321,0.5921197436568577,27.159641075134278,28.142630692419615,26.17665145784894
2023-05-01 04:00:00,27.818431138842723,29.035487906164658,27.75847815742974,28.887601852416992,570329000,0.0,0.0,27.373275184631346,25.5529780960083,27.452295489587424,25.398358055038113,63.26375691706847,0.5742467995824576,0.5885451548419778,27.216247177124025,28.443697716174114,25.988796638073936
2023-05-02 04:00:00,28.65777791443709,28.813657176732367,28.06124037151052,28.188140869140625,402730000,0.0,0.0,27.427532958984376,25.68938491821289,27.586085558597095,25.50776130264998,63.014100240566236,0.5963077376032935,0.590097671394241,27.228487396240233,28.49085254882199,25.966122243658475
2023-05-03 04:00:00,27.81843293372934,28.345025101870167,27.450717987161283,27.78046226501465,383387000,0.0,0.0,27.41464328765869,25.8322843170166,27.62142677794574,25.59688683058585,59.6123746962385,0.5742750484004162,0.586933146795476,27.245924091339113,28.52956414960313,25.962284033075097
2023-05-04 04:00:00,27.62957352531793,27.83741253822328,27.218892692514583,27.5406436920166,321850000,0.0,0.0,27.460407638549803,25.96840919494629,27.60673894414044,25.673112589857645,55.817656407155425,0.5313376986330702,0.5758140571629949,27.27994747161865,28.556590467317772,26.00330447591953
2023-05-05 04:00:00,27.804443112441227,28.73272235412415,27.709517396074965,28.65778160095215,361494000,0.0,0.0,27.61638698577881,26.068731803894043,27.797837609015293,25.79015843342998,60.77852402317274,0.5807586088029915,0.5768029674909942,27.362034034729003,28.771449999780387,25.95261806967762
2023-05-08 04:00:00,28.499901765349517,29.19736093983139,28.328036044950306,29.128414154052734,344979000,0.0,0.0,27.827123641967773,26.186020011901856,28.039760617203918,25.92107042247401,59.77602588158781,0.6504037009634871,0.5915231141854929,27.440573120117186,29.055902690578908,25.825243549655465
2023-05-09 04:00:00,28.87661127506704,28.950553350491152,28.42795972300857,28.548864364624023,314869000,0.0,0.0,28.059943008422852,26.28742115020752,28.132324934916664,26.024121165303423,54.04756713793417,0.6513250440867857,0.6034835001657515,27.51061878204346,29.192640100946566,25.82859746314035
2023-05-10 04:00:00,28.98252535370124,29.090443380229463,28.43894813940752,28.862619400024414,369350000,0.0,0.0,28.252693748474123,26.400792083740235,28.265105746754436,26.135434821566992,62.04517516783254,0.6696532782000908,0.6167174557726194,27.630026149749757,29.34115522481948,25.918897074680032
2023-05-11 04:00:00,28.873611109189465,28.927570123485957,28.224115114379536,28.555856704711914,322149000,0.0,0.0,28.387788772583008,26.518377952575683,28.31796955729216,26.23035332678836,59.49251260112006,0.6519105311904312,0.6237560708561818,27.735694122314452,29.39837716697244,26.073011077656464
2023-05-12 04:00:00,28.506897417558207,28.75770432048088,28.024271804253868,28.318044662475586,274222000,0.0,0.0,28.44684295654297,26.61889919281006,28.317983212780053,26.312223575246684,58.27175337329401,0.6116095775293644,0.6213267721908183,27.814733028411865,29.42710475975925,26.20236129706448
2023-05-15 04:00:00,28.48591187164364,28.94655513827334,28.130188701131114,28.930566787719727,293926000,0.0,0.0,28.451139450073242,26.72016185760498,28.429362044587265,26.41490370122602,67.7069675992626,0.6219270104066403,0.6214468198339828,27.912207317352294,29.5479181333157,26.276496501388888
2023-05-16 04:00:00,28.818657092059023,29.84686118256938,28.809665192443962,29.19036865234375,449405000,0.0,0.0,28.551362228393554,26.833334159851074,28.567726882361168,26.52374546401495,65.66711417079323,0.643647916985266,0.6258870392642394,27.989447593688965,29.715540715921616,26.263354471456314
2023-05-17 04:00:00,29.56107768336416,30.175600947098626,29.407197674823205,30.154617309570312,432535000,0.0,0.0,28.78877773284912,26.971027336120606,28.85625241458101,26.666132595213202,68.68827363389933,0.7302508230921738,0.6467597960298263,28.101710510253906,30.079568172631724,26.123852847876087
2023-05-18 04:00:00,30.386442179254722,31.803342967504975,30.29651174694764,31.653459548950195,748725000,0.0,0.0,29.20005931854248,27.1208512878418,29.36483552992086,26.861714044379358,72.13522029487359,0.909345918789235,0.699277020581708,28.33023347854614,30.805981956225523,25.85448500086676
2023-05-19 04:00:00,31.511567149468043,31.55553368610552,30.89204855454389,31.239778518676758,473908000,0.0,0.0,29.45825901031494,27.2772900390625,29.705734255149203,27.033402847292983,64.48080745645018,1.00629947660655,0.7606815117866765,28.537322998046875,31.2596912529994,25.81495474309435
2023-05-22 04:00:00,30.877057472880523,31.495579269125198,30.656229935125022,31.151845932006836,372000000,0.0,0.0,29.660602188110353,27.44138282775879,29.968663650941497,27.194910419242547,69.73126315081035,1.0637778756566298,0.8213007845606672,28.743862915039063,31.605113531132986,25.88261229894514
2023-05-23 04:00:00,30.975979327940532,31.263756274877256,30.60726576982091,30.664220809936523,356253000,0.0,0.0,29.872137832641602,27.595703163146972,30.09512858894059,27.3309618071129,68.996785955707,1.057789114454856,0.868598450539505,28.966040420532227,31.689084587031513,26.242996254032942
2023-05-24 04:00:00,30.186596331637023,30.58329005350227,29.782909968820494,30.51434326171875,721419000,0.0,0.0,30.037310218811037,27.725102920532226,30.171349438536616,27.455800295528817,69.82418485067728,1.0290864445448697,0.900696049340578,29.14500198364258,31.774916206604473,26.515087760680686
2023-05-25 04:00:00,38.49315152397772,39.44941078052054,36.606613842123146,37.9505729675293,1543911000,0.0,0.0,30.976781845092773,27.99992977142334,31.585753716535283,27.86736000815629,83.6225768531481,1.5880746261952083,1.038171764711504,29.68228530883789,34.290145279993844,25.074425337681937
2023-05-26 04:00:00,37.860647004196835,39.139654202122564,37.52091024078005,38.915828704833984,714397000,0.0,0.0,32.036560249328616,28.26782211303711,32.91849462349868,28.300633290378943,84.18850614902532,2.0849310709063005,1.2475236259504634,30.24170160293579,36.32934208382625,24.154061122045338
2023-05-30 04:00:00,40.56354787392991,41.90550581208473,39.91804849161949,40.07992172241211,923401000,0.0,0.0,33.15149574279785,28.555319137573242,34.22057227784658,28.76256617006652,88.69887658200096,2.5433082860177336,1.5066805579639175,30.801317596435545,38.26668435864646,23.335950834224636
2023-05-31 04:00:00,39.45740936349425,40.26378342359536,37.792699573770406,37.804691314697266,1002580000,0.0,0.0,34.0129280090332,28.7938143157959,34.8722302845467,29.117159312993216,76.51873402545021,2.691952301959489,1.7437349067630319,31.28214511871338,39.260012238425894,23.304277999000867
2023-06-01 04:00:00,38.45917954356359,40.01897100169826,38.31029671760196,39.73918914794922,635873000,0.0,0.0,34.9713851928711,29.065023994445802,35.75713189607443,29.533709502599336,80.24541381159912,2.9320526851708877,1.981398462444603,31.880081462860108,40.518179224039244,23.241983701680976
2023-06-02 04:00:00,40.06593169963198,40.46861932052468,39.02773528594731,39.29652786254883,482731000,0.0,0.0,35.73569202423096,29.32200469970703,36.400658435433414,29.91656512455814,79.3660122856012,3.051439803835393,2.195406730722761,32.46787567138672,41.45549754320696,23.480253799566487
2023-06-05 04:00:00,38.87885366395156,39.534343625841366,38.6770105091887,39.14065170288086,396094000,0.0,0.0,36.52577934265137,29.56141906738281,36.89883902951477,30.278294009982563,77.99453583519187,3.097767911945631,2.3758789669673352,32.992019176483154,42.26231120264056,23.721727150325748
2023-06-06 04:00:00,38.79992393989999,39.12966633833443,38.11844920121635,38.62405776977539,388729000,0.0,0.0,37.27300052642822,29.798735122680664,37.21251516410761,30.605578863307773,75.50659730645398,3.057552891876057,2.5122137519490795,33.46680135726929,42.87554359942474,24.058059115113842
2023-06-07 04:00:00,38.888876276456465,39.472483856299974,37.330920951859596,37.4498405456543,511998000,0.004,0.0,37.9515625,30.01752296447754,37.25566523347973,30.873981282223323,69.50321837945752,2.897531739847487,2.589277349528761,33.911850166320804,43.18215559835929,24.641544734282324
2023-06-08 04:00:00,37.69867073356994,38.83790471563336,37.47981981577912,38.4841423034668,417772000,0.0,0.0,38.748542404174806,30.259415054321288,37.4790247007501,31.17241896933091,68.72643733744907,2.8216471399942264,2.635751307621854,34.39292631149292,43.55796988071902,25.22788274226682
2023-06-09 04:00:00,39.01079182389234,39.68433913025439,38.54110994385187,38.74397277832031,427717000,0.0,0.0,38.82788238525391,30.495032691955565,37.70901526030832,31.469342648114807,70.74790369843254,2.750765088074779,2.6587540637124394,34.90233211517334,43.83083114065619,25.973833089690487
2023-06-12 04:00:00,39.173681765722975,39.50345822042976,38.59207179032555,39.45549011230469,388701000,0.0,0.0,38.88184852600098,30.736906776428224,38.026556142489476,31.78252490161245,72.19299124749612,2.720642184147181,2.671131687799388,35.4592043876648,44.041158802021044,26.87724997330855
2023-06-13 04:00:00,40.15901999798978,41.073406583154025,39.7133202956982,40.99445724487305,613208000,0.0,0.0,38.97330207824707,31.00168632507324,38.56617452474103,32.14377715036777,76.140387287592,2.7888037579227856,2.6946661018240676,36.06239891052246,44.404760876847384,27.72003694419754
2023-06-14 04:00:00,40.79659070865138,42.97112835789962,40.524770166876394,42.96813201904297,740465000,0.0,0.0,39.48964614868164,31.302182235717773,39.366530432795926,32.5682616550217,78.85099260495171,2.9678696024622653,2.749306801951707,36.75128707885742,44.97895896059103,28.523615197123817
2023-06-15 04:00:00,42.573402308118794,43.25994139693394,42.11870592148791,42.624366760253906,568622000,0.0,0.0,39.77816390991211,31.60603500366211,39.95886431051556,32.962618717971985,66.12711601374508,3.0469186098480634,2.8088291635309783,37.3747745513916,45.38465735689272,29.36489174589049
2023-06-16 04:00:00,43.420828202870155,43.69164616054712,42.63235647777839,42.66333770751953,655709000,0.0,0.0,40.11484489440918,31.922098236083983,40.45058674633446,33.34303907050326,63.813972376751835,3.0772376671561545,2.8625108642560138,37.925268459320066,45.79160099870269,30.058935919937444
2023-06-20 04:00:00,42.96913358966378,43.960468171430314,42.64534980172413,43.778587341308594,451153000,0.0,0.0,40.57863845825195,32.257348976135255,41.05567776360248,33.752276257593664,63.683199034482094,3.1548894615641103,2.9209865837176334,38.55220890045166,46.16978720121154,30.934630599691783
2023-06-21 04:00:00,43.47179700285762,43.58572270035069,42.05175330634248,43.0161018371582,551603000,0.0,0.0,41.017842864990236,32.56651836395264,41.41211850424897,34.11556353522365,71.70949004771148,3.1189495513069048,2.9605791772354877,39.14542169570923,46.160496602095364,32.1303467893231
2023-06-22 04:00:00,42.22462800338613,43.39684073986037,42.20564356647612,42.99611282348633,417737000,0.0,0.0,41.572470092773436,32.88348159790039,41.70011747138304,34.46382037005748,66.14240310678437,3.053653352136614,2.979194012215713,39.76201629638672,45.727651858601305,33.79638073417213
2023-06-23 04:00:00,42.43549394435148,42.780259748123754,41.98679405380195,42.1806640625,358140000,0.0,0.0,41.942122268676755,33.19760543823242,41.787489578858846,34.76644169132974,63.78533172833055,2.9026458493218215,2.963884379636935,40.345332336425784,44.514696412626066,36.1759682602255
2023-06-26 04:00:00,42.432495695911925,42.73529370364879,40.07308050587644,40.6047248840332,594322000,0.0,0.0,42.128197479248044,33.480849990844725,41.57244145252691,34.995393973396546,56.16143097491749,2.625540596705221,2.896215623050592,40.47803993225098,44.49254706562594,36.46353279887602
2023-06-27 04:00:00,40.77160853354225,41.91184134069005,40.42084625845822,41.84788513183594,462175000,0.0,0.0,42.36743698120117,33.7830623626709,41.62252212149218,35.264119116864755,62.785337906223475,2.477684129702631,2.812509324381,40.62464275360107,44.61300463724558,36.636280869956565
2023-06-28 04:00:00,40.63269595251918,41.81690157684153,40.49079301581805,41.08938980102539,582639000,0.0,0.0,42.376930236816406,34.06522853851318,41.5255889723164,35.492561104478895,64.9262235427593,2.2730997017618435,2.704627399857169,40.67511615753174,44.66000108546149,36.69023122960199
2023-06-29 04:00:00,41.53010366107987,41.57207528641638,40.57274651691467,40.79459762573242,380514000,0.0,0.0,42.15957679748535,34.328209228515625,41.392681454755675,35.70048410531237,60.08731081878708,2.063392301764786,2.5763803802386924,40.82461147308349,44.57342665510235,37.075796291064634
2023-06-30 04:00:00,41.65201747661018,42.521432314666136,41.47313679846607,42.273597717285156,501148000,0.0,0.0,42.12449989318848,34.6154940032959,41.55284804794285,35.9582532665662,63.92746465262546,1.9935601033523227,2.4598163248614187,40.95133190155029,44.71696404110462,37.18569976199596
2023-07-03 04:00:00,42.48844792467491,42.86919259981532,42.173660821040244,42.384517669677734,198209000,0.0,0.0,42.0966178894043,34.921524353027344,41.7040607064401,36.21026363531568,62.132640268646846,1.9249779486234218,2.3528486496138195,41.10573139190674,44.83876435341566,37.37269843039781
2023-07-05 04:00:00,42.1067086541188,43.1480088666597,42.0567429868184,42.28858947753906,323618000,0.0,0.0,41.947618103027345,35.22533638000488,41.81033866482173,36.448629354618554,56.08841863605381,1.8416560291794752,2.2506101255269506,41.26312828063965,44.91180305492775,37.614453506351545
2023-07-06 04:00:00,41.815908748676975,42.15068292310203,41.31824199558715,42.07473373413086,303582000,0.0,0.0,41.85348129272461,35.52641010284424,41.858410495605206,36.66926089891315,44.962797238172946,1.7383280725434886,2.1481537149302583,41.43566207885742,44.87948440940434,37.9918397483105
2023-07-07 04:00:00,42.29357857599946,43.18498168547644,42.151675639514146,42.474456787109375,355881000,0.0,0.0,41.80131568908691,35.85148582458496,41.97041891224232,36.89691563962673,49.16007013878143,1.6694498535073805,2.0524129426456827,41.686892890930174,44.5983788885619,38.775406893298445
2023-07-10 04:00:00,42.628357058958606,42.78225297608444,41.62103070440905,42.151676177978516,353908000,0.0,0.0,41.79841690063476,36.155817108154295,42.00337477873981,37.1029846803464,47.22157661839759,1.5707114868275411,1.9560726514820546,41.87026958465576,44.36449186976588,39.37604729954564
2023-07-11 04:00:00,42.45247888360537,42.72929334341537,42.03875917556284,42.376529693603516,298244000,0.0,0.0,41.9755973815918,36.459249572753905,42.071221126896845,37.3097903671408,41.57150988213355,1.4933895542156748,1.8635360320287786,42.05189743041992,44.071445682422144,40.0323491784177
2023-07-12 04:00:00,43.00410823370412,43.90550305041173,42.748279595768494,43.87252426147461,481277000,0.0,0.0,42.17806129455566,36.78215000152588,42.398730787729164,37.56715248064409,54.73115533200654,1.5351296061110133,1.7978547468452257,42.27274913787842,44.04808148558909,40.497416790167755
2023-07-13 04:00:00,44.48811997217406,46.12401840203169,44.462136448110414,45.94614028930664,478204000,0.0,0.0,42.66373634338379,37.123320770263675,43.04371433347052,37.895740237846546,63.28301809012772,1.715754234675316,1.7814346444112439,42.5203332901001,44.84207889595581,40.19858768424439
2023-07-14 04:00:00,46.55173101087645,48.05572183625466,45.02975452491194,45.438480377197266,772075000,0.0,0.0,43.12812461853027,37.468327560424804,43.47912634142083,38.19153396880148,65.08706689585361,1.7972194152377696,1.784591598576549,42.64385070800781,45.30407686763501,39.98362454838061
2023-07-17 04:00:00,46.25792796050985,46.464785922555656,45.231616951942435,46.4298095703125,510488000,0.0,0.0,43.543745803833005,37.841314506530765,44.015614201219314,38.514603600233286,78.52047949920865,1.9196446699413272,1.8116022128495048,42.834122848510745,45.987194882025975,39.681050814995515
2023-07-18 04:00:00,46.66964557192856,47.86384295444501,45.703295752651904,47.46211242675781,569164000,0.0,0.0,44.05150527954102,38.239743881225586,44.64225024222631,38.86548629931268,78.06762459531126,2.0760345455657827,1.8644886793927604,43.07406158447266,46.84267318033506,39.305449988610256
2023-07-19 04:00:00,47.432136125010175,47.78589856143542,46.71062071194178,47.04539489746094,427502000,0.0,0.0,44.5271858215332,38.607496147155764,45.07918563408715,39.18626702865183,80.82986431021894,2.141661288569054,1.9199232012280192,43.23740196228027,47.39743962968526,39.07736429487529
2023-07-20 04:00:00,46.47577391693099,47.05538631913264,45.03174443382623,45.489437103271484,537865000,0.0,0.0,44.868656158447266,38.934716606140135,45.15377681030248,39.43345016883299,71.49525985231139,2.044549866729504,1.9448485343283162,43.36106872558594,47.6387933491516,39.08334410202028
2023-07-21 04:00:00,45.757254315991084,45.83520487140858,44.07038798081477,44.27924728393555,963769000,0.0,0.0,45.04913520812988,39.249324264526365,44.994771441872125,39.62348142824878,59.41457852325294,1.8486263470309297,1.925604096868839,43.4252254486084,47.7183642865534,39.1320866106634
2023-07-24 04:00:00,44.70096609238762,45.07871446418964,44.01043195894875,44.58204650878906,382516000,0.0,0.0,45.292172241210935,39.56371280670166,44.91973054494793,39.81793496081899,60.13273702751658,1.6982129709359626,1.880125871682264,43.54529457092285,47.82618024361671,39.264408898228986
2023-07-25 04:00:00,44.910830992402,46.151993949696525,44.892841521253494,45.64833450317383,348081000,0.0,0.0,45.61935272216797,39.9055623626709,45.05220399189809,40.04657808012702,64.21925568302353,1.6460748898331587,1.833315675312443,43.797475051879886,47.94101389411767,39.653936209642104
2023-07-26 04:00:00,45.990100289718285,46.022080298497244,44.60003539984157,45.42148208618164,364237000,0.0,0.0,45.77424850463867,40.24763111114502,45.11934546358601,40.257358629384065,64.14868561866653,1.5683707885841898,1.7803266979667927,43.97615489959717,48.07365889934865,39.87865089984569
2023-07-27 04:00:00,46.487774181270936,47.36318559950191,45.71928938176142,45.86919021606445,455976000,0.0,0.0,45.766553497314455,40.58640357971191,45.25568087312754,40.47743045631271,64.29355474653971,1.5253329442506214,1.7293279472235585,44.21514492034912,48.15837778471928,40.27191205597896
2023-07-28 04:00:00,46.63667080068543,46.99543096103648,46.34986471563589,46.7186164855957,331194000,0.0,0.0,45.8945671081543,40.93696853637695,45.52166916630357,40.72218284961793,68.41256463336235,1.5419916239604277,1.6918606825709324,44.511345863342285,48.257801925395995,40.764889801288575
2023-07-31 04:00:00,46.722612762047206,47.09835978102498,46.474778161903316,46.697628021240234,251055000,0.0,0.0,45.92134895324707,41.26782875061035,45.73547986720114,40.95651403281881,67.7125695993355,1.535796448525673,1.6606478357618806,44.73254737854004,48.44495594755105,41.02013880952903
2023-08-01 04:00:00,46.42880734222909,46.868514380212844,45.99609938631063,46.47577667236328,237858000,0.0,0.0,45.82271537780762,41.564275093078614,45.87007928632153,41.17295570495781,61.91563075438115,1.4957431812686437,1.6276669048632333,44.937110328674315,48.55441020612889,41.31981045121974
2023-08-02 04:00:00,45.80023231542858,45.809225144822705,43.357872868108224,44.239280700683594,530142000,0.0,0.0,45.542103958129886,41.82426513671875,45.57357045256917,41.29320374400588,42.302127429697855,1.26890697492167,1.5559149188749206,45.03464488983154,48.45086382447434,41.61842595518874
2023-08-03 04:00:00,43.77059490108069,45.087710878582755,43.77059490108069,44.48511505126953,324176000,0.0,0.0,45.441671752929686,42.090930519104006,45.37566947051469,41.41837673644759,45.596359793222604,1.0963365395122722,1.463999243002391,45.15516395568848,48.29021312625344,42.02011478512352
2023-08-04 04:00:00,44.95479704956906,45.611353612769236,44.36319547208762,44.650001525878906,362666000,0.0,0.0,45.47874717712402,42.37064613342285,45.24372984421727,41.54510712034686,41.09944547755546,0.9617912557328694,1.3635576455484868,45.26394119262695,48.148304904094104,42.3795774811598
2023-08-07 04:00:00,45.080722197879815,45.509435113085615,44.53308967223612,45.38651657104492,322154000,0.0,0.0,45.55919418334961,42.668089599609374,45.26969106727684,41.695750628217375,39.30382098366199,0.9041710369362335,1.2716803238260361,45.425683212280276,47.91030976173424,42.94105666282631
2023-08-08 04:00:00,44.822886411936246,45.21162517699858,44.0264206319756,44.63401412963867,353843000,0.0,0.0,45.45776214599609,42.80175842285156,45.15411344225171,41.810976647880956,37.98909282574552,0.7886943626450815,1.1750831315898453,45.53855743408203,47.61083531301518,43.46627955514888
2023-08-09 04:00:00,44.24427131811032,44.282247816533705,42.10570879075274,42.525428771972656,586449000,0.0,0.0,45.1681568145752,42.873950424194334,44.676170774928245,41.838994378237494,36.00684640644704,0.5210269754789962,1.0442719003676755,45.47120265960693,47.83810775076019,43.104297568453674
2023-08-10 04:00:00,42.13169907067991,43.54475135763228,41.80691647126187,42.35954666137695,492705000,0.0,0.0,44.817192459106444,42.91954292297363,44.25496639064619,41.859408193262574,39.94564826491616,0.29214566929874053,0.8938466541538885,45.29187297821045,48.022760369425974,42.560985586994924
2023-08-11 04:00:00,41.72297025505574,41.989793111065566,40.611717275210765,40.827571868896484,533085000,0.0,0.0,44.228087997436525,42.980000534057616,43.63180375032806,41.81894402367959,32.57912304867338,-0.012715402114977792,0.7125342429001154,45.06132755279541,48.441447763464126,41.6812073421267
2023-08-14 04:00:00,40.4588166311825,43.77059069571262,40.283934893491555,43.7236213684082,690286000,0.0,0.0,43.93068733215332,43.0596891784668,43.648497862706265,41.89363725288464,42.36561385033001,-0.02039787232575918,0.5659478198549405,44.926018142700194,48.29211230617299,41.5599239792274
2023-08-15 04:00:00,44.53008608139681,45.23761094961256,43.68065444037462,43.910499572753906,676512000,0.0,0.0,43.674159622192384,43.1519686126709,43.69613453726038,41.972729892879514,43.9876125951771,-0.011276784282976848,0.450502899027357,44.7484375,47.92032414304406,41.57655085695594
2023-08-16 04:00:00,44.490108508672876,44.645003217539106,43.376854252532475,43.45680236816406,527451000,0.0,0.0,43.59591178894043,43.238291625976565,43.65261959742468,42.03092881347891,40.4053816633951,-0.040194491917219466,0.35236342083844174,44.569007873535156,47.59651392980281,41.5415018172675
2023-08-17 04:00:00,43.94047471264944,44.03241198787511,42.97212364169227,43.31489562988281,452395000,0.0,0.0,43.478889846801756,43.33210838317871,43.591215239689795,42.08128045333789,35.65531404406755,-0.07371295432070468,0.26714814580661245,44.46028079986572,47.504747476702434,41.41581412302901
2023-08-18 04:00:00,42.60637233743457,43.548739981442054,41.632028496640906,43.269927978515625,583768000,0.0,0.0,43.34088249206543,43.44851013183594,43.532799374021764,42.12789408177623,35.58339416790341,-0.10272098731773127,0.19317431918174371,44.40981483459473,47.50003447685302,41.319595192336436
2023-08-21 04:00:00,44.464127494140655,47.03340054502666,44.192310747529035,46.93546676635742,692573000,0.0,0.0,43.49577751159668,43.61753662109375,44.15146617262825,42.316426343916675,51.4991476983626,0.16813018343628272,0.18816549203265154,44.527485847473145,47.818054424579195,41.236917270367094
2023-08-22 04:00:00,48.10267536469448,48.15464239817795,45.30255878579824,45.637332916259766,755293000,0.0,0.0,43.59610939025879,43.75540382385254,44.42162376237943,42.44665797420464,54.85658992491912,0.2748646661168337,0.205505326849488,44.526935768127444,47.81671900105654,41.23715253519835
2023-08-23 04:00:00,45.835212564193235,47.168316721303135,45.17765331579734,47.084373474121094,779046000,0.0,0.0,44.05200386047363,43.90798149108887,44.90576007360519,42.6285291702798,58.333863337263516,0.4707896225065866,0.25856218598090774,44.610080337524415,48.07447712666486,41.14568354838397
2023-08-24 04:00:00,50.18228804118617,50.23225371220406,47.127341093273124,47.1313362121582,1156044000,0.0,0.0,44.529182815551756,44.03071907043457,45.310410280614825,42.805109838588756,58.016389511048146,0.6226732725983055,0.33138440330438734,44.6731876373291,48.27732085404591,41.06905442061229
2023-08-25 04:00:00,46.980442357354335,47.77290929255421,44.99377410638807,45.98711013793945,925341000,0.0,0.0,45.04513664245606,44.0910986328125,45.43344661831021,42.92989416405349,51.890520285130634,0.6432971489706887,0.39376695243764764,44.63661231994629,48.167447773361715,41.10577686653086
2023-08-28 04:00:00,46.45079089513967,46.94845764081992,44.85786313408847,46.80355453491211,685192000,0.0,0.0,45.35312995910645,44.17468238830566,45.68255714860146,43.08180241389109,56.80179719035923,0.7172539025939244,0.458464342468903,44.64190864562988,48.186053916099375,41.09776337516039
2023-08-29 04:00:00,46.63466937521741,49.04804888819601,46.35985248205318,48.75124740600586,701397000,0.0,0.0,45.83720474243164,44.29644058227539,46.24050083176589,43.30413359005245,69.71768757863524,0.9223949055188214,0.5512504550788867,44.755682182312015,48.67404091018665,40.83732345443738
2023-08-30 04:00:00,49.011072990962134,49.89347960876958,48.39248907555187,49.230926513671875,735206000,0.0,0.0,46.41461715698242,44.40548736572266,46.784214592112434,43.5365568419591,71.33810853834233,1.1108712906952292,0.6631746222021553,45.00526447296143,49.39291716661277,40.61761177931009
2023-08-31 04:00:00,49.34685363953064,49.710607710552146,48.92513603204003,49.321868896484375,528570000,0.0,0.0,47.01531448364258,44.53160270690918,47.24560628381642,43.7634318244895,78.97068309657402,1.2531331353661201,0.7811663248349483,45.24710216522217,50.02946924485817,40.46473508558616
2023-09-01 04:00:00,49.72859768878448,49.76657038149354,48.109682388761954,48.476436614990234,463830000,0.0,0.0,47.53596534729004,44.64120918273926,47.46939361675711,43.94825554176404,68.84610451136827,1.2828692346857622,0.8815069068051111,45.43842391967773,50.42213226717264,40.45471557218282
2023-09-05 04:00:00,48.190628778230135,48.81820938411966,47.82787348720718,48.515411376953125,382653000,0.0,0.0,47.69395980834961,44.767904129028324,47.65957866406547,44.127359692163616,68.47634831501948,1.2946562538000634,0.9641367762041017,45.594868659973145,50.76468114858728,40.42505617135901
2023-09-06 04:00:00,48.412471520397574,48.520405806998106,46.55256753544233,47.03328323364258,468670000,0.004,0.0,47.83355484008789,44.896475296020505,47.54570676762494,44.241317478103966,63.25597559737594,1.1709047359326448,1.0054903681498104,45.71483211517334,50.90208442486495,40.52757980548172
2023-09-07 04:00:00,45.49818632647951,46.316704161962946,45.12540493347,46.21376419067383,433330000,0.0,0.0,47.746493911743165,44.98379287719727,47.303535389997464,44.31866832957729,60.23056710428428,0.9952300363303763,1.0034383017859236,45.899248886108396,50.866668731316736,40.931829040900055
2023-09-08 04:00:00,45.914939369305465,46.57854589398362,45.24433318600193,45.5451545715332,473069000,0.0,0.0,47.58787574768066,45.07290817260742,46.98382978664032,44.36676582926184,57.69108464645772,0.7929151307124798,0.961333667571235,46.05852928161621,50.74436394116955,41.372694622062866
2023-09-11 04:00:00,46.12081222472613,46.13580277797443,44.285895308094744,45.15138626098633,473966000,0.0,0.0,47.50430335998535,45.1600439453125,46.65065823652141,44.39753525795692,42.2562953219802,0.5939585145783397,0.887858636972656,46.2747200012207,50.296272336497715,42.253167665943685
2023-09-12 04:00:00,44.711644683644934,45.64609526594391,44.50476589129932,44.84356689453125,349256000,0.0,0.0,47.30830459594726,45.21144332885742,46.322096174341375,44.415026694685324,46.23065839618256,0.40675667481781375,0.7916382445416876,46.33071727752686,50.23209560918275,42.42933894587097
2023-09-13 04:00:00,44.57372538010416,45.90294372989549,44.47678239914178,45.45820617675781,398355000,0.0,0.0,46.97900047302246,45.272917098999024,46.16502526568981,44.45593569398228,41.61496132130695,0.3044842168945294,0.694207439012256,46.40810260772705,50.1661151930049,42.650090022449206
2023-09-14 04:00:00,45.92293173221363,45.95990868512239,45.10441395907202,45.55414962768555,370097000,0.0,0.0,46.61132278442383,45.33822830200195,46.05395696787085,44.499002907068686,41.908393898876156,0.22853992581047322,0.6010739363718995,46.512969970703125,50.03378768731035,42.9921522540959
2023-09-15 04:00:00,45.31429093296798,45.5721383754204,43.7821930198778,43.874141693115234,506831000,0.0,0.0,46.06655006408691,45.37421646118164,45.65762691791528,44.47449854573718,39.72451637318849,0.032417242279628056,0.4873425975534453,46.54093227386475,49.96228457655089,43.1195799711786
2023-09-18 04:00:00,42.72281686656951,44.215936184285376,41.975256439611805,43.94009780883789,500271000,0.0,0.0,45.61291618347168,45.40352928161621,45.345348898083024,44.45354165409407,34.97837123037441,-0.11634810159463882,0.3666044577238285,46.57444076538086,49.871784494886086,43.27709703587563
2023-09-19 04:00:00,43.80717720782653,43.94009827513682,42.97666548704609,43.494361877441406,373064000,0.0,0.0,45.11081123352051,45.43038299560547,45.00880580342091,44.415926760892006,17.26377153119425,-0.267133523925537,0.2398568613939554,46.402385520935056,49.96856423578358,42.83620680608653
2023-09-20 04:00:00,43.574321305043114,43.87714426347215,42.19813335401648,42.2141227722168,367108000,0.0,0.0,44.62889518737793,45.427134857177734,44.50068161592925,44.32958150643415,10.265970292790684,-0.48435333016936966,0.09501482308129039,46.23122501373291,50.251674489901106,42.210775537564714
2023-09-21 04:00:00,41.5585083375795,42.07520212333516,40.95586285623428,40.99283981323242,450736000,0.0,0.0,44.106802749633786,45.36954116821289,43.862892197257096,44.198728891014476,8.18784137230277,-0.7464443736107853,-0.07327701625712475,45.92664833068848,50.55235554946563,41.30094111191133
2023-09-22 04:00:00,41.54750392806019,42.09018706708667,41.2067052454179,41.58548355102539,479236000,0.0,0.0,43.71083564758301,45.282328033447264,43.44881789794224,44.09624868160314,14.506217230937054,-0.896003447097236,-0.23782230242514704,45.64935569763183,50.622825506554314,40.67588588870935
2023-09-25 04:00:00,41.566499482257406,42.51094250359211,41.15274189436024,42.19712829589844,419091000,0.0,0.0,43.415409851074216,45.21750099182129,43.22123797029791,44.021773372359824,19.268865053895908,-0.9541763204987745,-0.38109310603987256,45.45985660552979,50.6626646948809,40.25704851617867
2023-09-26 04:00:00,41.97625771314318,42.7947755047386,41.63046086209198,41.88631057739258,402282000,0.0,0.0,43.11968421936035,45.12663101196289,42.97852389886058,43.9380297333415,21.746716185632465,-1.0136741296770992,-0.507609310767318,45.21399440765381,50.61057226583751,39.8174165494701
2023-09-27 04:00:00,42.3050663366097,42.84674687562001,41.60447906383656,42.4429817199707,444935000,0.0,0.0,42.81816177368164,45.026248397827146,42.88115259360787,43.87940039948383,28.68597953829196,-1.0043305656119799,-0.6069535617362504,44.89858112335205,50.160382725865325,39.63677952083878
2023-09-28 04:00:00,42.43498662299495,43.42040584820638,42.09019244907844,43.06361770629883,424663000,0.0,0.0,42.56910858154297,44.94661285400391,42.91432806864259,43.84740892131971,35.8968422038493,-0.9360553234537363,-0.6727739140797476,44.5902156829834,49.49364586280063,39.68678550316616
2023-09-29 04:00:00,43.8011831331208,44.11799774453881,43.28148898443914,43.4733772277832,397830000,0.0,0.0,42.529032135009764,44.90629165649414,43.015973370304515,43.832741011769265,40.48078238152699,-0.8392086582432157,-0.7060608629124413,44.29779109954834,48.68331210974982,39.91227008934686
2023-10-02 04:00:00,44.00405561016142,45.14838141561169,43.8351564686077,44.755615234375,433298000,0.0,0.0,42.61058387756348,44.91581901550293,43.3322718910446,43.868932157753804,49.5507267952806,-0.6514812173587785,-0.6951449338017087,44.11175003051758,48.043056844964326,40.18044321607083
2023-10-03 04:00:00,44.78159946799548,45.1034121671623,43.220519465209826,43.49135971069336,470850000,0.0,0.0,42.61028366088867,44.89400527954101,43.361196949162554,43.85412539512399,40.5782805810216,-0.5978293186420558,-0.6756818107697782,43.86054744720459,47.20538381852546,40.515711075883715
2023-10-04 04:00:00,43.71623295909225,44.11699771323821,43.266497283456516,44.01505661010742,361821000,0.0,0.0,42.79037704467773,44.861339721679684,43.4800805238798,43.860436423162554,42.91757889134333,-0.5072050946954505,-0.6419864675549127,43.70963611602783,46.70594279979539,40.713329432260274
2023-10-05 04:00:00,44.024049850539384,44.87355141204064,43.862146533501765,44.66167449951172,393483000,0.0,0.0,43.157260513305665,44.84614356994629,43.69491579217651,43.891857524195856,54.004867599810815,-0.37884104094212034,-0.5893573822323542,43.63203163146973,46.42902534950941,40.83503791343005
2023-10-06 04:00:00,44.166966628350934,45.762027093274135,44.00006519130678,45.735042572021484,434436000,0.0,0.0,43.57221641540527,44.84346061706543,44.0658479339665,43.964139290777254,58.279565502907225,-0.188328833032692,-0.5091516723924218,43.64152603149414,46.467007400402366,40.81604466258591
2023-10-09 04:00:00,44.8155843904291,45.5781354250376,44.341864581232265,45.24633026123047,409675000,0.0,0.0,43.877136611938475,44.81401489257812,44.28048108437813,44.01442128961856,58.04941383985721,-0.07590653159373062,-0.4225026442326836,43.64627323150635,46.482733463398205,40.80981299961449
2023-10-10 04:00:00,45.283311292435734,46.23174977831537,45.061441940637515,45.77102279663086,368582000,0.0,0.0,44.265607833862305,44.795482788085934,44.55148866842408,44.08330762322689,67.56140521376466,0.054894465595161535,-0.32702322226711455,43.69264602661133,46.63969437869459,40.745597674528064
2023-10-11 04:00:00,46.16878961981402,46.83140112460815,46.02287570557261,46.7784309387207,378137000,0.0,0.0,44.6991527557373,44.80153587341309,44.95638726302346,44.18899873363841,79.18136004642365,0.2371113440654753,-0.2141963090005966,43.75865726470947,46.92332778581941,40.59398674359953
2023-10-12 04:00:00,46.749446645978935,47.58095729211939,46.302711352295894,46.9173469543457,481325000,0.0,0.0,45.084525680541994,44.85509719848633,45.31292538871841,44.295992781509284,78.18278089504761,0.3882533515884745,-0.0937063768827824,43.82681713104248,47.20577757664371,40.44785668544125
2023-10-13 04:00:00,46.932340851555516,47.0882510150371,45.25333002339522,45.43422317504883,474115000,0.0,0.0,45.28061027526856,44.874079360961915,45.33497953168758,44.340629267530446,65.66703111712744,0.383933046295482,0.0018215077528704812,43.90482120513916,47.3595615611709,40.450080849107415
2023-10-16 04:00:00,45.036454627581854,46.19776888197393,44.88554260061679,46.067848205566406,375099000,0.0,0.0,45.41183357238769,44.90243629455566,45.468228381483726,44.40836334353186,69.62477562912466,0.4267184728303448,0.08680090076836536,44.01120872497559,47.599007410413506,40.42341003953767
2023-10-17 04:00:00,43.97408457640043,44.72764209675683,42.45497937899436,43.9121208190918,812333000,0.0,0.0,45.453909683227536,44.8729483795166,45.1852997337761,44.38890285237735,55.99512701152431,0.2834100727861184,0.12612273517191597,44.0320966720581,47.6120814943418,40.452111849774404
2023-10-18 04:00:00,42.565910351376075,43.19354257835518,41.80036274107,42.171142578125,627294000,0.0,0.0,45.269518280029295,44.82369094848633,44.63727116002135,44.3019318612302,46.663175192965255,0.02902021224373641,0.10670223058628006,44.029947662353514,47.61457602836099,40.445319296346035
2023-10-19 04:00:00,42.78578325627493,43.27149704183871,41.85732962426039,42.076202392578125,501233000,0.0,0.0,45.01097106933594,44.81470642089844,44.17162229321349,44.21464835265561,44.65024224728357,-0.17819237377747044,0.049723309713529965,44.0841157913208,47.504482815313864,40.66374876732773
2023-10-20 04:00:00,41.86531563740863,42.444975701413775,41.05379383527108,41.362613677978516,477266000,0.0,0.0,44.57372817993164,44.79476776123047,43.660893454079854,44.10280385560945,36.41674763071353,-0.39543219049971867,-0.03930779032911977,44.07297229766846,47.5288826394958,40.617061955841116
2023-10-23 04:00:00,41.20471789682862,43.222529794895785,40.92088476471772,42.94968795776367,478530000,0.0,0.0,44.344063949584964,44.83721008300781,43.53158336384055,44.05758362432138,47.88615397807255,-0.4345237603077976,-0.11835098432485534,44.110600280761716,47.4961861996747,40.72501436184873
2023-10-24 04:00:00,43.05162238085588,43.67125606240389,42.66585200550872,43.63727569580078,401463000,0.0,0.0,44.130689239501955,44.835483169555665,43.55080015146968,44.04110096045783,48.54434947489104,-0.4053489169771751,-0.1757505708553193,44.198148536682126,47.42855309352194,40.96774397984231
2023-10-25 04:00:00,43.372432614254315,43.62428687299592,41.53051983848515,41.75438690185547,398379000,0.0,0.0,43.62828483581543,44.792360916137696,43.22417956063073,43.95142589933617,39.77216972877451,-0.5280737279362597,-0.2462152022715074,44.16371879577637,47.48625244651034,40.841185145042395
2023-10-26 04:00:00,41.82834703800738,42.231109527965074,39.85650966502812,40.30224609375,541001000,0.0,0.0,42.96677474975586,44.72926979064941,42.692918930288776,43.80832080892103,31.383571818295664,-0.73404800351733,-0.34378176252067194,44.02565021514893,47.74631320639486,40.304987223903
2023-10-27 04:00:00,41.10577671411972,41.18173216586504,39.991431738659564,40.47614669799805,416784000,0.0,0.0,42.47096710205078,44.67249481201172,42.28986943350864,43.67764731437504,33.29368984505906,-0.8731862281662828,-0.44966265564979413,43.87578868865967,47.9176911178002,39.83388625951913
2023-10-30 04:00:00,41.06280298137389,41.74140011545999,40.45715708839421,41.136756896972656,388028000,0.0,0.0,41.977857971191405,44.62983139038086,42.080212608683915,43.578004552908276,33.922765965274564,-0.9195485680366744,-0.5436398381271702,43.69484577178955,47.89193814988594,39.497753393693166
2023-10-31 04:00:00,40.42617021325587,40.854918327921496,39.20688773913261,40.75597381591797,517969000,0.0,0.0,41.66224327087402,44.50624153137207,41.839441919090106,43.467336680869444,28.157161527186645,-0.9757690109476158,-0.6300656726912593,43.55807647705078,47.95653245111801,39.15962050298356
2023-11-01 04:00:00,40.85992224625753,42.35604230855743,40.84493168976348,42.30007553100586,437593000,0.0,0.0,41.67513656616211,44.43949638366699,41.92319348489297,43.42156173381597,34.8026792906921,-0.8855202865437946,-0.6811565954617664,43.472327423095706,47.90004273209256,39.044612114098854
2023-11-02 04:00:00,43.30247683018647,43.858149075327375,42.868734368129815,43.48037338256836,409172000,0.0,0.0,41.81555366516113,44.36741638183594,42.20631710265213,43.423868072982735,43.43828019628663,-0.7105663828373068,-0.6870385529368745,43.413262367248535,47.80554970388723,39.02097503060984
2023-11-03 04:00:00,43.99406856905828,45.28230687928524,43.69724264528921,44.97848892211914,424610000,0.0,0.0,42.177141189575195,44.32435943603516,42.71034834255522,43.48483359647828,46.54231702016111,-0.44588882113344397,-0.6388086065761884,43.375434684753415,47.69597425640834,39.05489511309849
2023-11-06 05:00:00,45.25832352062085,45.907942145910646,44.87254931814996,45.72404861450195,400733000,0.0,0.0,42.45457725524902,44.319098205566405,43.258293846545534,43.57264595012627,56.31660894224135,-0.17396415976645585,-0.545839717214242,43.39932060241699,47.768419553129256,39.03022165170473
2023-11-07 05:00:00,45.69207169045335,46.190774498668894,45.13140131544397,45.92793273925781,343165000,0.0,0.0,42.68364295959473,44.30158576965332,43.74368273612958,43.665010137935354,64.66868918084006,0.05732898555591248,-0.4252059766602111,43.40716609954834,47.79472143851454,39.01961076058214
2023-11-08 05:00:00,46.072846167662064,46.839396518994945,45.94092394446473,46.54656982421875,346719000,0.0,0.0,43.16286125183105,44.257492218017575,44.25329857032761,43.77801247857392,66.76911373885928,0.2872382089186871,-0.28271713954443145,43.39557304382324,47.746696067671465,39.04445001997502
2023-11-09 05:00:00,47.439041810402294,48.20159290455906,46.72246505652049,46.92234802246094,540496000,0.0,0.0,43.82487144470215,44.21132064819336,44.7385802888973,43.90131975480479,71.3978154261487,0.4940697563257288,-0.12735976037039942,43.395823097229005,47.74779878828242,39.043847406175594
2023-11-10 05:00:00,47.47202272481538,48.44345034341423,47.255151482276034,48.3065299987793,421245000,0.0,0.0,44.607909774780275,44.19101387023926,45.387298417966754,44.07407309770575,70.94403445868954,0.7609059154383928,0.05029337479135904,43.53943843841553,48.34099518257158,38.73788169425948
2023-11-13 05:00:00,48.29153946047775,49.08707205400293,48.07066895736376,48.59136199951172,384136000,0.0,0.0,45.35337028503418,44.193312377929686,45.96985543279311,44.251221682090296,69.99919922139681,0.9840159328593003,0.2370378864049473,43.66561412811279,48.86321820505435,38.468010051171234
2023-11-14 05:00:00,49.65073506752464,49.804643679009864,49.01111268540679,49.626747131347656,416954000,0.0,0.0,46.24044761657715,44.215539093017576,46.634744832530295,44.46202660166902,84.11431057648565,1.2301981971063611,0.4356699485452301,43.951345443725586,49.79425679639829,38.108434091052885
2023-11-15 05:00:00,49.90559139115929,49.93057437955693,48.1716126359303,48.85920715332031,475497000,0.0,0.0,46.89636077880859,44.252057571411136,47.039192527219384,44.63446505467495,89.41989478449379,1.3478284264361307,0.6181016441234103,44.285748672485354,50.45604485298848,38.11545249198223
2023-11-16 05:00:00,48.65032836479482,49.49583073208514,48.30153490578404,49.45085525512695,339756000,0.0,0.0,47.49340896606445,44.3167993927002,47.477676659566214,44.8233431017515,89.81202267018375,1.471825993987494,0.7888465140962271,44.65448131561279,51.142066091113485,38.1668965401121
2023-11-17 05:00:00,49.49483149994882,49.687718627140484,48.978137690919475,49.26896667480469,325205000,0.0,0.0,47.92245674133301,44.39127563476563,47.803365753245934,44.99768128108692,87.67481825405129,1.5376925092343612,0.938615713123854,45.0497989654541,51.65526964461067,38.444328286297534
2023-11-20 05:00:00,49.28295659470337,50.51822867897837,49.152033232319226,50.379310607910156,414120000,0.0,0.0,48.38798294067383,44.4958341217041,48.27171936318488,45.20872556841332,91.76000190698545,1.6603482123195619,1.0829622129629957,45.42128009796143,52.3568697356879,38.485690460234956
2023-11-21 05:00:00,50.096469472210146,50.48723796925796,49.19300270316688,49.91457748413086,565747000,0.0,0.0,48.786647415161134,44.597254333496096,48.57042083972051,45.3932687807944,86.45805479696251,1.7004519104202203,1.2064601524544407,45.73514518737793,52.895316326401435,38.57497404835443
2023-11-22 05:00:00,49.82264182606516,50.305355268159595,47.6619125318451,48.68730926513672,899420000,0.0,0.0,49.00072135925293,44.66183639526367,48.59167328070527,45.522446839003905,74.8190529111362,1.6145920790930575,1.2880865377821642,46.08179130554199,53.10039525437141,39.06318735671257
2023-11-24 05:00:00,48.44145141892708,48.89218598438888,47.71687617098167,47.747859954833984,294645000,0.0,0.0,49.083272552490236,44.70571060180664,48.4382526760014,45.60971794158548,63.94288054095705,1.4539812454183618,1.3212654793094039,46.45407199859619,52.952486221443195,39.95565777574919
2023-11-27 05:00:00,47.771847686125604,48.5014172990811,47.623936039409465,48.21358871459961,395662000,0.0,0.0,49.073978424072266,44.79249954223633,48.39740468301925,45.71183052091937,62.89743599878262,1.3487291116041789,1.326758205768359,46.84094409942627,52.73396401922481,40.94792417962773
2023-11-28 05:00:00,48.20758404305151,48.2945345904846,47.44503304136884,47.79282760620117,401491000,0.0,0.0,48.99412498474121,44.869554138183595,48.287481578143236,45.793438249753954,59.44903577007541,1.217331492571489,1.304872863128985,47.1737476348877,52.42751149144952,41.91998377832587
2023-11-29 05:00:00,48.350510033061155,48.73328389544531,47.831814678443656,48.11164855957031,382005000,0.0,0.0,48.84261512756348,44.96189987182617,48.2555119384027,45.88434845798205,58.17840694529496,1.1259449270161141,1.269087275906411,47.54153137207031,51.84810418076499,43.23495856337563
2023-11-30 05:00:00,47.99570985279465,48.08166154319405,46.3946561295748,46.74245071411133,526247000,0.0,0.0,48.63093948364258,45.05246643066406,47.980409897622444,45.91799952684987,49.1483569767404,0.9322907249971735,1.2017279657245634,47.76365013122559,51.32588302483591,44.20141723761527
2023-12-01 05:00:00,46.49760075768486,47.172202455851924,46.15979857134605,46.737457275390625,369317000,0.0,0.0,48.35959968566895,45.167358779907225,47.75441851176211,45.95013512483186,41.4562632079865,0.769544614628586,1.115291295505368,47.9265043258667,50.916006042560674,44.93700260917273
2023-12-04 05:00:00,46.04986367896582,46.04986367896582,44.983490722003246,45.48319625854492,437543000,0.0,0.0,47.981022644042966,45.24531303405762,47.34146901117717,45.93182379674218,34.691884502671826,0.5332122292110455,0.9988754822465036,47.95173969268799,50.84338083874243,45.06009854663354
2023-12-05 05:00:00,45.44321259326519,46.57664311757359,45.24831062993343,46.54266357421875,371718000,0.004,0.0,47.59735794067383,45.33222373962403,47.196231659002905,45.95577829781969,34.84643897669969,0.4264909469666023,0.8843985751905233,47.99267044067383,50.77255786374782,45.21278301759983
2023-12-06 05:00:00,47.19133790635441,47.36325259148531,45.389240093841764,45.480194091796875,380590000,0.0,0.0,47.15391960144043,45.40410140991211,46.88422482860181,45.93712793679919,33.864946056676374,0.25326171074750903,0.7581712023019205,47.97028350830078,50.82634996178019,45.114217054821374
2023-12-07 05:00:00,45.67709251357311,46.60562768353836,45.581139964884045,46.5726432800293,350823000,0.0,0.0,46.94245300292969,45.48669464111328,46.82757363795226,45.96205010712195,36.883631180029205,0.20180156962861417,0.6468972757672593,47.97158718109131,50.82493987569149,45.118234486491126
2023-12-08 05:00:00,46.57165024032382,47.7170758334867,46.52667080932443,47.48219299316406,359224000,0.0,0.0,46.915886306762694,45.57506614685059,46.94659533889986,46.0216635536334,42.36388440379895,0.23174073453335353,0.5638659675204781,47.999579429626465,50.820390628315224,45.178768230937706
2023-12-11 05:00:00,47.467203152590486,47.50718021067466,45.80703618949346,46.603633880615234,509728000,0.0,0.0,46.754890823364256,45.637671279907224,46.88423871012083,46.044485919397395,33.5377891823906,0.18247193755131264,0.48758716152664505,47.914434623718265,50.79833139181797,45.03053785561856
2023-12-12 05:00:00,46.02292498477765,47.642112036749815,46.02292498477765,47.63311767578125,372387000,0.0,0.0,46.73891983032227,45.69522132873535,47.02039852205909,46.10678520396147,40.51956146605344,0.2239156393871582,0.4348528570987477,47.86652240753174,50.73486447943598,44.9981803356275
2023-12-13 05:00:00,47.6051304064391,48.56964690995882,47.584141022949915,48.063899993896484,447792000,0.0,0.0,46.73414497375488,45.78667213439942,47.21012606239316,46.183534803566765,47.225833261753834,0.2881984324200175,0.4055219721630017,47.78838005065918,50.53748619903502,45.039273902283334
2023-12-14 05:00:00,48.36574456801119,48.64560300177105,47.3982312593091,48.32576370239258,391232000,0.0,0.0,46.89247627258301,45.87288627624512,47.41296926966578,46.26754377999131,52.736704508750215,0.35616754407884343,0.39565108654617004,47.761707878112794,50.47721536508344,45.04620039114215
2023-12-15 05:00:00,48.16984725179435,49.379239930936926,48.095883026170014,48.86549758911133,479948000,0.0,0.0,47.10528030395508,45.956962738037106,47.67706532774679,46.36942432152543,53.06567337036428,0.4484165023637061,0.40620416970967727,47.73243999481201,50.383136428263896,45.08174356136013
2023-12-18 05:00:00,49.37524392106738,50.40772334929845,49.12536921258584,50.051902770996094,412587000,0.0,0.0,47.562150955200195,46.0432999420166,48.108853953792114,46.51383524111252,59.9099308651115,0.6102231764709884,0.4470079710619395,47.77158679962158,50.538411082221714,45.00476251702145
2023-12-19 05:00:00,49.39922581544832,49.675088445454506,48.870491649793216,49.57913589477539,464444000,0.0,0.0,47.86579818725586,46.1299560546875,48.3761779430618,46.63404310988361,56.35166858579598,0.6923270800021513,0.4960717928499819,47.73157806396485,50.35927468162637,45.103881446303326
2023-12-20 05:00:00,49.63010830567033,49.97393763852956,48.07388957337245,48.086883544921875,397894000,0.0,0.0,48.12646713256836,46.17627326965332,48.32357896158181,46.691017244590995,55.75772387953632,0.6297236593615878,0.5228021661523031,47.64019336700439,50.06773197110151,45.21265476290728
2023-12-21 05:00:00,48.786542939601254,49.07040103134221,48.39473725563784,48.9654541015625,300425000,0.0,0.0,48.36574821472168,46.220013732910154,48.440283532487385,46.78021084682517,58.877461435384355,0.6435844578582746,0.5469586244934974,47.654100608825686,50.10991984339796,45.19828137425341
2023-12-22 05:00:00,49.17034549223245,49.35825100102085,48.44270969078598,48.8055305480957,252507000,0.0,0.0,48.49808197021484,46.25777740478516,48.50669208077981,46.85963514883578,64.50259269250367,0.6343523275394247,0.5644373651026829,47.70698413848877,50.216274047360784,45.19769422961676
2023-12-26 05:00:00,48.94345422311468,49.575137414585996,48.93545881250647,49.25429916381836,244200000,0.0,0.0,48.76314849853516,46.33417892456055,48.64262064133227,46.953543541580196,62.503416791582566,0.6556892964636205,0.5826877513748705,47.759019660949704,50.35423497302981,45.1638043488696
2023-12-27 05:00:00,49.486185641923775,49.655099654508746,49.06039666080748,49.39223098754883,233648000,0.0,0.0,48.939059829711915,46.400666580200195,48.77891343155346,47.04917834338289,69.71983492147001,0.675937160659501,0.6013376332317967,47.83898983001709,50.535196079062814,45.14278358097137
2023-12-28 05:00:00,49.61812249458572,49.85899903094536,49.38723545621996,49.4971809387207,246587000,0.0,0.0,49.082387924194336,46.512367782592776,48.90950752376568,47.145178445160845,66.37196489204945,0.6924699602151776,0.619564098628473,47.90826644897461,50.70335720634174,45.11317569160747
2023-12-29 05:00:00,49.78803546733378,49.97194517562977,48.726567424201626,49.4971809387207,389293000,0.0,0.0,49.19952964782715,46.658888549804686,49.01635723557568,47.237413837065155,62.559149980717265,0.6975316127421038,0.6351576014511991,48.04600296020508,50.870542964549244,45.221462955860915
2024-01-02 05:00:00,49.219320839141155,49.27029396888079,47.57114897451382,48.14385986328125,411254000,0.0,0.0,49.12736587524414,46.78024169921875,48.857721349703965,47.272960740054025,59.063614401359814,0.5855909799262378,0.6252442771462069,48.11632308959961,50.872904128874985,45.359742050324236
2024-01-03 05:00:00,47.461200853543446,48.159848009515486,47.29628263742881,47.54515838623047,320896000,0.0,0.0,48.87669143676758,46.90389259338379,48.61907353816333,47.28363515755114,49.45475079524377,0.44345514146045417,0.5888864500090564,48.219421195983884,50.70196226229365,45.73688012967412
2024-01-04 05:00:00,47.743062379627034,48.47569678347226,47.48419329239884,47.97394943237305,306535000,0.0,0.0,48.716172790527345,47.00437782287597,48.501778246201454,47.31070630558337,49.442269447719035,0.3612470877512166,0.5433585775574884,48.2909854888916,50.64942428995822,45.93254668782498
2024-01-05 05:00:00,48.43770769973895,49.522162871947465,48.28178385920585,49.0723876953125,415039000,0.0,0.0,48.81472320556641,47.11308006286621,48.605525418767094,47.379791850278636,54.194255423925746,0.38034699727047894,0.5107562615000866,48.47059516906738,50.443328132203035,46.497862205931725
2024-01-08 05:00:00,49.48718324562039,52.24879878540604,49.45419884123399,52.226806640625,642510000,0.0,0.0,49.14085845947265,47.3225284576416,49.26394018637762,47.56987086166477,64.59504593276931,0.6426114348700906,0.5371272961740874,48.753303337097165,51.15478897218541,46.35181770200892
2024-01-09 05:00:00,52.37474091414494,54.29777651370217,51.66409487363166,53.11336898803711,773100000,0.0,0.0,49.571642303466795,47.578750915527344,49.96383633213389,47.78726294505192,63.648497014845674,0.9114889856619826,0.6119996340716665,49.03486213684082,52.05070894237298,46.019015331308665
2024-01-10 05:00:00,53.58913202583644,54.57263625073542,53.462192955866946,54.32276153564453,533796000,0.0,0.0,50.07848854064942,47.855683212280276,50.75636818731764,48.043557007428106,69.84444733113725,1.2082364553432683,0.7312469983259868,49.42081851959229,53.04165266058797,45.799984378596605
2024-01-11 05:00:00,54.971434569987615,55.318260772566724,53.53315663291465,54.79452133178711,596759000,0.0,0.0,50.61871757507324,48.12883850097656,51.49057784994845,48.30830070642258,80.68023317693984,1.46459509532324,0.8779166177254375,49.77888870239258,54.01882693194423,45.538950472840924
2024-01-12 05:00:00,54.59262780343835,54.94245469940077,54.302776025714294,54.68258285522461,352994000,0.0,0.0,51.137257766723636,48.40737068176269,52.0709423963623,48.558272555395206,78.1219191741407,1.6398257741535787,1.0302984490110658,50.109822845458986,54.795878168666626,45.423767522251346
2024-01-16 05:00:00,54.990429652443055,56.80651660434578,54.87248875685251,56.35374450683594,449580000,0.0,0.0,51.822914123535156,48.6884440612793,52.84963368917568,48.86397733780465,82.32325294879263,1.8917393349138294,1.2025866261916187,50.51122188568115,55.879492424306584,45.14295134705572
2024-01-17 05:00:00,56.31876518619403,56.44270360003648,54.71257199394214,56.0249137878418,474394000,0.0,0.0,52.61101951599121,48.939334869384766,53.42695734347861,49.14479837506101,79.29429970673945,2.041317715932564,1.370332844139808,50.86919269561768,56.70946285252146,45.02892253871389
2024-01-18 05:00:00,57.23130379027645,57.57113355960741,56.07888171171816,57.0783805847168,491650000,0.0,0.0,53.56434173583985,49.181332702636716,54.09085247824919,49.455919246027904,80.81428033975757,2.219283112596159,1.5401228978310781,51.22051658630371,57.667614187870534,44.773418984736885
2024-01-19 05:00:00,57.95993551231964,59.470179816121735,57.19631847450879,59.461185455322266,543501000,0.0,0.0,54.71306533813477,49.45607543945312,55.06727665589884,49.848282626784545,83.77722994033905,2.523505015755866,1.7367993214160358,51.71461906433105,59.081198191972256,44.34803993668985
2024-01-22 05:00:00,60.018906048230285,60.30076621768796,59.04039658553907,59.62410354614258,452955000,0.0,0.0,55.76823692321777,49.72999885559082,55.89579063594315,50.23164815303388,83.95446257364632,2.7460939327041984,1.9386582436736683,52.29148006439209,60.24542547015011,44.33753465863407
2024-01-23 05:00:00,59.54014893601341,59.879978713200884,58.555641913303255,59.84299850463867,294654000,0.0,0.0,56.52985610961914,49.99592742919922,56.613464793887786,50.60856385309682,92.4556202778583,2.906654147142561,2.132257424367447,52.8353572845459,61.30271701900328,44.36799755008852
2024-01-24 05:00:00,60.27377702467032,62.81749966312902,59.90795933203634,61.33124542236328,560271000,0.0,0.0,57.35164375305176,50.284105377197264,57.47124308997424,51.02906116953864,96.99495192495247,3.1180454750008764,2.329415034494133,53.461643028259275,62.50717457080671,44.41611148571184
2024-01-25 05:00:00,62.31875115055073,62.687569516767255,60.81950289051068,61.58612060546875,482777000,0.0,0.0,58.07797966003418,50.549697189331056,58.21940263824597,51.443063500359436,96.95889314185594,3.268464102886874,2.517224848172681,54.078234100341795,63.58562177320238,44.570846427481214
2024-01-26 05:00:00,60.9294522339272,61.75204169203421,60.542648934033814,61.00041580200195,390309000,0.0,0.0,58.69856910705566,50.79787826538086,58.72504139529251,51.81786162983561,92.65806627996668,3.302343110750215,2.674248500688188,54.658643341064455,64.37650506518288,44.94078161694602
2024-01-29 05:00:00,61.20131293830937,62.4576829809529,60.876478857453996,62.43369674682617,348733000,0.0,0.0,59.47368049621582,51.05401725769043,59.399342368298626,52.23416888932544,91.62734458403848,3.4055887551219968,2.82051655157495,55.30546913146973,65.29512760086622,45.31581066207323
2024-01-30 05:00:00,62.86847856975012,63.461179887339625,62.22879610932244,62.74253845214844,410735000,0.0,0.0,60.11255989074707,51.33168388366699,60.00719620172586,52.64626181335771,91.21328815303829,3.472306034127058,2.950874448085372,55.96773700714111,66.09139222553931,45.844081788742905
2024-01-31 05:00:00,61.40920802958089,62.23779495619412,60.66958101504,61.49616622924805,453795000,0.0,0.0,60.659685134887695,51.572590103149416,60.27791802491171,52.99331688849067,80.60562008091557,3.385581263040649,3.0378158110764275,56.635352325439456,66.338918116012,46.93178653486691
2024-02-01 05:00:00,62.06887734355602,63.159334010145514,61.61910590922887,62.99541473388672,369146000,0.0,0.0,61.25138854980469,51.84711906433105,60.77200833563444,53.385556019682674,82.16898038899984,3.3986505537214455,3.1099827596054315,57.40786514282227,66.50545759384559,48.31027269179894
2024-02-02 05:00:00,63.94193723275367,66.56662061369005,63.658079168244704,66.12684631347656,476578000,0.0,0.0,61.91795463562012,52.16206977844238,61.74561524069664,53.885214462576556,86.29394313985806,3.619959775803629,3.2119781628450714,58.315509986877444,67.0656664208104,49.56535355294448
2024-02-05 05:00:00,68.19080896214494,69.46217469854224,67.17132346877767,69.29725646972656,680078000,0.0,0.0,62.88526992797851,52.549723358154296,63.11864091870207,54.48960826677852,87.48411953861267,4.005007301001314,3.37058399047632,59.32675342559814,68.25212894718705,50.40137790400924
2024-02-06 05:00:00,69.59510487406826,69.71904328530657,66.26677937017486,68.18881225585938,683111000,0.0,0.0,63.71985130310058,52.93975341796875,64.04049025273066,55.026831952624825,83.70445628706236,4.172618703386149,3.530990933058286,60.124853706359865,69.22989707635477,51.019810336364955
2024-02-07 05:00:00,68.28475901119934,70.1848072130282,67.56611760223609,70.0638656616211,495575000,0.0,0.0,64.59311332702637,53.38607353210449,65.13564941798347,55.61651954905605,84.41408345392516,4.405963877755418,3.7059855219977127,60.97237854003906,70.4762912409114,51.468465839166726
2024-02-08 05:00:00,70.03887599609345,70.75851634793179,69.42019057387394,69.60609436035156,414422000,0.0,0.0,65.39511070251464,53.81392364501953,65.94845758932313,56.1651303259696,79.94101025621742,4.5020563877411135,3.865199695146393,61.736545181274415,71.44476550082894,52.028324861719895
2024-02-09 05:00:00,70.49765087243433,72.14882343134643,70.17681258949254,72.09685516357422,436637000,0.0,0.0,66.50475463867187,54.300004196166995,67.06634805736877,56.78990384901292,82.36424743449314,4.72473022587598,4.03710580129231,62.60166187286377,72.77759957358919,52.42572417213835
2024-02-12 05:00:00,72.56361295434608,74.57360667156944,71.21429106971823,72.2117919921875,613710000,0.0,0.0,67.48256416320801,54.78200706481934,68.0018833182449,57.39468377619624,82.26858640442079,4.854515456031976,4.200587732240243,63.478122329711915,73.80071118489349,53.155533474530344
2024-02-13 05:00:00,70.36473436037795,73.41320187519852,69.58512632462431,72.09186553955078,602580000,0.0,0.0,68.41749687194825,55.288995361328126,68.74551644939142,57.971043845347396,80.23145750667896,4.891310144906463,4.338732214773487,64.26502838134766,74.6997440558566,53.83031270683872
2024-02-14 05:00:00,73.1653277390137,74.19880626705748,71.9019610905451,73.86297607421875,504917000,0.0,0.0,69.65417785644532,55.83150573730469,69.67596365390547,58.59425687393059,81.783433250429,5.005681637304072,4.472122099279605,65.1569314956665,75.67515549355751,54.638707497775485
2024-02-15 05:00:00,73.8319812576461,73.93792331267274,72.36371572931519,72.62158203125,420122000,0.0,0.0,70.61679458618164,56.374273452758786,70.21153063160448,59.14434805657057,79.0980427141779,4.939215542309768,4.565540787885637,65.93409156799316,76.23366119179481,55.63452194419151
2024-02-16 05:00:00,74.06286879282843,74.36471942022467,72.46467098835652,72.57661437988281,495327000,0.0,0.0,71.26177139282227,56.89495246887207,70.64154585856417,59.67110359866125,77.2942739925651,4.827266446779987,4.6178859196645075,66.5898630142212,76.82406018313603,56.35566584530637
2024-02-20 05:00:00,71.91095085561923,71.91994903053357,67.7000642651573,69.41720581054688,704833000,0.0,0.0,71.2737663269043,57.37369270324707,70.41893857710647,60.053303685401865,65.57228728015137,4.43251286558565,4.5808113088487366,67.0795181274414,76.83641668838757,57.322619566495234
2024-02-21 05:00:00,67.97191561607241,68.85347738557593,66.21480102707116,67.43818664550781,673755000,0.0,0.0,71.19870376586914,57.79100357055664,69.87698368045217,60.342906938739354,63.40473679672173,3.914849552446384,4.447618957568267,67.45927753448487,76.6021569953515,58.31639807361823
2024-02-22 05:00:00,74.98740205219113,78.53561836150196,74.1828051803666,78.49864196777344,865100000,0.0,0.0,72.04218139648438,58.411332550048826,71.44455791451058,61.054896547721086,74.43370093002596,4.346974736777881,4.427490113410189,68.31764736175538,78.22927771558554,58.40601700792521
2024-02-23 05:00:00,80.74951481547919,82.35270728551444,77.53112722629109,78.77750396728516,829388000,0.0,0.0,72.95932235717774,59.054809951782225,72.77782083319687,61.74990076025301,71.90778196369867,4.658241582163569,4.4736404071608655,69.17721652984619,79.59945936282091,58.754973696871474
2024-02-26 05:00:00,79.66005756473585,80.60559027528652,78.46565670997347,79.0523681640625,503973000,0.0,0.0,73.65487365722656,59.683194961547855,73.91864762062698,62.42842889373574,68.77645855005824,4.870952732198262,4.553102872168345,70.07981414794922,80.64614441149341,59.513483884405034
2024-02-27 05:00:00,79.34121192660028,79.44016895851776,77.12332991849851,78.66155242919922,391705000,0.0,0.0,74.29984970092774,60.295148010253904,74.78099394945829,63.06502197355784,70.73042621510919,4.950921150302463,4.632666527795169,70.89120693206787,81.47760135823776,60.304812505897985
2024-02-28 05:00:00,77.5810991271791,78.89343695625473,77.08634447899664,77.62407684326172,393110000,0.0,0.0,74.85307083129882,60.88111427307129,75.297918111968,63.635965301781525,65.47842712143981,4.874392130277386,4.681011648291612,71.63528385162354,81.89710402459801,61.373463678649074
2024-02-29 05:00:00,79.05436082688792,79.94990785839042,78.31073041631178,79.07234954833984,507289000,0.0,0.0,75.37400817871094,61.48525131225586,75.98417837312651,64.24131370360735,68.62536353475117,4.87441659385054,4.719692637403398,72.51409301757812,82.10861620323274,62.919569831923496
2024-03-01 05:00:00,79.95990531943471,82.25875564759677,79.39518604793354,82.23776245117188,479135000,0.0,0.0,76.33562622070312,62.128968505859376,77.12119366004384,64.94705679174713,69.4367649187764,5.071398424011548,4.790033794725028,73.47621040344238,82.90954179815844,64.04287900872632
2024-03-04 05:00:00,84.08784258387219,87.65105872425914,83.67705303627969,85.19429016113281,615616000,0.0,0.0,77.59739379882812,62.841271591186526,78.58902938751456,65.74106594348774,72.43893137622577,5.4037835678210655,4.912783749344236,74.4295825958252,84.56356545339884,64.29559973825155
2024-03-05 05:00:00,85.23126463609206,86.05789246708638,83.37910949267872,85.9249496459961,520639000,0.004,0.0,79.24816818237305,63.59803291320801,79.92283307087483,66.5325907945665,73.41475522293692,5.660903926375198,5.0624077847504285,75.26096725463867,86.3091137892046,64.21282072007274
2024-03-06 05:00:00,87.98202031125847,89.68324305114874,86.99046652196165,88.65970611572266,582520000,0.0,0.0,81.37032012939453,64.39191795349122,81.51135544266533,67.40032080716087,74.25463504311449,6.015996986344518,5.253125625069247,76.28451194763184,88.32261177804807,64.24641211721561
2024-03-07 05:00:00,90.11703886606277,92.7248547713437,89.56129169773,92.62689971923828,608119000,0.0,0.0,82.78314590454102,65.26834533691407,83.53236349295132,68.38959841155607,80.10247624129491,6.542116714106982,5.510923842876794,77.4126636505127,91.1107076777775,63.7146196232479
2024-03-08 05:00:00,95.09478711569938,97.3557607121787,86.46670414122495,87.48824310302734,1142269000,0.0,0.0,83.65421981811524,66.03302421569825,84.25161433114695,69.13856487004513,69.45550967541053,6.469843417880028,5.702707757877441,78.30677108764648,92.19246356026996,64.421078615023
2024-03-11 04:00:00,86.38973999977979,88.75666054013853,84.12776749206648,85.73503875732422,678364000,0.0,0.0,84.3224868774414,66.75988037109374,84.52132786317918,69.78940698327176,72.1011962567454,6.199631874251494,5.802092581152252,78.98868026733399,92.92972353843432,65.04763699623366
2024-03-12 04:00:00,88.00901063110172,91.9182296909345,86.11087110664366,91.87125396728516,668075000,0.0,0.0,85.64345703125,67.60736183166505,85.85767806392572,70.65536176695856,79.74319638143396,6.40677524714053,5.923029114349908,79.97165336608887,94.65343608980272,65.28987064237502
2024-03-13 04:00:00,91.0136265107917,91.46241999176601,88.39481424748416,90.8467025756836,635713000,0.0,0.0,86.9657196044922,68.4343522644043,86.76477342969987,71.44717905357524,69.89218422262934,6.414324784437056,6.021288248367338,80.90939521789551,95.86528458596638,65.95350584982464
2024-03-14 04:00:00,89.5363141970595,90.60482886063097,86.56066146107706,87.904052734375,602318000,0.0,0.0,87.8488899230957,69.22955612182618,86.97191512145898,72.09254664890072,63.540368972748226,6.112400647861989,6.039510728266269,81.61144905090332,96.4926565329525,66.73024156885414
2024-03-15 04:00:00,86.89051059382359,89.5053195385714,86.2178197951128,87.7970962524414,642086000,0.0,0.0,88.40482330322266,70.03459487915039,87.12194805436486,72.70841133923565,63.03885324335202,5.797661269959633,5.9911408366049415,82.37022476196289,96.86391709066048,67.8765324332653
2024-03-18 04:00:00,90.34693053361582,92.3630123531095,87.04542992766956,88.41481018066406,668976000,0.0,0.0,88.72687530517578,70.84341209411622,87.35701389551016,73.32434854870344,64.44488537121728,5.534276700122717,5.899768009308497,83.16213455200196,97.12372542442043,69.20054367958349
2024-03-19 04:00:00,86.66061131736247,90.50286685393166,84.97138422754449,89.35739135742188,672171000,0.0,0.0,89.07011947631835,71.6491121673584,87.72071888858501,73.95309532551593,67.42639518558849,5.3400442483950314,5.787823257125805,84.15914382934571,96.77055206756215,71.54773559112927
2024-03-20 04:00:00,89.7562045087411,90.36893262675873,88.18292203943432,90.33094787597656,479063000,0.0,0.0,89.23724365234375,72.41119499206543,88.19530597720166,74.59536405298498,66.96050421539536,5.204675249252119,5.671193655551068,85.30378189086915,95.43734275019135,75.17022103154694
2024-03-21 04:00:00,92.25806799689252,92.60590946151324,90.3639246898217,91.3934555053711,480372000,0.0,0.0,89.11389923095703,73.1767967224121,88.77678770959609,75.25411273739228,64.72557329551324,5.124062821507778,5.561767488742411,85.94852256774902,95.89822131034863,75.99882382514942
2024-03-22 04:00:00,91.0995826717117,94.73493098824899,90.79272297133024,94.24615478515625,586719000,0.0,0.0,89.78969039916993,73.97526458740235,89.77121808697066,75.9988987000497,64.60736712662165,5.230076812727887,5.495429353539507,86.72195510864258,96.72928540951614,76.71462480776901
2024-03-25 04:00:00,93.89833196321345,96.7220457399285,93.4675279762788,94.95884704589844,552136000,0.0,0.0,90.71207122802734,74.77855110168457,90.71442335223026,76.74242608616142,64.58683141949267,5.310387136475455,5.458420910126697,87.51727905273438,97.48638559751728,77.54817250795148
2024-03-26 04:00:00,95.80744995656973,96.33121396198779,92.45997248331167,92.5189437866211,513648000,0.0,0.0,90.77684020996094,75.5352783203125,91.04251797666495,77.36111305480689,56.29132961205138,5.1181549405350495,5.390367716208368,88.21014862060547,97.49013326780963,78.9301639734013
2024-03-27 04:00:00,93.06969894575073,93.1976391484463,89.08251272541551,90.20899963378906,586067000,0.0,0.0,90.71306991577148,76.21238342285156,90.89096918705116,77.86495174417874,45.833194185176,4.724950068953717,5.257284186757437,88.83939476013184,96.69429630883705,80.98449321142662
2024-03-28 04:00:00,89.95911557929476,91.25852807692272,89.15248296936366,90.31495666503906,435212000,0.0,0.0,90.95416030883788,76.89818428039551,90.7862396375944,78.3531872312713,55.893619830398734,4.371490402042937,5.0801254298145375,89.40152511596679,95.78464136764029,83.01840886429329
2024-04-01 04:00:00,90.25797890351257,92.18309875741171,89.16347516442184,90.32194519042969,452441000,0.0,0.0,91.20664520263672,77.56305557250977,90.70182246538263,78.8225502884932,60.314647222817925,4.045303247348642,4.873160993321359,89.80573425292968,95.23072126158115,84.38074724427821
2024-04-02 04:00:00,88.40781242384669,90.0530682986896,87.5801933164325,89.41136169433594,433064000,0.0,0.0,91.30630035400391,78.16205909729004,90.46719323428323,79.23779779460469,42.76897213247625,3.671004049568154,4.632729604570718,90.01658782958984,94.99645736279044,85.03671829638924
2024-04-03 04:00:00,88.44382147679157,90.33296263698476,88.35985998637987,88.92359924316406,370067000,0.0,0.0,91.26292114257812,78.74804901123046,90.18653978135247,79.61763314552859,44.16268388014727,3.2970050631843435,4.3655846962934435,90.16652030944825,94.79592867794263,85.53711194095386
2024-04-04 04:00:00,90.36492116364104,90.59282202260623,85.84097663074387,85.865966796875,434965000,0.0,0.0,90.81642303466796,79.2685083770752,89.40098105690201,79.86266583773825,43.85655293967216,2.7224995076163054,4.036967658558016,90.02683334350586,95.00326783718371,85.050398849828
2024-04-05 04:00:00,86.82653804838375,88.44080991811138,85.88697023320091,87.96802520751953,399678000,0.0,0.0,90.47388000488282,79.80124397277832,89.14044362974155,80.18052306792575,50.459917164000174,2.4090482531615294,3.711383777478719,89.79388961791992,94.69343560072407,84.89434363511576
2024-04-08 04:00:00,88.65969605555898,88.78964187058105,86.69259552509367,87.09341430664062,283220000,0.0,0.0,89.75860595703125,80.31138984680176,88.76825648008683,80.451616841993,46.49301348383042,2.066243714095094,3.382355764801994,89.77414817810059,94.71581065235544,84.83248570384573
2024-04-09 04:00:00,87.40226463843116,87.59517772557601,82.98427507127602,85.3152084350586,501700000,0.0,0.0,88.79424209594727,80.79768569946289,88.14042956280896,80.64234592407401,39.72766983797073,1.6322665417191757,3.0323379201854306,89.7531566619873,94.77005565993265,84.73625766404196
2024-04-10 04:00:00,83.88787363370758,87.36029436616496,83.67096935278308,86.99945831298828,431929000,0.0,0.0,88.24229354858399,81.28900093078613,87.93298024465975,80.89164444912947,41.8288949093322,1.4080107240888964,2.707472480966124,89.50956687927246,94.56637797441381,84.4527557841311
2024-04-11 04:00:00,87.38028930692866,90.69778195869354,86.88651802850721,90.57483673095703,431637000,0.0,0.0,88.27887725830078,81.84564689636231,88.41331778762289,81.27137747978938,48.21251866645077,1.501481387788175,2.466274262330534,89.49597358703613,94.53909355035775,84.45285362371452
2024-04-12 04:00:00,89.65825596730527,90.13404531847848,87.49024241419995,88.14594268798828,426805000,0.0,0.0,88.06197586059571,82.37864242553711,88.36470413314386,81.54096827226778,36.428810265375574,1.3638445609022085,2.245788322044869,89.5080680847168,94.53625130733238,84.47988486210122
2024-04-15 04:00:00,89.05752248069292,90.57183360831459,85.88996343395554,85.96192932128906,443077000,0.0,0.0,87.62597427368163,82.83797271728515,87.92783598553389,81.71433929379802,31.21429622827985,1.0662437634525617,2.0098794103264077,89.41630973815919,94.6391696041975,84.19344987212087
2024-04-16 04:00:00,86.39373376393459,88.07796585968008,86.02490572525448,87.37528991699219,370453000,0.0,0.0,87.42236709594727,83.26294158935546,87.82737306398084,81.9363373574527,38.77893814600801,0.9336765336155963,1.7946388349842455,89.36433372497558,94.64947655597098,84.07919089398018
2024-04-17 04:00:00,88.29986306960333,88.73467063272588,83.91185807695048,83.996826171875,495400000,0.0,0.0,86.92968978881837,83.55693298339844,87.13090999268887,82.01714084037123,37.05158362636188,0.5496660515560166,1.5456442782985997,89.09630546569824,94.90109108148303,83.29151984991344
2024-04-18 04:00:00,84.93139797129201,86.15084492565727,82.36456386223763,84.63253021240234,447260000,0.0,0.0,86.8063461303711,83.88580734252929,86.67665912354586,82.11970512947049,38.4116808163776,0.29325057110632713,1.2951655368601453,88.81138458251954,94.91282782252097,82.7099413425181
2024-04-19 04:00:00,83.11222985815499,84.28569253115833,75.57165807203599,76.1653823852539,875198000,0.0,0.0,85.62608184814454,84.00783767700196,84.76551789840187,81.88620227675611,28.53639594299689,-0.5864286270938095,0.9188467040693544,88.04998092651367,96.23842871242184,79.8615331406055
2024-04-22 04:00:00,78.06852097112996,80.0366284086813,76.36530018483673,79.48188018798828,596341000,0.0,0.0,84.8649284362793,84.20535339355469,83.80485649650848,81.79191513602012,35.96895888589732,-1.004389101510057,0.5341995429534722,87.31176719665527,95.80462866952021,78.81890572379032
2024-04-23 04:00:00,80.73230354195947,82.7313949346547,80.22753571063816,82.38555145263672,438559000,0.0,0.0,84.57196273803712,84.41112731933593,83.54680103398634,81.81519499157372,41.35176315221676,-1.0887730862629468,0.20960501711018836,86.68310241699218,94.63687264803671,78.72933218594765
2024-04-24 04:00:00,83.91185402351564,84.04379783139292,79.14702163200681,79.64080047607422,512208000,0.0,0.0,83.8360969543457,84.55970748901368,82.83661911436594,81.72992461841687,41.696901412578455,-1.361432718188155,-0.1046025299494803,86.03919525146485,94.08827277426764,77.99011772866206
2024-04-25 04:00:00,78.83216944223621,83.28514753299602,78.18746579696108,82.59446716308594,424641000,0.0,0.0,83.03805999755859,84.76975952148437,82.79259148686049,81.76382824761959,42.99197690641754,-1.3239198995851638,-0.348466003876617,85.6584686279297,93.596666227638,77.72027102822139
2024-04-26 04:00:00,83.77993152652552,88.29088225677599,83.34912752628662,87.69515228271484,551011000,0.0,0.0,82.99298095703125,85.0464030456543,83.68396617701582,81.99642919017235,50.70685112615273,-0.8725498481214231,-0.45328277272557826,85.52747840881348,93.22495839421558,77.82999842341138
2024-04-29 04:00:00,87.55521122388173,87.95202643323648,85.22726679197825,87.7171401977539,388971000,0.0,0.0,83.16850204467774,85.34831420898438,84.41727054442273,82.2207707983128,52.94293275860522,-0.5072147336880732,-0.4640691649180773,85.3972381591797,92.83698416042327,77.95749215793612
2024-04-30 04:00:00,87.20037932563423,88.77866462934834,86.26081139602988,86.36276245117188,363709000,0.0,0.0,83.0672492980957,85.62403717041016,84.77099634564985,82.38320184352295,49.21354015588403,-0.32324482343273075,-0.43590429662100805,85.24480819702148,92.4597925929634,78.02982380107957
2024-05-01 04:00:00,85.0383433055248,85.96092040406639,81.21807385271738,83.00326538085938,559863000,0.0,0.0,82.96789321899413,85.8957583618164,84.44959071568793,82.40751806067341,40.59729237311019,-0.44341922045494186,-0.43740728138779483,84.94879150390625,92.01247910791616,77.88510389989634
2024-05-02 04:00:00,84.41063276835533,86.19782250273573,83.16219963332766,85.77801513671875,377898000,0.0,0.0,83.08244171142579,86.26255493164062,84.69112242860263,82.53969441659676,47.08444877144774,-0.3111721809541592,-0.41216026130106775,84.94439392089843,92.00578645888699,77.88300138290988
2024-05-03 04:00:00,87.74911915331617,89.24043810826264,87.00045887297132,88.74866485595703,398341000,0.0,0.0,84.3407699584961,86.4675553894043,85.42885741539433,82.78318345343442,53.366012053995085,0.03296120002931957,-0.3231359690349903,84.98342590332031,92.12338267763697,77.84346912900365
2024-05-06 04:00:00,89.34938632493116,92.17810238522513,89.01453944248995,92.09813690185547,376203000,0.0,0.0,85.6023956298828,86.7339680480957,86.64145368566,83.14847574552937,55.44969181390761,0.569400095344136,-0.14462875615916504,85.23366203308106,93.00763842030845,77.45968564585367
2024-05-07 04:00:00,91.05660706952696,91.73929539036573,88.97055735995299,90.51285552978516,437342000,0.0,0.0,86.41512603759766,86.96317779541016,87.34534493004638,83.43727495275509,57.84342950952037,0.8567368970883678,0.05564437449034152,85.49354438781738,93.6185846244459,77.36850415118886
2024-05-08 04:00:00,89.44234711947476,91.15256830092393,89.37937220367726,90.37092590332031,325721000,0.0,0.0,87.48813858032227,87.19736526489258,87.89545056155073,83.70918283316941,56.99047932745043,1.0607729180293717,0.2566700831981476,85.66211776733398,94.05422005127448,77.27001548339348
2024-05-09 04:00:00,90.4878761275282,91.03062873527097,88.1909234816851,88.7066879272461,378013000,0.0,0.0,88.09936065673828,87.41901748657227,88.04294826440443,83.90516342509399,68.31304410600842,1.0757818945438515,0.4204924454672884,85.56871032714844,93.76999596936733,77.36742468492955
2024-05-10 04:00:00,90.26398145980926,91.35948429960405,89.18646818667818,89.83717346191406,335325000,0.0,0.0,88.31356277465821,87.63431396484376,88.369171027588,84.13779126967518,66.15216070369868,1.1654626237005772,0.5694864811139462,85.65327186584473,94.00003041972371,77.30651331196574
2024-05-13 04:00:00,90.43689954348851,90.95666761749975,88.4887873274781,90.35794067382812,289680000,0.0,0.0,88.57764282226563,87.79671752929687,88.73076550872256,84.38171869728902,63.433951989065214,1.2639863614694917,0.7083864571850553,85.87307243347168,94.48147946958287,77.26466539736049
2024-05-14 04:00:00,89.55830082348145,91.60937070385219,88.89360196869727,91.31450653076172,296507000,0.0,0.0,89.07281723022462,87.91912185668946,89.20053660363877,84.65359272997422,70.9323590683961,1.403080168975805,0.8473251995432053,86.07003326416016,94.99750555170101,77.14256097661931
2024-05-15 04:00:00,92.42998889004295,94.81890247189259,91.5573844071605,94.58700561523438,417735000,0.0,0.0,90.2311912536621,88.09236297607421,90.17989460574705,85.04313833331776,71.26096398683347,1.7571213392138816,1.0292844274773407,86.59954223632812,96.23726310921177,76.96182136344447
2024-05-16 04:00:00,94.86689143447046,95.7754751109485,94.06025117593339,94.3161392211914,323952000,0.0,0.0,91.08500366210937,88.20549163818359,90.93193908128238,85.40678542695986,64.16352819596852,1.9928722720498229,1.2220019963918372,87.08372268676757,97.2631138459465,76.90433152758864
2024-05-17 04:00:00,94.32613733717375,94.69696338532674,91.7642980099601,92.4369888305664,359691000,0.0,0.0,91.4538360595703,88.20169342041015,91.20558449024311,85.68247967808169,59.353447337418395,2.004962888870864,1.3785941748876425,87.89730300903321,96.939939622859,78.85466639520742
2024-05-20 04:00:00,93.70742273768889,95.1567611589933,93.3975659668004,94.73695373535156,318764000,0.0,0.0,91.71771774291992,88.34666763305664,91.84765162571738,86.03755709209227,65.99586237771629,2.1750599982847802,1.53788733956707,88.66005668640136,97.27741594450578,80.04269742829695
2024-05-21 04:00:00,93.55647591838027,95.35666020460762,93.13766755607001,95.34266662597656,328946000,0.0,0.0,92.20069885253906,88.53882019042969,92.48310889849176,86.40246334832302,76.3411022497632,2.3318589328522705,1.6966816582241102,89.30791244506835,97.88724134491264,80.72858354522407
2024-05-22 04:00:00,95.41562412253693,95.97636622099202,93.20662923714998,94.90685272216797,548648000,0.0,0.0,92.65429153442383,88.59953216552735,92.9237895937056,86.735968813964,71.64935191353685,2.393367428487636,1.8360188122768155,90.07121505737305,97.69204056331436,82.45038955143174
2024-05-23 04:00:00,101.9816621796603,106.27171271407624,101.47388966284153,103.75186157226562,835065000,0.0,0.0,94.15880889892578,88.85763534545899,94.89252995344378,87.40325872605428,77.82723586612015,3.11986775438082,2.0927886006976166,91.12908477783203,100.12899383811487,82.1291757175492
2024-05-24 04:00:00,104.40154485251333,106.42662538840617,102.95320565484818,106.4206314086914,429494000,0.0,0.0,95.81715469360351,89.22796691894531,96.98854839985243,88.14903804694201,77.25285452063274,3.866402438207089,2.4475113681995113,92.06535873413085,103.20324620510434,80.92747126315737
2024-05-28 04:00:00,110.19391464603646,114.88678119811563,109.83307860304417,113.84925079345703,652728000,0.0,0.0,98.16628570556641,89.74901000976563,100.05413065323508,89.1568895271975,86.32644859342474,4.9998291364202885,2.957974921843667,93.37196426391601,107.95916947839514,78.78475904943689
2024-05-29 04:00:00,112.99864721739439,115.4395315931238,110.85062138095752,114.77283477783203,557442000,0.0,0.0,100.51211853027344,90.27617050170899,102.73025867588906,90.16143639977142,87.08266155165741,5.904539612276281,3.54728785993019,94.79246788024902,111.83265492564959,77.75228083484845
2024-05-30 04:00:00,114.59792263255132,115.76639034201462,109.61318842752371,110.4498062133789,484553000,0.0,0.0,102.0983985900879,90.69801879882813,104.13381277361448,90.95705874540309,80.57171912645917,6.201213180956074,4.078072924135367,96.164794921875,113.62301088546289,78.70657895828711
2024-05-31 04:00:00,112.46888043622216,112.66579716472957,106.89142114521177,109.58319854736328,613263000,0.0,0.0,103.62510452270507,91.08306381225586,105.12461018702335,91.68749560038192,77.97128377027448,6.2938495456702555,4.521228248442345,97.35505409240723,115.07559359167355,79.6345145931409
2024-06-03 04:00:00,113.56938260132851,114.94775390625,111.95211383768398,114.94775390625,438392000,0.0,0.0,105.87618103027344,91.55414978027343,106.91063631779183,92.59966259276891,80.6294912615218,6.722644850976664,4.961511568949209,98.66500854492188,117.54243454244303,79.78758254740072
2024-06-04 04:00:00,115.66343635588582,116.54702983384996,113.99319020529364,116.38410186767578,403324000,0.0,0.0,108.04089584350587,91.99690872192383,108.6330845995889,93.5323857015888,80.85828255588524,7.0965647155785945,5.388522198275087,99.87930679321289,120.05771536159357,79.70089822483222
2024-06-05 04:00:00,118.31722487581986,122.39336749547275,117.41463524122511,122.3843765258789,528402000,0.0,0.0,110.7450668334961,92.54541931152343,111.13331949527799,94.6638363221492,82.06281199679887,7.787303730772038,5.868278504774477,101.47288284301757,123.48726513013611,79.45850055589904
2024-06-06 04:00:00,123.99164893221229,125.5299513206976,118.26625399255828,120.94303894042969,664696000,0.0,0.0,113.34868545532227,93.11390121459961,112.91690484894193,95.69439328757196,79.905246895332,8.124758322972994,6.3195744684141815,103.00148849487304,125.99397104820548,80.00900594154061
2024-06-07 04:00:00,119.71558814229236,121.63671972354634,117.96838874257641,120.83308410644531,412386000,0.0,0.0,115.05680770874024,93.72638290405274,114.35621016848799,96.6802243000768,83.21213333706925,8.28778465975877,6.7132165066831,104.60780830383301,127.88249262437157,81.33312398329446
2024-06-10 04:00:00,120.31531947295237,123.04407498199869,116.95684528802722,121.73467254638672,313434100,0.0,10.0,116.58821182250976,94.35477722167968,115.69774878265139,97.66275168228503,82.64441691259293,8.392985743221487,7.049170353990778,106.20268325805664,129.58694346739537,82.8184230487179
2024-06-11 04:00:00,121.7246861006453,122.82428289255223,118.69581478206955,120.8650131225586,222551200,0.01,0.0,117.28978805541992,94.96563858032226,116.63725138990723,98.57264428778596,80.66472933484717,8.310387142401453,7.301413711672914,107.72803688049316,130.737445470213,84.71862829077332
2024-06-12 04:00:00,123.01420123899119,126.83277933516129,122.52438572610106,125.15340423583984,299595000,0.0,0.0,118.32784500122071,95.68047943115235,118.18564281644043,99.6150270308469,83.26156052826843,8.493061750312464,7.539743319400824,109.41998176574707,132.32386374590004,86.51609978559408
2024-06-13 04:00:00,129.34184822861945,129.75169931207168,127.11268237111577,129.561767578125,260704500,0.0,0.0,120.23904113769531,96.49324279785156,120.25402913674671,100.7894090130931,81.45165159112284,8.891060165578168,7.810006688636293,111.1687198638916,134.63786983560723,87.69956989217596
2024-06-14 04:00:00,129.91163383878208,132.79055149165183,128.27224487912378,131.83091735839844,309320400,0.0,0.0,122.46381301879883,97.41254180908203,122.35891790431974,102.00672306585018,81.26922419003738,9.282574460117814,8.104520242932598,113.04445877075196,136.83677842459153,89.25213911691239
2024-06-17 04:00:00,132.94052101290185,133.68023590303568,129.53178618492996,130.93125915527344,288504400,0.0,0.0,124.06216354370117,98.27180648803711,123.91752540449313,103.14101859876874,75.04509625867165,9.411764498495103,8.365969094045099,114.9691722869873,137.95673470071225,91.98160987326236
2024-06-18 04:00:00,131.09119107562512,136.2792618770274,130.64136160940566,135.529541015625,294335100,0.0,0.0,125.9767074584961,99.24052902221679,126.02880097015347,104.4111567327631,77.47253224405452,9.772539696927069,8.647283214621494,117.00880165100098,139.67441417690617,94.34318912509579
2024-06-20 04:00:00,139.74797032274762,140.70760447472028,129.4717976978072,130.7313232421875,517768400,0.0,0.0,126.81140213012695,100.14885131835938,126.8838050196142,105.44332012528956,76.51013190150339,9.561066543436553,8.830039880384506,118.77823448181152,139.7869334275827,97.76953553604034
2024-06-21 04:00:00,127.07268651484108,130.5813821684496,124.25373647196925,126.52288818359375,649445800,0.0,0.0,127.36938705444337,100.93931991577148,126.81818377670139,106.2699698530662,70.36303543191039,8.950708808324691,8.854173665972544,120.35903625488281,138.34525266197286,102.37281984779275
2024-06-24 04:00:00,123.19411994547033,124.41366700261213,117.99605877326907,118.06603240966797,476060900,0.0,0.0,127.09268188476562,101.4891438293457,125.22688352814986,106.73256054156039,53.48905978350225,7.695884950606796,8.622515922899396,121.07474479675292,137.33485905419963,104.81463053930622
2024-06-25 04:00:00,121.15488851140898,126.45291899832442,119.27559095881188,126.0430679321289,414192600,0.0,0.0,127.52352142333984,102.24708633422851,125.37528069250968,107.48983534119053,59.42757502771634,7.261403167000125,8.350293371719543,122.05586662292481,136.89924504558104,107.2124882002686
2024-06-26 04:00:00,126.08304728232325,128.07230439968654,122.55436249132623,126.35295104980469,362975900,0.0,0.0,128.07231521606445,103.05490676879883,125.55303893929057,108.22956536897932,54.35754542814974,6.86296619872401,8.052827937120437,122.6810516357422,137.11673264485853,108.24537062662584
2024-06-27 04:00:00,124.0538073233716,126.3629527063705,122.8742462250665,123.94384765625,252571700,0.0,0.0,127.95135955810547,103.78627792358398,125.26045870601045,108.84581173318603,53.226358423531785,6.280410853737237,7.698344520443797,123.13960227966308,137.0921277669035,109.18707679242266
2024-06-28 04:00:00,124.53363237537093,127.6624646242392,122.7043116824408,123.4940185546875,315516700,0.0,0.0,127.34458465576172,104.57622177124023,124.93928776940628,109.42025121638217,52.84018100337524,5.716537411771256,7.3019830987092895,123.79181289672852,136.40161450128085,111.1820112921762
2024-07-01 04:00:00,123.42405307864779,124.79353836567705,118.78578041896601,124.25374603271484,284885500,0.0,0.0,126.58686752319336,105.36864608764648,124.81464381728055,110.00195689545404,52.69693119321358,5.270215540537734,6.895629587074978,124.5253402709961,135.21573065056938,113.83494989142281
2024-07-02 04:00:00,121.0849161012404,123.36407395616142,120.98495484371743,122.62434387207031,218374000,0.0,0.0,125.75617599487305,106.29782531738282,124.41640746360596,110.49695246316449,51.85339680240245,4.730492927291536,6.4626022551182905,124.9091697692871,134.66177531351116,115.15656422506305
2024-07-03 04:00:00,121.61472281837746,128.2322540283203,121.31483142526585,128.2322540283203,215749000,0.0,0.0,125.02644729614258,107.27283279418945,125.11019774809948,111.19245448532747,53.15573273735188,4.701079235049733,6.110297651104579,125.50157737731934,134.48267350741162,116.52048124722705
2024-07-05 04:00:00,127.33259117942191,128.80205294716893,125.63322690650442,125.78317260742188,214176700,0.0,0.0,124.53163223266601,108.14078521728516,125.23255681343082,111.76463950972334,45.96498557631517,4.429092448463265,5.7740566105763165,125.67151718139648,134.53207651446587,116.81095784832709
2024-07-08 04:00:00,127.44253270774867,130.72131795385047,126.99270329559334,128.1522674560547,237677300,0.0,0.0,124.6945701599121,109.11101455688477,125.76341329390787,112.40729158605006,46.080080283202506,4.354511022983459,5.490147493057745,126.03197860717773,134.66626945010105,117.39768776425441
2024-07-09 04:00:00,130.30150022676182,133.77021018974597,128.60212062869667,131.33111572265625,285366600,0.0,0.0,126.02107849121094,110.08574752807617,126.77572282640757,113.14940233650522,50.406344210839386,4.50003756248762,5.29212550694372,126.55688018798828,135.13664909616375,117.9771112798128
2024-07-10 04:00:00,133.98012482225403,135.0497339856147,132.37072330988062,134.85980224609375,248978600,0.0,0.0,126.90275192260742,111.02904052734375,128.2455554481687,114.00079056825379,49.30427030807263,4.844262265535903,5.202552858662157,127.21313667297363,136.23626999083586,118.1900033551114
2024-07-11 04:00:00,135.6994755480004,136.09932057175976,127.00271662980028,127.35258483886719,374782700,0.0,0.0,127.00271530151367,111.82174942016601,128.0831971555684,114.52439034357197,46.67715910601776,4.459882370589426,5.054018761047612,127.53751525878906,136.05185961939944,119.02317089817868
2024-07-12 04:00:00,128.21226350748265,131.87090512655513,127.17265724708656,129.19190979003906,252680500,0.0,0.0,127.52752151489258,112.67833236694337,128.2847812709267,115.09958718460989,52.75315811161468,4.254631937655461,4.894141396369182,127.73944053649902,136.20714194612472,119.2717391268733
2024-07-15 04:00:00,130.51140270339172,131.34109560506872,127.13266349593106,128.39219665527344,208326200,0.0,0.0,128.01733932495117,113.58611099243164,128.3043113408079,115.62086598738101,62.65000649570956,3.9815425798751107,4.711621633070368,127.68096199035645,136.1117472309153,119.25017674979759
2024-07-16 04:00:00,128.3922007361648,128.9919682814133,124.53363670793642,126.31297302246094,214769500,0.0,0.0,128.22326202392577,114.39681015014648,127.94224982838118,116.04016430248218,50.38649474167442,3.556345983214584,4.480566503099211,127.40506477355957,135.62247943542363,119.18765011169553
2024-07-17 04:00:00,121.30482527113544,121.8046391433911,116.67655155960773,117.94607543945312,390086200,0.0,0.0,127.75543518066407,114.98075836181641,126.1247635758488,116.11490591569674,40.21866260845606,2.5152417657253494,4.0875015556244385,126.75580558776855,135.8095134678207,117.70209770771639
2024-07-18 04:00:00,121.80464110852073,122.35443942749386,116.51660933955519,121.044921875,320979500,0.0,0.0,127.03670196533203,115.5596940612793,125.20115599387628,116.3082398748851,46.68040164232614,1.9180995244799561,3.6536211493955424,126.03157463073731,134.42331587320527,117.63983338826935
2024-07-19 04:00:00,120.30520587770535,121.55474064508192,117.3263192631504,117.8861083984375,217223800,0.0,0.0,126.24699554443359,116.10715911865235,123.87114734016014,116.37011707188717,43.953447203058026,1.1764092344966173,3.1581787664157575,125.38931388854981,134.22122112781472,116.5574066492849
2024-07-22 04:00:00,120.3052034521371,124.02382006512462,119.81538796863644,123.4940185546875,258068900,0.0,0.0,125.78117065429687,116.76962097167969,123.8025784700742,116.64948575748718,49.25838238152655,1.0292611367518845,2.732395240482983,125.2378704071045,134.0917810174136,116.3839597967954
2024-07-23 04:00:00,122.73430428762777,124.64359711208203,122.05455705517221,122.54437255859375,173911000,0.0,0.0,124.90249633789062,117.44637466430665,123.57381375889592,116.88065778890314,49.920885048889446,0.826489457784831,2.351214083943353,125.46178741455078,133.76115487398462,117.16241995511695
2024-07-24 04:00:00,119.12564059736765,119.90534904476712,113.39777769436101,114.20747375488281,327776900,0.0,0.0,122.83726348876954,117.93378067016602,121.87084284907534,116.77582704247097,36.83618648019716,-0.006847681961573926,1.8796017307623676,124.87000770568848,134.56531585486442,115.17469955651255
2024-07-25 04:00:00,112.99792419777776,116.5865842364698,106.26043515376628,112.23820495605469,460067000,0.0,0.0,121.32582550048828,118.37138595581055,120.1194541412534,116.59788107829777,37.170991114473026,-0.8167617818749591,1.3403290282349023,124.16427040100098,135.34599672840687,112.98254407359508
2024-07-26 04:00:00,116.14676147619508,116.15675226350169,111.53847651152583,113.0179214477539,293399100,0.0,0.0,119.70842666625977,118.80545425415039,118.82826637879894,116.45749050455096,35.22065725041159,-1.3798024331031797,0.796302735967286,123.61797409057617,135.86216483356017,111.37378334759217
2024-07-29 04:00:00,113.64768638350331,116.23671871019991,111.2585765650607,111.5484619140625,248152100,0.0,0.0,118.02405319213867,119.14468338012695,117.50466556702868,116.26497957943377,30.01413912143211,-1.9224287473445116,0.25255643930492644,123.02069625854492,136.4028833667606,109.63850915032926
2024-07-30 04:00:00,111.4784927394089,111.94831904183755,102.5018390571419,103.69139862060547,486833300,0.0,0.0,115.76189575195312,119.33218856811523,114.99316248586082,115.77189797320521,21.043846337585833,-2.9524295839364783,-0.38844076534335453,121.99257888793946,137.89759137108152,106.0875664047974
2024-07-31 04:00:00,112.85797146215744,118.29594108970943,110.83871919064549,116.97643280029297,473174200,0.0,0.0,115.66493148803711,119.82297744750977,115.35375708848484,115.81913463309101,41.29485553865051,-2.6659895688247985,-0.8439505260396434,121.71018333435059,137.767792807914,105.65257386078719
2024-08-01 04:00:00,117.4862607613273,120.11528690507727,106.77024891874801,109.16935729980469,523462300,0.0,0.0,114.47737503051758,120.11162551879883,114.22932076327027,115.55835905139351,34.730893515216195,-3.033975755669971,-1.281955571965709,120.75703849792481,137.4356577417572,104.07841925409241
2024-08-02 04:00:00,103.72138389300983,108.67953692460011,101.3322740328123,107.23007202148438,482027500,0.0,0.0,113.41177139282226,120.34937362670898,112.95673008294555,115.23175956002453,34.13756053864179,-3.4424096193529152,-1.7140463814431504,119.82938346862792,137.37237448368933,102.28639245356653
2024-08-05 04:00:00,92.02573599453234,103.37151801623692,90.65625074239716,100.41261291503906,552842400,0.0,0.0,111.10363082885742,120.4594888305664,110.67598150696254,114.65061655433882,31.873504548053404,-4.267020813130316,-2.2246412677805836,118.44240074157715,137.53282101482466,99.35198046832963
2024-08-06 04:00:00,103.80133824619716,107.66990024811136,100.51256977580599,104.21118927001953,409012100,0.0,0.0,109.2703125,120.46867538452149,109.50056473660926,114.2412272490714,39.73093442924246,-4.561436360414689,-2.6920002863074046,117.0864044189453,136.17480585756306,97.99800298032754
2024-08-07 04:00:00,107.76987337493198,108.75951041282163,98.65327249174283,98.8731918334961,411440400,0.0,0.0,107.73688430786133,120.31772659301758,107.5683151178614,113.63855919355865,33.9600772143575,-5.165944788574805,-3.186789186760885,115.28707389831543,134.1037474448773,96.47040035175354
2024-08-08 04:00:00,101.9620353134048,105.46073260357065,97.48369942630838,104.9309310913086,391910000,0.0,0.0,107.00615692138672,120.13936019897461,107.08879074939725,113.2970835817057,41.00498945587438,-5.097452877950815,-3.5689219249988713,114.1659912109375,132.62422758500048,95.70775483687454
2024-08-09 04:00:00,105.60068194063821,106.5603237294343,103.39150538103131,104.71101379394531,290844200,0.0,0.0,106.17546615600585,119.93812377929687,106.6564676665878,112.96037496257784,35.90396544478277,-5.003243753713704,-3.855786290741838,112.94194641113282,130.42582459747274,95.4580682247929
2024-08-12 04:00:00,106.28042397102533,111.02865586823579,106.22044874545279,108.97941589355469,325559900,0.0,0.0,105.91856155395507,119.9087159729004,107.07882188967268,112.80425892065537,40.302972854873076,-4.531916850667756,-3.9910124027270215,111.97130737304687,127.93282092557763,96.00979382051611
2024-08-13 04:00:00,112.3981514576694,116.18674170739067,111.53847094577725,116.09677124023438,312646700,0.0,0.0,107.15909881591797,120.03898742675781,108.71844904432025,112.93337705083495,51.37454736641578,-3.543231621473069,-3.901456246476231,111.46049728393555,126.08761438877194,96.83338017909917
2024-08-14 04:00:00,118.4858936518909,118.55586729976085,114.02755413739949,118.03606414794922,339246400,0.0,0.0,107.26506195068359,120.1007536315918,110.4125608813437,113.13348242719238,54.22003931847823,-2.573540550446154,-3.635873107270216,111.46499671936036,126.10056684269698,96.82942659602374
2024-08-15 04:00:00,118.71579763487502,123.1941258314807,117.42627687972316,122.81427001953125,318086700,0.0,0.0,108.62955322265626,120.2293569946289,112.66741708828688,113.51312115630371,56.738177659338554,-1.4033155614476271,-3.189361598105698,111.55346412658692,126.45188576519456,96.65504248797927
2024-08-16 04:00:00,121.89462111591769,124.95347986245288,121.13490182291852,124.53363800048828,302589900,0.0,0.0,110.35990982055664,120.27234222412109,114.82491179959622,113.94529828744821,58.90093407895088,-0.3333228614841346,-2.6181538507813857,111.88584060668946,127.6505389619964,96.12114225138251
2024-08-19 04:00:00,124.23374212691918,129.9516143798828,123.37406160628171,129.9516143798828,318333600,0.0,0.0,113.31380996704101,120.45251373291016,117.57522135964832,114.57299695773976,68.62329306630333,0.9409923025014564,-1.9063246201248174,112.20872039794922,129.19189784642433,95.22554294947412
2024-08-20 04:00:00,128.35221027833737,129.8316704836438,125.84314985736411,127.20264434814453,300087400,0.0,0.0,115.61295547485352,120.57990493774415,119.32566190301127,115.06827724755956,58.526444273566824,1.709372758334382,-1.1831851444329775,112.44163398742675,130.13457981459936,94.74868816025415
2024-08-21 04:00:00,127.27261778490315,129.30186873034427,126.61286736853016,128.45217895507812,257883600,0.0,0.0,118.57085418701172,120.71425506591797,120.9850286397507,115.5931361380505,68.05166896505226,2.3915781808838403,-0.468232479369614,113.15386924743652,132.23825446550555,94.0694840293675
2024-08-22 04:00:00,129.9716080659365,130.70133207356452,123.05417804069894,123.69393920898438,376189100,0.0,0.0,120.4471549987793,120.77083358764648,121.47755783415681,115.91081468985183,64.64000525369428,2.5192404760033327,0.1292621117049753,113.72665596008301,133.37465463843495,94.07865728173105
2024-08-23 04:00:00,125.81315043381734,129.5517637458536,125.1733892777955,129.32183837890625,323230300,0.0,0.0,122.90823745727539,120.85420227050781,122.90379066047488,116.43673718746182,76.26226515892276,3.0395007210508,0.7113098335741402,114.54185180664062,135.38272673528422,93.70097687799704
2024-08-26 04:00:00,129.5217841101186,131.2111423152786,124.32371486411647,126.41293334960938,331964700,0.0,0.0,124.65158920288086,120.7912255859375,123.54181660395388,116.82796056636957,70.50029989335717,3.1804244352489093,1.2051327539090941,115.28507537841797,136.72797085457634,93.8421799022596
2024-08-27 04:00:00,125.00346773520825,129.15191727923408,123.83389733541988,128.25225830078125,303134600,0.0,0.0,125.86713790893555,120.71965240478515,124.39826054883157,117.27597224222886,79.00139254053167,3.4013173762640037,1.644369678380076,116.51311836242675,137.97354505741868,95.05269166743483
2024-08-28 04:00:00,128.0723157316594,128.28224429229948,122.59435936439931,125.5632553100586,448101100,0.0,0.0,126.61985702514649,120.61229232788087,124.61007777814557,117.60096373508493,71.81818885925998,3.3211128336254205,1.979718309429145,116.94245948791504,138.78214202674272,95.10277694908737
2024-08-29 04:00:00,121.31483536128766,124.38369252727087,116.66656437657561,117.54623413085938,453023300,0.0,0.0,126.09305343627929,120.25262619018555,123.32574256954807,117.5988174760957,61.65154071402253,2.5808926240023737,2.099953172343791,117.36130332946777,138.89243406739527,95.83017259154026
2024-08-30 04:00:00,119.48551326917712,121.70468827145996,117.17637542296369,119.32557678222656,333751600,0.0,0.0,125.57224731445312,120.02451126098633,122.59843969912598,117.66653352731653,59.83654169496778,2.1134779974950533,2.1026581373740436,117.96607856750488,138.97210285210977,96.96005428289999
2024-09-03 04:00:00,115.96682140906611,116.1667439153335,107.25006590844444,107.95980072021484,477155100,0.0,0.0,123.37306594848633,119.65324951171876,119.93686897568759,117.28587733880275,42.84207091479269,0.8165131427491303,1.845429138449061,118.34343795776367,138.2648913761119,98.42198453941543
2024-09-04 04:00:00,105.37077350121302,113.2278412494732,104.08125268189775,106.17047119140625,372470300,0.0,0.0,121.2698486328125,119.41533828735352,117.4338875603637,116.84997905851269,39.53446463392526,-0.35167094395390563,1.4060091219684678,118.441402053833,138.0876106478191,98.7951934598469
2024-09-05 04:00:00,104.95092984837997,109.60919946821397,104.72101970496136,107.17010498046875,306850700,0.0,0.0,119.14164123535156,119.03787902832032,115.56774527311006,116.47037615349136,35.21633981066067,-1.1831643740786149,0.8881744227590513,118.85624771118164,137.06011965710957,100.6523757652537
2024-09-06 04:00:00,107.99978491199205,108.10974457653745,100.91242007486422,102.7917251586914,413638100,0.0,0.0,117.05141983032226,118.56665451049804,113.24483252503394,115.93395846742078,30.43713095091647,-2.1704084504254553,0.2764578481221501,118.74928741455078,137.31912805914902,100.17944676995253
2024-09-09 04:00:00,104.8409619618805,106.5103462006769,103.65141005409866,106.43037414550781,273912000,0.0,0.0,114.76227340698242,118.2163850402832,112.00584009239282,115.56126888616929,28.136050847871118,-2.628893679949158,-0.3046124574921115,118.8352554321289,137.14556228126207,100.52494858299573
2024-09-10 04:00:00,107.7698680771714,109.3592802066297,104.910932028029,108.05976104736328,268283700,0.0,0.0,112.92695617675781,117.90769989013671,111.2883711751147,115.2670921081769,31.82767354740659,-2.828167270112317,-0.8093234200161527,118.78927268981934,137.20809183188675,100.37045354775192
2024-09-11 04:00:00,109.34928767526075,117.14638779715078,107.38001963060195,116.86649322509766,441422400,0.0,0.0,111.78837966918945,117.75995483398438,112.30257518420251,115.32981372060516,40.38175080170075,-2.2495321340378496,-1.0973651628204921,118.8277587890625,137.22609487808018,100.42942270004482
2024-09-12 04:00:00,116.80650641923144,120.75537880467239,115.34692581517743,119.10585021972656,366052700,0.01,0.0,111.14263916015625,117.6895849609375,113.53953428157051,115.4778935833158,46.02478847170809,-1.5919116588063815,-1.1962744620176702,118.88124809265136,137.27611290146038,100.48638328384234
2024-09-13 04:00:00,119.04585839470772,119.92560332926655,117.56627939450601,119.06584930419922,238358300,0.0,0.0,111.29460067749024,117.50625686645508,114.54431883113936,115.6185977292328,40.16133595976218,-1.0617314545638976,-1.1693658605269157,118.69382705688477,136.99611553660193,100.39153857716761
2024-09-16 04:00:00,116.75651263492436,118.14611345715065,114.32720910628294,116.74651336669922,248772300,0.0,0.0,111.0366943359375,117.32552368164062,114.94471783760478,115.6628297150158,40.62082164757983,-0.819266851330454,-1.0993460586876234,118.30447082519531,136.41397429319497,100.19496735719567
2024-09-17 04:00:00,118.13612413784692,118.76594842655497,114.7970852268969,115.5568618774414,231925900,0.0,0.0,111.79640045166016,117.07361557006836,115.0560167539387,115.6586741135423,37.524570211539604,-0.7148663054748994,-1.0224501080450785,117.58473320007325,134.87065693672295,100.29880946342352
2024-09-18 04:00:00,115.85676793047314,117.66624647223807,113.18753538354541,113.33749389648438,310318900,0.0,0.0,112.51310272216797,116.71374313354492,114.74355805258337,115.56764743836357,37.87414698565909,-0.8019679810721101,-0.978353682650485,116.89147567749023,133.65759260097252,100.12535875400793
2024-09-19 04:00:00,117.31634936313678,119.62569217684339,117.21637956272508,117.8362045288086,293506400,0.0,0.0,113.57971267700195,116.37327117919922,115.30585741189704,115.65661046151827,50.30917872038226,-0.5021992949178866,-0.8831228051039653,116.36067695617676,132.23415978274568,100.48719412960784
2024-09-20 04:00:00,117.02643713264742,118.58599507614844,115.35691774254244,115.96674346923828,382462400,0.0,0.0,114.89721450805663,116.14555435180664,115.4260185132318,115.66877254025239,46.425538914663676,-0.4107455165585776,-0.7886473473948878,115.97431716918945,131.46787027049552,100.48076406788337
2024-09-23 04:00:00,116.51659472951452,116.9564634197924,114.82707671663402,116.22667694091797,206228500,0.0,0.0,115.87684478759766,115.88624969482422,115.57159277281109,115.69065114420006,61.520837869838594,-0.3136774016808772,-0.6936533582520857,115.31955909729004,129.48825395933605,101.15086423524403
2024-09-24 04:00:00,116.48659105394941,121.76508371624787,115.34691849533687,120.8353500366211,354966800,0.0,0.0,117.15440368652344,115.73511276245117,116.52863954804927,115.89240404194207,68.94820695609279,0.13359122475155516,-0.5282044416513576,115.04067993164062,128.49138617448875,101.58997368879248
2024-09-25 04:00:00,121.98501577990396,124.90418446690079,121.57513728542474,123.47459411621094,284692900,0.0,0.0,117.81521377563476,115.67834518432618,117.79154037862412,116.1897448291683,70.21039765948255,0.6930309444051801,-0.2839573644400501,114.8017967224121,127.4077344984624,102.19585894636181
2024-09-26 04:00:00,126.76365118817954,127.63339688941237,121.76508462125145,124.00444030761719,302582900,0.0,0.0,118.30507278442383,115.79951248168945,118.92115854753195,116.49620347538199,79.06779177271949,1.1657075611758358,0.005975620683127096,114.72385597229004,127.06615876925574,102.38155317532434
2024-09-27 04:00:00,123.93446689659378,123.99444725769884,119.22581786965418,121.36520385742188,271009200,0.0,0.0,118.53500823974609,115.8059181213379,119.36553042205738,116.68714466683454,71.04152845275374,1.3122164465369792,0.26722378585389756,114.91480445861816,127.55552011831915,102.27408879891718
2024-09-30 04:00:00,118.27608190267567,121.46516987339125,118.11613173565692,121.40518951416016,226553700,0.0,0.0,119.0008758544922,115.87629974365234,119.73637752971243,116.87216603339634,69.68379215354423,1.4152383157017567,0.4968266918234694,115.01878509521484,127.84511890354139,102.19245128688829
2024-10-01 04:00:00,121.73508253340503,122.40489622649267,115.7568014008595,116.9664535522461,302094500,0.0,0.0,119.14183502197265,115.74574844360352,119.23275498835491,116.87586358315515,50.1692433368348,1.125738184145959,0.6226089902879673,115.4691177368164,127.8775499065157,103.0606855671171
2024-10-02 04:00:00,116.40662795721522,119.34578009653441,115.10699751736388,118.81593322753906,221845900,0.0,0.0,119.68967895507812,115.67117965698242,119.15696921366111,116.95194474568001,49.502573006574416,1.033629756777799,0.7048131435859337,116.10139083862305,127.78218576623817,104.42059591100792
2024-10-03 04:00:00,120.88533415502995,124.3243504544059,120.30549859251518,122.81478118896484,277118000,0.0,0.0,120.18753662109376,115.84332580566407,119.82202593644361,117.18185990031863,55.6629519078955,1.2686821965685766,0.8175869541824623,116.88362464904785,128.13350002989972,105.63374926819598
2024-10-04 04:00:00,124.90418432860164,125.00415413490973,121.79507530101387,124.88418579101562,243678100,0.0,0.0,121.07928085327148,116.09624542236328,120.74241863727488,117.48391189603224,62.38588914324917,1.6034628832170483,0.9747621399893796,117.98824768066406,127.63661337704613,108.33988198428199
2024-10-07 04:00:00,124.95416700886946,130.60254885006705,124.91417756039569,127.68338775634766,346250200,0.0,0.0,122.22495193481446,116.38955474853516,122.00441302256083,117.8838913415348,67.59500951788871,2.070780525167933,1.1939658170250904,119.05089836120605,127.99527423550086,110.10652248691125
2024-10-08 04:00:00,130.2226473652744,133.44172537204778,129.38289186465897,132.85189819335938,285722500,0.0,0.0,123.42660675048828,116.8156234741211,123.9766830536151,118.47087200239068,76.08231014653782,2.8256167692481284,1.520296007469698,120.29050521850586,129.68186549955507,110.89914493745663
2024-10-09 04:00:00,134.0715571884807,134.48144332062452,131.34234403030248,132.61196899414062,246191600,0.0,0.0,124.34034423828125,117.3940348815918,125.54673504280156,119.02542482559656,72.28589162829587,3.3656722748519314,1.8893712609461448,121.07777900695801,131.80538666436854,110.3501713495475
2024-10-10 04:00:00,131.87219951867377,134.96131029321415,130.9624566548967,134.7713623046875,242311300,0.0,0.0,125.41703643798829,117.74993347167968,127.22393999950809,119.64291256987464,78.11659913079843,3.9226967410540823,2.2960363569677322,121.86105461120606,134.1556211962303,109.56648802618182
2024-10-11 04:00:00,133.97158567859756,135.74108264717918,133.62169514533127,134.76136779785156,170209500,0.0,0.0,126.75665283203125,118.26177368164062,128.59438141738872,120.2357931670502,77.92169491003352,4.313611541766235,2.699551393927433,122.64583053588868,136.1348528816066,109.15680819017075
2024-10-14 04:00:00,136.43089368651033,139.56000161928338,136.26094423310064,138.0304412841797,232347700,0.0,0.0,128.4191780090332,118.87778106689453,130.31002866589617,120.93362250497685,76.99311505167125,4.831506646170695,3.1259424443760855,123.7100269317627,138.531875766574,108.8881780969514
2024-10-15 04:00:00,137.8304782609884,138.53028982768672,128.70310551155586,131.56228637695312,377831000,0.0,0.0,129.8787612915039,119.50077453613281,130.53771188608835,121.3504328528975,61.33371480525901,4.6662268448151565,3.4339993244638998,124.51029815673829,139.20644452602474,109.81415178745183
2024-10-16 04:00:00,133.94159972519003,136.5808425435144,131.54229361922833,135.6811065673828,264879700,0.0,0.0,131.56527862548828,120.13017288208007,131.4728745554146,121.91242005738712,64.86762478443904,4.81212460145332,3.709624379861784,125.6274787902832,140.14340808164127,111.11154949892513
2024-10-17 04:00:00,139.30005999950754,140.84961880375567,136.83076670766295,136.8907470703125,306435900,0.0,0.0,132.97287521362304,120.8905239868164,132.45794228539603,122.49980543044302,70.51517282650249,4.968088472540828,3.961317198397593,126.5802059173584,141.44015876362283,111.72025307109396
2024-10-18 04:00:00,138.63024003343975,138.86016981880368,137.24063917112105,137.96043395996094,176090200,0.0,0.0,134.28050003051757,121.55111404418945,133.45839531713509,123.10610458846334,71.2962750320387,5.1189971436777455,4.192853187453624,127.67989044189453,142.48788492148924,112.87189596229982
2024-10-21 04:00:00,138.090405825162,143.66880798339844,137.96043821210023,143.66880798339844,264554500,0.0,0.0,135.87904205322266,122.33026992797852,135.31483398372842,123.91248511375491,83.26276103466333,5.634263151211059,4.4811351802051105,129.05199699401857,144.46477490719343,113.6392190808437
2024-10-22 04:00:00,142.86904559419827,144.37860733596548,141.73936457126644,143.54884338378906,226311600,0.0,0.0,136.94873657226563,123.0216584777832,136.81192660192124,124.68253837924645,82.19676684787532,5.964183637472445,4.7777448716585775,130.18767166137695,146.37883437947426,113.99650894327964
2024-10-23 04:00:00,141.9892821435429,142.3891613712536,137.42060018656866,139.51998901367188,285930000,0.0,0.0,137.63953857421876,123.49012283325196,137.3043015858759,125.26439918843961,71.72950197061417,5.833310352027183,4.988857967732299,130.98994140625,147.36954563927043,114.61033717322958
2024-10-24 04:00:00,140.77963709898057,141.30948393843238,138.42031305269128,140.3697509765625,172354900,0.0,0.0,138.19937744140626,123.93679656982422,137.86165602054618,125.85676592522874,70.80310494225995,5.73208511001971,5.137503396189781,131.80820693969727,148.3527353578852,115.26367852150935
2024-10-25 04:00:00,140.88959441527413,144.0886893234089,140.7596420534019,141.49942016601562,205122100,0.0,0.0,138.87318267822266,124.31049957275391,138.5230676833588,126.47020334643608,69.43192604838154,5.677570737690814,5.245516864489988,132.81491775512694,149.13262344305397,116.49721206719992
2024-10-28 04:00:00,142.95900585061392,143.0989651063051,140.0098545849982,140.47972106933594,173586700,0.0,0.0,139.11811065673828,124.62942123413086,138.87882284444552,127.0195961983145,62.14582168106566,5.488814868607506,5.294176465313492,133.76864433288574,149.49757268310387,118.03971598266762
2024-10-29 04:00:00,140.2497716969522,142.2192081120129,138.86017082456863,141.20950317382812,157593600,0.0,0.0,140.08283233642578,124.85457901000977,139.30258290433326,127.57606313853073,63.47961722488038,5.33659485565434,5.302660143381662,134.98079681396484,148.88886059372567,121.07273303420402
2024-10-30 04:00:00,139.49998843906093,140.28977049571748,136.77077537646986,139.300048828125,179418100,0.0,0.0,140.4447265625,125.09652709960938,139.30212216320447,128.0358272832207,57.15637387756677,5.004197121567671,5.2429675390188635,136.00500259399413,147.74952700309794,124.26047818489032
2024-10-31 04:00:00,137.56056330274592,137.57055494467397,132.07213151004177,132.72193908691406,270039600,0.0,0.0,140.02784576416016,125.1819223022461,138.10572524024258,128.21959637356161,47.3312226345291,4.16199416397788,5.026772864010667,136.5003604888916,146.62666579503934,126.37405518274385
2024-11-01 04:00:00,134.6613944536623,137.2706470867555,134.53144208222884,135.36119079589844,207127800,0.0,0.0,139.7679214477539,125.41526733398437,137.60671897763456,128.49965889992777,46.448502350178174,3.6652570068794716,4.754469692584428,137.02421073913575,145.58296854696962,128.46545293130188
2024-11-04 05:00:00,137.17067271068436,138.9201710380497,135.53114345978716,136.01100158691406,187528200,0.0,0.0,139.00214080810548,125.54905059814453,137.3165885429581,128.79422135824095,57.00345090827156,3.286142921178225,4.460804338303188,137.44059143066406,144.81418233544122,130.0670005258869
2024-11-05 05:00:00,137.41058693125512,140.32974787080795,137.29062621937655,139.86988830566406,160537400,0.0,0.0,138.63424530029297,125.81818969726562,137.78082486345008,129.22856123853205,56.6486602216769,3.2594987128375976,4.22054321321007,137.7914909362793,144.909141670339,130.6738402022196
2024-11-06 05:00:00,142.91901845044762,146.44800513885863,141.91930516184587,145.56825256347656,242043900,0.0,0.0,139.23907165527345,126.16450958251953,139.19672080890945,129.8693334473534,62.0555503029527,3.65604870450062,4.107644311468181,138.4393051147461,145.92116854050323,130.95744168898898
2024-11-07 05:00:00,146.3480493601011,148.88731477688594,146.12811118371621,148.83734130859375,207323300,0.0,0.0,140.08583068847656,126.62999130249024,140.94956089976114,130.61317689289223,64.24086378272938,4.185853655362763,4.1232861802470975,139.1426040649414,147.73476200100552,130.55044612887727
2024-11-08 05:00:00,148.7273495355645,149.72706281958904,146.21805942983792,147.58767700195312,175665800,0.0,0.0,140.6946563720703,127.23082015991211,142.15649110015968,131.2788435638358,55.80911201857634,4.453552647612611,4.1893394737202,139.78391952514647,148.89802554748124,130.6698135028117
2024-11-11 05:00:00,148.6373710400852,148.80733573059373,143.52885055228916,145.21835327148438,182325600,0.0,0.0,141.16851959228515,127.74867568969727,142.71319331312782,131.82549100335143,52.32007063712088,4.423529706943498,4.23617752036486,140.14331512451173,149.52911617043813,130.75751407858533
2024-11-12 05:00:00,146.73790556674717,149.60707763368606,145.96812211424654,148.24746704101562,198634700,0.0,0.0,141.8723159790039,128.5544290161133,143.7194249000165,132.469490063652,62.47496126411591,4.591235570291332,4.307189130350155,140.97757415771486,150.11473313434334,131.84041518108637
2024-11-13 05:00:00,149.02727349633594,149.28719347067064,145.8581688148386,146.2280731201172,191903300,0.0,0.0,142.56511840820312,129.3555810546875,144.1755427582166,133.0090423403761,58.10288375210682,4.509216027141321,4.347594509708388,141.50492248535156,150.5721532182292,132.4376917524739
2024-11-14 05:00:00,147.59766330614426,148.9572739334313,145.50826627914395,146.71791076660156,194463300,0.0,0.0,143.96471557617187,130.14653717041017,144.63779148701386,133.54664502375752,57.34796226659946,4.432643991889847,4.3646044061446805,141.99628067016602,151.07576213309468,132.91679920723735
2024-11-15 05:00:00,144.8284560077565,145.19836028928967,140.03983617411208,141.9392852783203,250132900,0.0,0.0,144.62252502441407,130.92948837280272,144.1471539945241,133.8757681709953,51.858431700779555,3.940936301480747,4.279870785211894,142.195223236084,151.07452262979683,133.31592384237115
2024-11-18 05:00:00,139.45999475223928,141.50940991238423,137.1106625740026,140.10980224609375,221205300,0.0,0.0,145.03240509033202,131.60307693481445,143.41309004026402,134.12024009550896,48.637918886718396,3.364842612105349,4.096865150590585,142.01727294921875,150.91485986976505,133.11968602867245
2024-11-19 05:00:00,141.2794937524248,147.08782570288798,140.94958652618317,146.9678497314453,227834900,0.0,0.0,145.74220123291016,132.38123870849608,144.05940998411515,134.6240679243692,58.46018125219915,3.422222083795333,3.9619365372315345,142.18822326660157,151.33752895267324,133.0389175805299
2024-11-20 05:00:00,147.36774356025674,147.5176944558783,142.68907730947365,145.84817504882812,309871700,0.0,0.0,145.77019348144532,132.9608723449707,144.38463999588114,135.06422898807347,66.46601619878638,3.3388590503659543,3.8373210398584185,142.50463256835937,151.70297338152048,133.30629175519826
2024-11-21 05:00:00,149.30720000657334,152.84617867409492,140.65967008206871,146.62796020507812,400946600,0.0,0.0,145.54925537109375,133.51131454467773,144.79251639755333,135.5177086436423,64.82504781535144,3.2977015403387497,3.729397139954485,142.81754302978516,152.1351082459483,133.49997781362202
2024-11-22 05:00:00,145.88815647311117,147.11781483152527,141.05955459424152,141.9093017578125,236406200,0.0,0.0,144.98141784667968,133.96818359375,144.26829555396407,135.76835935400192,57.010444456132014,2.851457785517482,3.5538092690670844,142.838037109375,152.14519232601015,133.53088189273984
2024-11-25 05:00:00,141.9492922301626,142.0092725854583,135.78106320516017,135.9810028076172,344941900,0.0,0.0,144.05768280029298,134.35287338256836,142.76151505462826,135.77669831296723,45.59456486341287,1.9964286279009684,3.2423331408338614,142.61310119628905,152.36696950472438,132.85923288785372
2024-11-26 05:00:00,137.66052777043362,139.26007526155422,135.63111085304342,136.88075256347656,190287700,0.0,0.0,142.92101135253907,134.77935119628907,141.69228551078248,135.81999455808526,38.95808702829676,1.375557574647189,2.868978027596527,142.39666366577148,152.4685952475595,132.32473208398346
2024-11-27 05:00:00,134.97128602051475,137.18065910710888,131.76221489663718,135.3011932373047,226370900,0.0,0.0,141.8283233642578,135.21862518310547,140.5302687337865,135.79964940825073,32.02333326173239,0.7474395373930918,2.4446703295558403,142.19672088623048,152.6779342786292,131.71550749383175
2024-11-29 05:00:00,136.74079305563075,139.31006372977,136.0110065692894,138.2103729248047,141863200,0.0,0.0,140.97756958007812,135.6261085510254,140.1084694957898,135.8941875853705,38.0722376177975,0.47887775065674987,2.051511813776022,142.471142578125,152.16572649163058,132.77655866461944
2024-12-02 05:00:00,138.79019534076207,140.40972595950504,137.78049042793322,138.5902557373047,171682800,0.0,0.0,140.64266662597657,136.07857879638672,139.83243063061067,135.99991574819146,41.11974329420298,0.29331284010086733,1.6998720190409913,142.63259582519532,151.92794918924238,133.33724246114826
2024-12-03 05:00:00,138.22037595856943,140.4997214017946,137.91046723010535,140.2198028564453,164414000,0.0,0.0,140.6536666870117,136.55844131469726,139.90286194439878,136.16540151714258,38.825548473153546,0.2745769927295214,1.4148130137786974,142.84303588867186,151.68679588350105,133.99927589384268
2024-12-04 05:00:00,141.95930442882306,145.74821154635353,140.2497877832653,145.09840393066406,231224300,0.0,0.0,140.4667221069336,137.04370239257813,140.84750594190155,136.51571533728068,48.543449793343555,0.6459449815616836,1.2610394073352946,143.10446166992188,151.88707177460415,134.3218515652396
2024-12-05 05:00:00,145.0784040292141,146.50808533514203,143.91865294893697,145.02841186523438,172621200,0.01,0.0,140.3847457885742,137.4747787475586,141.60767065523478,136.84954657367103,47.7977851952006,0.923958198571853,1.1936231655826064,143.07746963500978,151.83146888442988,134.32347038558967
2024-12-06 05:00:00,144.56851457164973,145.66826585624298,141.27922253713282,142.4089813232422,188505600,0.0,0.0,139.9628479003906,137.8428695678711,141.75336350396339,137.06756362267382,50.648753412162215,0.9222879612719339,1.139356124720472,142.75605163574218,151.08114310546287,134.4309601660215
2024-12-09 05:00:00,138.93972344033872,139.91950565348523,137.1001279875636,138.77975463867188,189308600,0.0,0.0,139.64989318847657,138.1911605834961,141.21270734663764,137.13470836839923,48.249920492911826,0.6209580060852318,1.035676500993424,142.31565551757814,150.49517181022418,134.1361392249321
2024-12-10 05:00:00,138.97971741196267,141.78911819403848,133.76085313448985,135.04058837890625,210020900,0.0,0.0,139.55585174560548,138.463868560791,140.0905038979592,137.0525860158701,32.90280387323405,0.07951576969171015,0.8444443547330812,141.80676727294923,150.47756417585228,133.13597037004618
2024-12-11 05:00:00,137.33007570041752,140.1394610798945,135.18055019628483,139.27964782714844,184905200,0.0,0.0,139.79574127197264,138.91013244628905,139.94307552144815,137.13992177317513,41.35723225840906,-0.0074386848273775286,0.6740677468209895,141.35837631225587,149.54052047908854,133.1762321454232
2024-12-12 05:00:00,137.05015122102654,138.4098556769623,135.77043117490655,137.31008911132812,159211400,0.0,0.0,139.996630859375,139.28001556396484,139.46435071960815,137.14659500212233,38.11190063659548,-0.2325964178655795,0.4927349138836757,140.9124771118164,148.9479079339757,132.8770462896571
2024-12-13 05:00:00,138.90974525213795,139.56960518418134,132.51112983721956,134.22076416015625,231514900,0.0,0.0,139.59766998291016,139.50813522338868,138.51097134516235,137.0318565377315,39.765149884017106,-0.6527932541814323,0.26362928027065413,140.28761978149413,148.3657349082622,132.20950465472606
2024-12-16 05:00:00,134.1507548377073,134.37070812011547,130.39157963416955,131.9712371826172,237951100,0.0,0.0,138.9357681274414,139.6498762512207,137.32192877015413,136.83340087674662,44.08271552341433,-1.1540175058658235,-0.01990007695664141,139.789217376709,148.63207777939783,130.94635697402015
2024-12-17 05:00:00,129.06188284882555,131.5613383936032,126.8323727744144,130.36160278320312,259410300,0.0,0.0,137.9499481201172,139.7034405517578,136.05641495434486,136.57960487307827,40.57700018659012,-1.661967256217224,-0.34831351280875794,139.30180740356445,149.09393773582232,129.50967707130658
2024-12-18 05:00:00,133.83084634553458,136.67022414162827,128.2520598203989,128.88192749023438,277444500,0.0,0.0,136.32830047607422,139.62404113769531,134.75196268814295,136.27773517179028,40.69450619454933,-2.1590305625559267,-0.7104569227581917,138.39751129150392,148.54285807428016,128.25216450872767
2024-12-19 05:00:00,131.7312862928068,134.0007959707685,129.52177635647746,130.65151977539062,209719200,0.0,0.0,134.89061126708984,139.58483215332032,134.00642761309706,136.05709927389225,38.668140441061766,-2.382699232095945,-1.0449053846257423,137.63767852783204,147.70951909496463,127.56583796069944
2024-12-20 05:00:00,129.7817201303188,135.25052978203578,128.19207015255643,134.670654296875,306528600,0.0,0.0,134.1167785644531,139.58281799316407,134.12719610105668,136.00272888263666,44.702019945773436,-2.2101702309380187,-1.2779583538881978,137.03981323242186,146.24711672782269,127.83250973702104
2024-12-23 05:00:00,136.25031123897003,139.75954112073697,135.09056027465786,139.6395721435547,176053500,0.0,0.0,134.2027603149414,139.68038208007812,135.12944629060178,136.14535018698638,49.28066127859403,-1.6534299005983542,-1.353052663230229,136.92632675170898,145.93471843173955,127.91793507167843
2024-12-24 05:00:00,139.9695150682445,141.8690952419841,138.61980292789985,140.18946838378906,105157000,0.0,0.0,134.7176483154297,139.72356262207032,136.0494503075449,136.30394305744923,43.18243851496714,-1.1545284613608544,-1.3133478228563542,137.1367500305176,146.24818552855155,128.02531453248363
2024-12-26 05:00:00,139.6695752314167,140.81933395538283,137.70000300728188,139.89952087402344,116205600,0.0,0.0,134.77963562011718,139.8903073120117,136.7494631378137,136.4449461090796,42.92021698076249,-0.7736239617531169,-1.2054030506357067,137.2876884460449,146.4809175321474,128.09445935994242
2024-12-27 05:00:00,138.51983681592935,138.98973570413628,134.6806765533369,136.98016357421875,170582600,0.0,0.0,134.74664306640625,139.91628845214845,136.7914086717055,136.46593502928116,42.56774682505629,-0.6992614864123539,-1.1041747377910363,137.37163696289062,146.51903695188082,128.22423697390042
2024-12-30 05:00:00,134.80062832550155,140.23944563051566,133.99080722961983,137.46005249023438,167734700,0.0,0.0,135.07057189941406,139.92767456054688,136.91298027507437,136.5049200277499,48.02278072636426,-0.5947497590254613,-1.0022897420379213,137.3341209411621,146.47318793727322,128.19505394505097
2024-12-31 05:00:00,137.99994871496077,138.0399485497518,133.80086613446198,134.26075744628906,155659200,0.0,0.0,135.29952392578124,139.85368103027344,136.43075794256794,136.41691365200634,48.81242125525914,-0.7613039959570074,-0.9540925928217385,137.11764602661134,146.33619200375216,127.89910004947053
2025-01-02 05:00:00,135.97038221662075,138.84975989825128,134.60068545398187,138.27987670898438,198247200,0.0,0.0,136.0913513183594,139.74590240478517,136.76696135464366,136.4899710267898,48.46721380122836,-0.5625058757771626,-0.8757752494128234,137.0206497192383,146.14207377321736,127.89922566525922
2025-01-03 05:00:00,139.97950221326124,144.86843662681642,139.69956441393234,144.43853759765625,229322500,0.0,0.0,137.64701232910156,139.7636962890625,138.16179339882777,136.80167951976495,59.68487313079482,0.0909471482552533,-0.682430769879208,136.9876564025879,145.9900533461757,127.9852594590001
2025-01-06 05:00:00,148.55763229845726,152.12686204773377,147.78781099429082,149.39744567871094,265377400,0.0,0.0,139.5216049194336,139.96124542236328,140.20463926789742,137.29563113384125,69.62253869685631,0.9974577445100294,-0.3464530670013605,137.20610809326172,147.18872102630053,127.22349516022292
2025-01-07 05:00:00,152.99665754898407,153.09664186378797,139.97948999458222,140.10946655273438,351782200,0.0,0.0,140.06548614501952,139.9560397338867,140.18733513786776,137.40597762085667,58.902021630690626,0.9553983925575267,-0.08608277508958309,137.09113235473632,146.8723697826372,127.30989492683543
2025-01-08 05:00:00,142.54894625810496,143.91864297451565,137.5300354006173,140.07948303222656,227349900,0.0,0.0,140.1094772338867,139.92764099121095,140.1677256641148,137.51082097032216,61.010425890702585,0.9091663300749531,0.11296704594332414,137.15611877441407,147.00165430082458,127.31058324800354
2025-01-10 05:00:00,137.42007490895548,139.88953842521914,134.19078233209814,135.8804168701172,207602500,0.0,0.0,139.67857208251954,139.83565490722657,139.38821497429706,137.44688355462785,57.46907920771118,0.5276155179892896,0.19589674035251725,137.1981101989746,147.01277042000896,127.38344997794024
2025-01-13 05:00:00,129.96170394882952,133.46094192558937,129.4817974709377,133.20098876953125,204808900,0.0,0.0,139.00871887207032,139.67548461914063,138.2632647552487,137.28037787678093,52.66906541016981,0.008923431915434321,0.1585020786651007,136.89417724609376,146.81335127246103,126.97500321972647
2025-01-14 05:00:00,136.02036676060487,136.35029670610186,130.021673763493,131.73129272460938,195590500,0.0,0.0,138.48383178710938,139.5241094970703,137.07563347695066,137.06276669434283,46.74922339390028,-0.5148016582719777,0.023841331277685018,136.6152374267578,146.79549498664483,126.43497986687079
2025-01-15 05:00:00,133.6208947252083,136.42028814155947,131.26140794998662,136.21034240722656,185217300,0.0,0.0,138.3588607788086,139.59387756347655,136.9183078279099,137.02933829092652,46.16591169337393,-0.5619577894833014,-0.09331849287451227,136.71471633911133,146.8351628198394,126.59426985838327
2025-01-16 05:00:00,138.6097963703303,138.7197730168145,133.46092441099125,133.54090881347656,209235600,0.0,0.0,138.28687591552733,139.55747192382813,136.3042352798311,136.8925371349481,42.90287566122226,-0.8054456685436264,-0.23574392800833513,136.7931999206543,146.78225279029567,126.80414705101293
2025-01-17 05:00:00,136.66022586007293,138.46982912838536,135.4304980750839,137.6800079345703,201188800,0.0,0.0,138.22688903808594,139.59085205078125,136.55437576251094,136.92341834277642,47.81065469940565,-0.656849112067249,-0.31996496482011794,137.15912017822265,146.68143331904508,127.63680703740022
2025-01-21 05:00:00,139.1296971907641,141.79911388356058,137.0601406758009,140.79933166503906,197749000,0.0,0.0,137.86296844482422,139.60944091796875,137.32618592660697,137.07541494364946,53.75245460572338,-0.284106907131644,-0.3127933532824232,137.7549903869629,146.5609885895376,128.9489921843882
2025-01-22 05:00:00,144.6285153116103,147.7578236263026,143.63872531436203,147.03799438476562,237651400,0.0,0.0,137.62702331542968,139.63883575439453,139.0919692826358,137.46610433349716,58.45395403160811,0.5088363696152385,-0.14846740870289088,138.57431411743164,147.6428329615065,129.50579527335677
2025-01-23 05:00:00,145.0184168760411,147.19793483530896,143.68870466698334,147.1879425048828,155915500,0.0,0.0,138.33487091064453,139.6058477783203,140.56396441395344,137.84735288923778,62.05931068016997,1.136251192949203,0.10847631162752791,139.20017852783204,148.8438573456269,129.55649971003717
2025-01-24 05:00:00,148.3376757009225,148.93755110518853,141.8490991802554,142.58892822265625,234657600,0.0,0.0,138.5858154296875,139.5058728027344,140.9321396518994,138.0332970199601,53.976735370044615,1.2479938474868106,0.3363798187993845,139.3476463317871,149.1090978319138,129.5861948316604
2025-01-27 05:00:00,124.77281833637456,128.37202500863236,116.67457662673027,118.39420318603516,818830900,0.0,0.0,136.8371940612793,138.9693898010254,136.83433302174225,137.26313647745323,31.967333225923184,-0.6087441764946675,0.1473550197405741,138.2578830718994,151.7696294559072,124.74613668789164
2025-01-28 05:00:00,121.78346978934897,128.97190639273322,116.22468308647471,128.9619140625,579666400,0.0,0.0,136.41328659057618,138.5836787414551,135.40298412006183,136.9375983435335,36.87052666004734,-1.2135079239246238,-0.12481756899246547,137.71100273132325,151.8153740742754,123.60663138837108
2025-01-29 05:00:00,126.47245082309266,126.86236527865272,120.02385855553806,123.67305755615234,467120600,0.0,0.0,135.60746307373046,138.13257843017578,133.27027019935102,136.41742027344011,38.86784138374138,-2.095399607757315,-0.5189339767454354,137.04564743041993,152.4872791787555,121.60401568208437
2025-01-30 05:00:00,123.07319063695674,124.97277839409357,118.07427950119299,124.62285614013672,392925500,0.0,0.0,134.44871444702147,137.6906773376465,131.6980130976757,135.9548883466439,39.6602632629503,-2.686693779470687,-0.9524859372904858,136.40378761291504,152.80996930329923,119.99760592253085
2025-01-31 05:00:00,123.75304497053646,127.8221583994493,119.16404813082586,120.04385375976562,388161100,0.0,0.0,133.0990089416504,137.25276870727538,129.5790750362375,135.33092620598202,39.45968261190135,-3.4846173941535596,-1.4589122286631007,135.69294242858888,153.64886582443313,117.73701903274464
2025-02-03 05:00:00,114.72501007137596,118.54417785753162,112.98539113939225,116.63459777832031,371235700,0.0,0.0,130.99446792602538,136.7832646179199,127.22553371661618,134.59773685587766,39.08001987471687,-4.34202392390182,-2.0355345677108447,134.61067848205568,154.42335117073122,114.79800579338013
2025-02-04 05:00:00,116.93452639047727,121.17360082598954,116.67458088005824,118.62416076660156,256550000,0.0,0.0,128.77695083618164,136.21639083862306,125.66164772570443,133.9713221072786,41.41905134849487,-4.80558784502233,-2.589545223173142,133.31995964050293,153.78938396011452,112.85053532089135
2025-02-05 05:00:00,121.73348714021286,124.97277944773282,120.733704904631,124.80281829833984,262230800,0.0,0.0,126.55343322753906,135.7954837036133,125.50549692072904,133.61177293830062,42.69432672565185,-4.62113005596072,-2.9958621897306577,132.09022827148436,151.4159606749657,112.76449586800302
2025-02-06 05:00:00,127.39224223836113,128.74195426970414,125.18272455855072,128.65196228027344,251483600,0.0,0.0,124.69983520507813,135.4359637451172,126.0775815315553,133.41727055955445,46.91559863678783,-4.116895173596262,-3.2200687865037785,131.51735305786133,150.51872947132583,112.51597664439683
2025-02-07 05:00:00,129.19184651154228,130.3415898450845,124.97276475304243,129.81170654296875,228186300,0.0,0.0,123.42211303710937,135.1940118408203,126.75651335181229,133.27587589223737,44.84204147756576,-3.5824079579265202,-3.292536620788327,131.00396423339845,149.5814052801341,112.42652318666279
2025-02-10 05:00:00,130.06165595495793,134.97058996230598,129.93169464945112,133.54090881347656,216989100,0.0,0.0,124.93678359985351,135.1452099609375,127.9900397993876,133.2862693401291,45.27958333060441,-2.8253387849490252,-3.199097053620467,130.8869888305664,149.36433702746803,112.40964063366478
2025-02-11 05:00:00,132.55113432807275,134.45071452657314,130.991476437857,132.77108764648438,178902400,0.0,0.0,125.31770095825195,135.06301666259765,128.85932122613247,133.26606613645677,40.011189652103745,-2.2614060640577804,-3.01155885570793,130.86549377441406,149.33250490084203,112.39848264798611
2025-02-12 05:00:00,129.9916837727306,132.21120144058102,129.05188607934784,131.11143493652344,160278600,0.0,0.0,126.06153869628906,134.97922149658203,129.26879644620354,133.1815707952829,38.977240128332255,-1.9262013728258296,-2.79448735913151,130.83450088500976,149.29747403203172,112.37152773798782
2025-02-13 05:00:00,131.53134519031366,136.4702717517269,131.1414307383845,135.26052856445312,197430000,0.0,0.0,127.1253059387207,134.920224609375,130.35820228588528,133.26309855093663,44.94413402528301,-1.310643774073327,-2.4977186421198736,130.7870101928711,149.19656997726324,112.37745040847895
2025-02-14 05:00:00,136.45026901957874,139.21966995740726,135.47048674490975,138.81976318359375,195479600,0.0,0.0,129.0028968811035,134.92481475830078,131.89666790365044,133.4810069679036,69.70105850124959,-0.5295056427651446,-2.104076042248928,131.05095291137695,149.77543355057233,112.32647227218158
2025-02-18 05:00:00,141.239247408195,143.408773131914,137.89996298841217,139.36964416503906,219176600,0.0,0.0,131.2764015197754,134.90781158447265,133.25539086026654,133.71193391681086,62.44321405441892,0.13239656852053372,-1.6567815200950358,131.13543472290038,150.00056737482439,112.27030207097638
2025-02-19 05:00:00,139.47961431944915,141.32921755912488,137.1901197103136,139.19967651367188,167536000,0.0,0.0,133.3339530944824,134.7898370361328,134.3361700699766,133.92713950884462,71.1522683104232,0.6359134562447366,-1.1982425248270814,131.05545196533203,149.76095911444588,112.34994481621818
2025-02-20 05:00:00,139.9994986264957,140.62936628696042,136.7601988439899,140.07948303222656,143903600,0.0,0.0,134.8616195678711,134.69085845947265,135.38040879038567,134.1684078823106,71.09714953848153,1.093343863135658,-0.7399252472345336,130.70752639770507,148.39234843360248,113.02270436180766
2025-02-21 05:00:00,140.00948969645043,141.42919381606555,134.00080428998024,134.4007110595703,228217600,0.0,0.0,135.43649444580078,134.53069305419922,135.2022819302374,134.17751781083058,69.02487917498891,0.9862622996259063,-0.39468773786244565,130.06816482543945,146.09075580505709,114.04557384582183
2025-02-24 05:00:00,136.53026411475935,138.55982089892026,130.05167928786804,130.2516326904297,251381100,0.0,0.0,135.48048706054686,134.36013061523437,134.302163886636,134.02356153159917,67.69750713527594,0.5601464207096285,-0.20372090614803084,129.45130004882813,144.35513180220454,114.54746829545172
2025-02-25 05:00:00,129.9516936613149,130.17164697857655,124.41290666278033,126.60242462158203,271428700,0.0,0.0,134.78663864135743,134.19136734008788,132.90221129298982,133.73253655473576,59.94021009166202,-0.07119340354265091,-0.17721540562695487,129.86171112060546,143.91108203472226,115.81234020648867
2025-02-26 05:00:00,129.96170661334043,133.7008826502409,128.46203316398234,131.2514190673828,322553800,0.0,0.0,134.63467178344726,134.03080276489257,132.60206725197037,133.63523782974153,58.35276343592335,-0.19416159035969827,-0.18060464257350356,129.9761863708496,144.0319959688676,115.92037677283163
2025-02-27 05:00:00,134.97060540054449,134.98059773119874,119.98387142553824,120.12384033203125,443175800,0.0,0.0,133.53591232299806,133.68707778930664,130.33329872107234,133.10537910434113,40.70606433297393,-1.17596161771894,-0.3796760376025909,129.79872550964356,144.27299970385295,115.32445131543416
2025-02-28 05:00:00,117.99429297871988,125.06275289296238,116.37465068149442,124.89279174804688,389091100,0.0,0.0,132.49913864135743,133.50051834106446,129.3441156350677,132.78331685507467,45.03031917534063,-1.5513477185863849,-0.6140103737993498,129.81222229003907,144.26666493592222,115.35777964415593
2025-03-03 05:00:00,123.48310269608358,123.67305612882248,112.25554513947324,114.03515625,411381400,0.0,0.0,130.02067794799805,133.1417967224121,126.5606684741463,132.04809487056195,32.77414933205695,-2.6939106268756206,-1.029990424414604,129.51178741455078,145.0316314165148,113.99194341258675
2025-03-04 05:00:00,110.62590357369604,119.28401358591904,110.0860202624711,115.96473693847656,398163300,0.0,0.0,127.6801872253418,132.85385940551757,124.63413546766088,131.41737495165665,35.45595644740186,-3.4044544958063625,-1.5048832386929558,129.4782943725586,145.11758044969406,113.83900829542313
2025-03-05 05:00:00,117.55439764571528,118.25424216283551,114.48506647308832,117.27445983886719,284337900,0.0,0.0,125.48766555786133,132.62171005249024,123.29601262606202,130.86275082958647,37.95265876618709,-3.8178718882900995,-1.9674809686123846,129.4108093261719,145.2575742566708,113.56404439567295
2025-03-06 05:00:00,113.50527582346177,115.32487918451908,110.1959990692751,110.5459213256836,321181900,0.0,0.0,122.53430938720703,132.2195980834961,120.97781420781139,130.06601241766873,29.40687946736719,-4.635015403244537,-2.500987855538815,128.69796447753907,146.57065618136932,110.82527277370882
2025-03-07 05:00:00,111.22576986878714,113.45528753337068,107.53657110597264,112.66545867919922,341755500,0.0,0.0,120.36078414916992,131.77949417114257,119.46647683897281,129.38363776125817,27.671562934644797,-5.053326967635002,-3.0114556779580526,127.89863929748535,147.15627197496275,108.64100662000794
2025-03-10 04:00:00,109.87605754375717,111.82562964494369,105.43702244846195,106.95669555664062,366487400,0.0,0.0,118.03129043579102,131.1258366394043,117.19197115127605,128.50414983166533,24.56855928948586,-5.77887608378451,-3.5649397591233445,126.75588874816894,148.1315048740643,105.3802726222736
2025-03-11 04:00:00,106.96669412251354,112.2155506077548,104.74717644545998,108.73631286621094,354865700,0.0,0.0,116.2446792602539,130.49677352905275,115.65457873580966,127.72894053890242,26.68707608821056,-6.13950633432016,-4.079853074162708,125.51565895080566,148.0790704196857,102.95224748192561
2025-03-12 04:00:00,114.10564961231475,116.74531696319002,112.8658000774832,115.7254409790039,323857500,0.01,0.0,114.69208145141602,130.01329193115234,115.6674627800268,127.25821506596523,32.95611606999363,-5.794548232900837,-4.422792105910334,124.66337661743164,147.3601893783882,101.96656385647505
2025-03-13 04:00:00,117.01527472285696,117.74518623487266,113.77568449740161,115.56546020507812,299033100,0.0,0.0,114.2362434387207,129.58499786376953,115.64891685730885,126.79967565965593,35.71492220776675,-5.471009175487751,-4.632435519825818,123.88607788085938,146.71750119723748,101.05465456448127
2025-03-14 04:00:00,118.59508095437823,121.86466627272753,118.13513973204245,121.65469360351562,277593500,0.0,0.0,113.91243362426758,129.26889068603515,116.74087626571007,126.59791165745436,43.666283921768944,-4.669425663673493,-4.6398335485953535,123.2057861328125,145.41245175510196,100.99912051052306
2025-03-17 04:00:00,122.72455649146468,122.87453914631989,118.01514995099303,119.51496124267578,255501500,0.0,0.0,114.46041412353516,128.9739747619629,117.2452553524311,126.3201488960905,44.65959585832506,-4.158882466237316,-4.543643332123746,122.2405460357666,143.23472132278243,101.24637074875075
2025-03-18 04:00:00,117.98515020944649,119.00501849033903,114.52558655092061,115.41547393798828,299686900,0.0,0.0,114.40548782348633,128.51668670654297,116.9125678225324,125.89251458400807,37.967976187867656,-4.038514190942024,-4.442617503887401,121.04283752441407,140.6068949217438,101.47878012708436
2025-03-19 04:00:00,117.25523471702526,120.43483472433577,115.66543852758707,117.50520324707031,273426200,0.0,0.0,114.42856216430664,127.97802001953124,117.02031971790292,125.56360041393208,47.69362887066232,-3.73148355526034,-4.300390714161989,119.95811386108399,137.59411274763895,102.32211497452903
2025-03-20 04:00:00,116.53533674228605,120.18487133427746,116.4553449784264,118.51508331298828,248829700,0.0,0.0,115.22547836303711,127.36037277221679,117.29209491700935,125.28718797860095,43.984493252282135,-3.367848225120156,-4.113882216353622,118.87989387512206,133.7572651945028,104.00252255574134
2025-03-21 04:00:00,116.92528940681295,117.97515272195331,115.40547637665556,117.68518829345703,266498500,0.0,0.0,115.72745132446289,126.91188720703126,117.36356643999983,124.98907034388944,54.24591908368086,-3.1107711648860885,-3.9132600060601157,118.0441177368164,131.00485165704075,105.08338381659206
2025-03-24 04:00:00,119.86491568880827,122.20462527069279,119.32498270837338,121.39472961425781,228452500,0.0,0.0,117.1712547302246,126.53819213867187,118.09650519895582,124.84811580547252,56.06529782442849,-2.577989303899386,-3.64620586562797,117.60127258300781,129.35478408358168,105.84776108243395
2025-03-25 04:00:00,120.53483816820751,121.27474294212928,118.90503833586045,120.67481994628906,167447200,0.0,0.0,118.36510543823242,126.23408020019531,118.56528969847095,124.68445714432806,53.8489146504912,-2.188617513917009,-3.354688195285778,117.30489234924316,128.38220947964464,106.22757521884168
2025-03-26 04:00:00,118.7150653108018,118.82504445296345,112.69581844673802,113.74568939208984,293463300,0.0,0.0,118.16713027954101,125.84497421264649,117.68899873367438,124.25548585992657,53.605489008846426,-2.411363790887819,-3.1660233144061865,116.42960586547852,125.44068471849712,107.41852701245992
2025-03-27 04:00:00,111.33598571474475,114.43559407181797,110.6460777346271,111.41597747802734,236902100,0.0,0.0,117.75218200683594,125.43866790771484,116.54844941446582,123.75197572730308,48.59872546066862,-2.7442461401675047,-3.0816678795584505,115.99421272277831,125.09476889423983,106.8936565513168
2025-03-28 04:00:00,111.47596724864877,112.85579846281165,109.05627362776653,109.65619659423828,229872500,0.0,0.0,116.55233230590821,124.90758499145508,115.29531253806081,123.19920007502603,53.321664962160725,-3.114159320330856,-3.0881661677129317,115.2323829650879,123.72725610220678,106.737509827969
2025-03-31 04:00:00,105.11677236112796,110.94604080353734,103.63696281055644,108.36636352539062,299212700,0.0,0.0,115.43747253417969,124.40409408569336,114.03550362666623,122.61752021033445,49.53923330093681,-3.471381010334653,-3.164809136237276,114.94894332885742,123.97377155309862,105.92411510461623
2025-04-01 04:00:00,108.50634668924769,110.18613567920701,106.45660912113902,110.13614654541016,222614000,0.0,0.0,114.90953979492187,123.85321685791016,113.32652961189238,122.12805457641585,41.99829087162925,-3.5705163839789833,-3.245950585785618,114.6575138092041,123.91759558886967,105.39743202953854
2025-04-02 04:00:00,107.27650160670082,111.96591394846298,106.77656451707789,110.4061050415039,220601200,0.0,0.0,114.19962997436524,123.24535232543946,112.7955433263672,121.66837028092911,42.636983206476565,-3.5859617524281333,-3.313952819114121,114.31409606933593,123.67443399953498,104.95375813913688
2025-04-03 04:00:00,103.49698496682684,105.61671347851724,101.58722150219326,101.78720092773438,338769400,0.0,0.0,112.52684173583984,122.34033645629883,110.79402652661577,120.88871658080383,23.556041363544423,-4.244745070090104,-3.500111269309318,113.87616004943848,124.6861344993352,103.06618559954177
2025-04-04 04:00:00,98.89756129670621,100.11740141914926,92.09841365005991,94.29813385009766,532273800,0.0,0.0,110.18813629150391,121.28254028320312,107.79477331270337,119.84594863058007,20.6197652439935,-5.309931139179881,-3.8620752432834307,112.95779380798339,126.8750623854362,99.04052523053059
2025-04-07 04:00:00,87.44898959160196,101.73719167720878,86.60909899272106,97.6277084350586,611041300,0.0,0.0,107.81143417358399,120.38331588745118,105.94621606222249,118.9746450935008,28.896793803030064,-5.8183595040347456,-4.253332095433694,112.4913444519043,127.81024278664928,97.17244611715931
2025-04-08 04:00:00,103.79693724960859,105.83668151314755,94.448115096381,96.28788757324219,476243400,0.0,0.0,105.3727409362793,119.94118957519531,104.19015633695334,118.08496832800046,24.371997851704975,-6.257275020985773,-4.65412068054411,111.86892318725586,128.76102447064352,94.9768219038682
2025-04-09 04:00:00,98.8775535578917,115.08551252786717,97.51772411084168,114.31561279296875,612918300,0.0,0.0,105.42973327636719,119.64826354980468,106.03114841986522,117.93715046388157,46.40534067477585,-5.091737587724353,-4.741644061980159,111.79843177795411,128.634444789991,94.96241876591723
2025-04-10 04:00:00,109.3562417228181,110.84605211383005,99.13752639108027,107.55646514892578,437812400,0.0,0.0,105.04378204345703,119.32593170166015,106.30847873423986,117.53006476525586,42.12898207370201,-4.659732999506161,-4.725261849485359,111.39798202514649,128.23772458345223,94.55823946684076
2025-04-11 04:00:00,108.4863440509602,111.53596322542542,107.46647578597839,110.9160385131836,313417300,0.0,0.0,105.16976623535156,119.0517953491211,107.14621687586599,117.27069118674322,41.81248896429696,-4.000165341508321,-4.580242547889952,110.86104927062988,126.99376605349713,94.72833248776263
2025-04-14 04:00:00,114.09564149423704,114.27561914894163,109.0562747909433,110.6960678100586,264705000,0.0,0.0,105.40273666381836,118.86483963012695,107.79164431844646,117.0128628190301,42.1417225455211,-3.455371644562618,-4.355268367224485,110.42010459899902,126.03052621018793,94.8096829878101
2025-04-15 04:00:00,110.95604157012,113.6057097347757,110.48609947397975,112.18588256835938,228966900,0.0,0.0,105.60771026611329,118.77586532592774,108.59059672752153,116.82356947586655,48.656558829261726,-2.870315899631734,-4.0582778737059355,110.25862503051758,125.71755358778643,94.79969647324873
2025-04-16 04:00:00,104.53685005598037,106.776566115048,100.43735975697352,104.47685241699219,397016900,0.0,0.0,105.01478500366211,118.49291915893555,107.8426432165162,116.3393844931656,44.53026326060477,-2.994194106992879,-3.8454611203633244,109.60720748901367,124.87724588621728,94.33716909181007
2025-04-17 04:00:00,104.43685285244638,104.45685460754896,100.03741265575106,101.47722625732422,292517500,0.0,0.0,104.9837875366211,118.02640731811523,106.68529467848128,115.75655475842672,43.67655868474704,-3.296414229691024,-3.7356517422288644,108.75531463623047,123.83272024565082,93.67790902681011
2025-04-21 04:00:00,98.75757087400713,99.42749238220217,95.02804439894429,96.89781188964844,288501100,0.0,0.0,105.24375534057617,117.39132431030274,104.90575235323894,115.01699621455306,41.56245320132674,-3.860939811224199,-3.7607093560279314,107.71594581604003,123.06494363376605,92.36694799831402
2025-04-22 04:00:00,98.7675690784311,99.79743825075411,97.26775782667495,98.87755584716797,241004800,0.0,0.0,105.36874008178711,116.77264129638672,103.80971662486239,114.38407698445953,41.74243494217019,-4.101304326512462,-3.8288283501248377,106.59008712768555,120.98831502932796,92.19185922604314
2025-04-23 04:00:00,104.50684469329865,104.78681586825162,102.0071592730487,102.69707489013672,247526000,0.0,0.0,106.00965881347656,116.15576461791993,103.60741812763953,113.92576317683903,44.62567625959433,-3.9381946148175757,-3.8507016030633854,105.69119987487792,118.5494020223202,92.83299772743565
2025-04-24 04:00:00,103.4669774804407,106.52658985205171,103.09702130913817,106.4166030883789,220815000,0.0,0.0,105.21975784301758,115.62867492675781,104.11817902959214,113.6312863106249,53.46400355771321,-3.4688078948000793,-3.7743228614107243,105.32474555969239,117.6219348392605,93.02755628012427
2025-04-25 04:00:00,106.83655988818872,111.90592192622726,105.71670563343305,110.99604034423828,251064700,0.0,0.0,105.56371536254883,115.22636703491212,105.36869926861871,113.52794333155092,63.06321642045471,-2.696212958195872,-3.558700880767754,105.30374870300292,117.55850731243771,93.04899009356814
2025-04-28 04:00:00,109.67619446115806,110.35610916663857,106.0066506499314,108.71631622314453,207708500,0.0,0.0,105.34374313354492,114.69548278808594,105.97735689671431,113.33925207239773,58.819791301806504,-2.2420357957790173,-3.295367863770007,105.25675468444824,117.44828247102554,93.06522689787094
2025-04-29 04:00:00,107.65645038374015,110.18613082106049,107.42648359585715,109.00627899169922,170444300,0.0,0.0,105.17476425170898,114.09921310424805,106.52807000489338,113.16933155942917,60.28792679598774,-1.8375177890346208,-3.0037978488229298,105.28875045776367,117.51794074992084,93.0595601656065
2025-04-30 04:00:00,104.45685864823317,108.90629577636719,104.06690832142748,108.90629577636719,235044600,0.0,0.0,104.84680557250977,113.48994613647461,106.96047469061588,113.00215368558361,43.83686721861132,-1.5076232221356207,-2.7045629234854682,105.22725791931153,117.3658519666113,93.08866387201175
2025-05-01 04:00:00,113.06577112138011,114.92553765737502,111.28599634849851,111.59595489501953,236121500,0.0,0.0,105.5587158203125,112.93787170410157,107.80328927323472,112.94700863497326,55.072825626649134,-1.017418224676831,-2.367133983723741,105.2867504119873,117.54330627220116,93.03019455177343
2025-05-02 04:00:00,114.1656362648126,115.38548400726445,113.35574060530446,114.485595703125,190194800,0.0,0.0,106.85955276489258,112.42599395751954,109.01825407866932,113.00734538274392,54.5362209098833,-0.39124731348928776,-1.9719566496768506,105.92167015075684,118.71862261681434,93.12471768469933
2025-05-05 04:00:00,112.89579778060671,114.65557085202862,112.64582923459892,113.80567932128906,133163200,0.0,0.0,108.55033950805664,112.01409332275391,109.8886950318729,113.0386525960202,53.906056384109775,0.049562746736143026,-1.567652770394252,106.89704742431641,118.91364342135145,94.88045142728137
2025-05-06 04:00:00,111.46598025800552,114.72556468927546,110.8060596179303,113.52571868896484,158525600,0.0,0.0,110.01515579223633,111.67957504272461,110.54997206043507,113.05775322711607,51.73575728199673,0.37202889451383214,-1.1797164374126352,107.69194793701172,119.2201700839284,96.16372579009504
2025-05-07 04:00:00,113.03578272910664,117.66519758488604,112.2658753138673,117.04527282714844,206758800,0.0,0.0,111.4499755859375,111.48843200683594,111.73093583620113,113.2141265447644,68.26504228737676,0.9011958202401757,-0.7635339858820731,108.72981719970703,119.65697500869622,97.80265939071784
2025-05-08 04:00:00,118.23512643493164,118.66507265437788,115.83542678286972,117.35523986816406,198428100,0.0,0.0,112.54383926391601,111.21050842285156,112.75353656928529,113.37652314568203,75.03154256556464,1.3302419696482275,-0.344778794776013,108.8817985534668,120.21315264757823,97.55044445935536
2025-05-09 04:00:00,117.33523143311392,118.21512557823269,115.19550133583151,116.63532257080078,132972200,0.0,0.0,113.10776748657227,111.14073806762696,113.4593158422881,113.50431920156905,85.42710099586192,1.593800484982836,0.04293706117575682,109.33574142456055,121.16022427809253,97.51125857102858
2025-05-12 04:00:00,121.95465837416761,122.98452758789062,120.26486852149502,122.98452758789062,225023300,0.0,0.0,114.53458862304687,111.10257278442383,115.19117252330675,113.87609207946402,87.40301373865006,2.2886185198990745,0.49207335292042037,109.9391658782959,123.2424854362952,96.6358463202966
2025-05-13 04:00:00,124.96428378706925,131.20349680462547,124.45434579721417,129.9136505126953,330430100,0.0,0.0,116.62532577514648,111.42014266967773,117.86798670319557,114.50501593959073,88.51157453138883,3.359661048152361,1.0655908919668087,110.90004501342773,126.93020303953645,94.869886987319
2025-05-14 04:00:00,133.18323739959362,135.4229610498005,131.66342437777934,135.32296752929688,281180800,0.0,0.0,119.26699295043946,111.80730728149415,121.04161958066852,115.32140619801059,89.03589107661278,4.592022665080819,1.7708772465896108,112.05689926147461,131.4619874227551,92.65181110019412
2025-05-15 04:00:00,134.27309347043854,136.28285028501523,132.64330897356982,134.8130340576172,226632600,0.0,0.0,121.58870086669921,112.15807876586913,123.54551312193192,116.08578376113242,86.13468265861282,5.464538952226036,2.509609587716896,113.57370834350586,135.10956943228706,92.03784725472465
2025-05-16 04:00:00,136.20286928250525,136.3328578150344,133.44322189103337,135.38296508789062,226542500,0.0,0.0,123.67843780517578,112.65481964111328,125.69777711574258,116.8425359700249,92.67200343793226,6.131324969330549,3.233952664039627,115.26899528503418,138.0949135201708,92.44307704989757
2025-05-19 04:00:00,132.3733402168265,135.85289804232983,132.3733402168265,135.55294799804688,193154600,0.0,0.0,125.85316467285156,113.11256942749023,127.48962636707063,117.57627761818263,92.6437566532729,6.597422907537947,3.906646712739291,117.20175209045411,140.02410706606295,94.37939711484526
2025-05-20 04:00:00,134.27309787247168,134.56306993057714,132.60330981084104,134.36309814453125,161514200,0.0,0.0,127.9369026184082,113.66069747924804,128.7393485084271,118.23458430549043,89.50961609052221,6.792498250781378,4.483817020347709,118.97602920532226,141.3124941111485,96.63956429949602
2025-05-21 04:00:00,133.04325269152105,137.3827028648009,130.57356230685332,131.78341674804688,270608700,0.0,0.0,129.41071701049805,114.12163955688476,129.29281546108524,118.76591106794362,81.43878788886921,6.662141120545627,4.919481840387292,120.43034629821777,142.08108088774205,98.7796117086935
2025-05-22 04:00:00,132.21336282687446,134.23311300774128,131.53345568577518,132.81329345703125,187344000,0.0,0.0,130.95652236938477,114.46339660644531,129.93290236943906,119.31678880869215,80.29750541817845,6.5662430366554645,5.248834079640927,121.75018081665038,143.01886836544574,100.48149326785504
2025-05-23 04:00:00,129.98365220977007,132.66330787048915,129.14376150329426,131.2734832763672,198821300,0.0,0.0,132.42033843994142,114.7775570678711,130.1766443525169,119.78567878781666,78.07777020166097,6.293446369205299,5.457756537553802,122.76405296325683,143.80626167549656,101.72184425101709
2025-05-27 04:00:00,134.13310453484723,135.64292419162265,133.2932139517279,135.48294067382812,192953600,0.0,0.0,133.67017974853516,115.05412200927735,131.1414255018462,120.40125768530731,81.33558149962099,6.343793771208979,5.634963984284838,124.10238418579101,144.78437578502047,103.42039258656153
2025-05-28 04:00:00,136.01289284806998,137.23274065219468,134.773043287045,134.7930450439453,304021100,0.0,0.0,134.15811920166016,115.35968368530274,131.80535632768238,120.96564150329313,77.55356290884936,6.255911386107712,5.759153464649413,125.39172248840332,145.31228927809218,105.47115569871445
2025-05-29 04:00:00,142.2321134030903,143.47196297724966,137.89266277883826,139.17250061035156,369241900,0.0,0.0,134.54307250976564,115.83482421875,133.14483710634948,121.67963597807973,80.07167233054325,6.465123506939875,5.900347473107505,126.90503273010253,146.13919124163706,107.670874218568
2025-05-30 04:00:00,138.7025513364048,139.6024320207408,132.9032778793795,135.11300659179688,333170900,0.0,0.0,134.57306976318358,116.18698028564454,133.50268610370355,122.20643482567648,73.32156746210195,6.231525235377362,5.9665830255614765,128.0808853149414,146.21852538397522,109.9432452459076
2025-06-02 04:00:00,135.4729551269194,138.10261378714853,135.38295485750098,137.3627166748047,197663100,0.0,0.0,134.771044921875,116.56393295288086,134.20450984390376,122.80079881975995,70.24212206423506,6.156956166155183,6.004657653680218,129.2247413635254,146.62273761909447,111.82674510795633
2025-06-03 04:00:00,138.76252943263086,141.9821253260672,137.93263208053457,141.2022247314453,225578800,0.0,0.0,135.33597259521486,117.03427368164063,135.4768216416386,123.52242336531624,67.4067228092895,6.334653906568917,6.070656904257959,130.5945686340332,147.17587007913093,114.01326718893549
2025-06-04 04:00:00,142.17211569309742,142.37208748278405,139.52243989492337,141.9021453857422,167120800,0.0,0.0,136.08987731933593,117.44442199707031,136.6450623223847,124.24319677788196,61.868699519772036,6.457520121121092,6.1480295476305855,132.01338996887208,147.24643903026518,116.78034090747897
2025-06-05 04:00:00,142.15211531599257,143.98188696027037,138.81253909953503,139.97239685058594,231397900,0.0,0.0,136.90877532958984,117.83037353515626,137.2500322366031,124.86002815328212,58.85383335131382,6.326252797853243,6.183674197675117,133.15974617004395,147.04071444798586,119.27877789210203
2025-06-06 04:00:00,142.4920575502711,143.2519716576077,141.49218341482276,141.70216369628906,153986200,0.0,0.0,137.79766235351562,118.38950302124023,138.0595106838187,125.52050405692945,60.429042920912686,6.289301078735349,6.204799573887164,134.3770923614502,146.59259523223955,122.16158949066084
2025-06-09 04:00:00,143.17198765195985,144.98175749406252,141.9221449149421,142.612060546875,185114500,0.0,0.0,138.9315200805664,119.01342468261718,138.8872470225562,126.19076117418223,61.372432373966305,6.261261719031779,6.2160920029160875,135.6759292602539,145.1693362162354,126.18252230427238
2025-06-10 04:00:00,142.6720500430919,144.27183958658884,141.51219232566982,143.94189453125,155881900,0.0,0.0,139.77741546630858,119.69913864135742,139.80627384231872,126.88688405093,65.36242495670909,6.27402377250155,6.227678356833181,136.7237976074219,144.84636692148726,128.6012282933565
2025-06-11 04:00:00,144.6018435649776,144.9818270127783,141.8619926278542,142.8219451904297,167694000,0.01,0.0,140.58030548095704,120.3882502746582,140.35457772379343,127.51178840934175,68.5731729421835,6.123182997775672,6.206779285021679,137.36921234130858,145.26144336683717,129.47698131578
2025-06-12 04:00:00,141.9619934165529,144.9918212890625,141.84200506767834,144.9918212890625,162365000,0.0,0.0,141.16223754882813,121.08536376953126,141.1977129174787,128.197279894821,69.73424982692117,6.10831856963037,6.187087141943418,137.85265502929687,146.37639818838278,129.32891187021096
2025-06-13 04:00:00,142.47195608609783,143.57190012016565,140.84205843661482,141.9619903564453,180820600,0.0,0.0,141.84713592529297,121.71648147583008,141.33667245183625,128.73707246194354,66.52197089416704,5.785366267260656,6.106742967006866,138.2101028442383,146.7964984512577,129.6237072372189
2025-06-16 04:00:00,143.3419182543515,146.17174515794912,143.19191756263837,144.6818389892578,183133700,0.0,0.0,142.57904815673828,122.57437423706055,141.94488454954924,129.362357423799,64.90581917855909,5.683378841329159,6.022070141871325,138.67504653930663,147.6165712917348,129.73352178687847
2025-06-17 04:00:00,144.48185167828373,145.2118062109318,143.77188503129375,144.1118621826172,139108000,0.0,0.0,142.87001190185546,123.57064880371094,142.33888048283433,129.94076937512523,65.15904740345358,5.493238077561585,5.916303729009377,139.10299224853514,148.23264691086808,129.9733375862022
2025-06-18 04:00:00,144.00186822839106,145.64177507521472,143.1119190601379,145.47178649902344,161494100,0.0,0.0,143.2269760131836,124.52753036499024,142.90849975850506,130.54982887018005,61.3634611996829,5.390150381017548,5.811073059411012,139.65842666625977,148.92455194451975,130.3923013879998
2025-06-20 04:00:00,145.4417889825313,146.1917466588846,142.6419439392267,143.84188842773438,242956200,0.0,0.0,143.61392517089843,125.47861038208008,143.07820678927402,131.0710861077312,67.25915279130417,5.117937093069486,5.672445866142707,140.26135025024413,148.91923808163165,131.60346241885662
2025-06-23 04:00:00,142.49196127355907,144.77183143330174,142.02198656661903,144.161865234375,154308900,0.0,0.0,143.85989532470703,126.0755354309082,143.2752355974742,131.58444999505056,64.55424562659599,4.87186571992973,5.512329836900111,140.82877883911132,148.89894894305706,132.75860873516558
2025-06-24 04:00:00,145.55178305584516,147.9516567694991,145.4917888831412,147.8916473388672,187566100,0.0,0.0,144.38785400390626,126.88223907470703,144.11458318681838,132.22394793010218,64.38695034641728,4.9210873963759525,5.39408134879528,141.65968704223633,148.97410806072298,134.34526602374967
2025-06-25 04:00:00,149.2615908362584,154.44129154756814,149.2515816348226,154.30130004882812,269146500,0.0,0.0,145.42379455566407,127.74994430541992,145.9667135253656,133.08972644456202,71.40888686782355,5.41488194713412,5.398241468463048,142.60060501098633,151.28307660549547,133.9181334164772
2025-06-26 04:00:00,155.9711982969104,156.71116205301092,153.99131424314706,155.01126098632812,198145700,0.0,0.0,146.6427261352539,128.63624816894531,147.61117670008605,133.94939446580776,77.10860473009583,5.796685023829156,5.47793017953627,143.61151580810548,153.13387523492852,134.08915638128244
2025-06-27 04:00:00,156.03119384319848,158.7010567029259,155.25123904977087,157.74110412597656,263234500,0.0,0.0,147.91765441894532,129.54735260009767,149.4529816866116,134.88240268777517,77.90521347145307,6.247524664586933,5.631849076546403,144.53994598388672,155.71707084990544,133.362821117868
2025-06-30 04:00:00,158.39105963903748,158.65105473929458,155.95121007936535,157.98109436035156,194580300,0.0,0.0,149.51956481933593,130.61743743896486,151.00354762729157,135.78823373375857,77.37787763653671,6.5486942631981435,5.815218113876751,145.68335037231446,157.462532568498,133.90416817613092
2025-07-01 04:00:00,156.28118836420296,157.19114075936278,151.4814709885328,153.29136657714844,213143600,0.0,0.0,150.380517578125,131.65372024536134,151.41951470908373,136.47463110016602,64.874317916221,6.335915017145709,5.919357494530543,146.47978286743165,158.04216519171268,134.91740054315062
2025-07-02 04:00:00,152.97137110311218,157.5911210146133,152.9613771597412,157.2411346435547,171224100,0.0,0.0,151.69344482421874,132.86058670043946,152.47799106080572,137.28900378814205,71.04496119611463,6.4120846841724415,6.017902932458924,147.2817283630371,159.50864426649267,135.05481245958154
2025-07-03 04:00:00,158.36106240246136,160.97091579811564,157.76110539966962,159.3310089111328,143716100,0.0,0.0,153.0793670654297,134.06965576171876,153.72399430631972,138.1533961459064,70.97718507089401,6.565403200377119,6.127402986042563,148.15317153930664,161.22117165973827,135.085171418875
2025-07-07 04:00:00,158.19107281354107,159.3010108082469,157.33112071622008,158.2310791015625,140139000,0.0,0.0,154.5182861328125,135.18033584594727,154.54346426909112,138.9407562618145,75.22483752599467,6.522961446778282,6.206514678189707,149.06610565185548,162.27806316568805,135.8541481380229
2025-07-08 04:00:00,159.32102164925746,160.21097087662494,158.3810721884118,159.99098205566406,138133000,0.0,0.0,156.1011978149414,136.25182342529297,155.533922048468,139.7662553125537,74.46471696714563,6.555764736487845,6.276364689849335,149.9805465698242,163.5726603116749,136.38843282797353
2025-07-09 04:00:00,161.2109090473586,164.41072552837133,161.15091487239096,162.87081909179688,183656400,0.0,0.0,157.59911499023437,137.28931900024415,156.86790332907324,140.67231663722993,77.91671946238742,6.736486339723996,6.368389019824267,150.9934844970703,165.2754942730487,136.71147472109192
2025-07-10 04:00:00,164.31074810125853,164.4907306346819,161.6008940928153,164.09075927734375,167704100,0.0,0.0,158.57806091308595,138.3968078613281,158.18114986512242,141.59068693684225,77.82432598215267,6.898625430112503,6.474436301881915,152.000927734375,167.0125016095136,136.98935385923642
2025-07-11 04:00:00,163.71077623333997,167.88053943905462,163.4607903198708,164.91070556640625,193633300,0.0,0.0,159.56800537109376,139.51489639282227,159.40470544717402,142.50519747133495,82.26649679290045,7.012449487748228,6.5820389390551775,153.10536575317383,168.5183670311415,137.69236447520615
2025-07-14 04:00:00,165.36067502496692,165.48067863727533,162.0108729824689,164.06076049804688,136975800,0.0,0.0,160.1999710083008,140.61798568725587,160.25126091096908,143.3505136684609,79.9879964679262,6.953912040411382,6.656413559326419,154.05881271362304,169.71581207655527,138.40181335069082
2025-07-15 04:00:00,171.18034650685541,172.39026971263084,169.19045325951484,170.69036865234375,230627400,0.0,0.0,161.4708984375,141.79987396240233,162.1492805003099,144.42266484429945,81.59649602880728,7.357660137679289,6.7966628749969935,155.49523162841797,171.7396301371033,139.25083311973265
2025-07-16 04:00:00,171.05035621730414,171.74031976856003,168.89047429804987,171.36033630371094,158831500,0.0,0.0,163.27779541015624,142.93736877441407,163.82401791911008,145.47904411721754,78.11474127711497,7.643583728665732,6.9660470457307415,156.82915649414062,173.70403516884917,139.95427781943206
2025-07-17 04:00:00,172.01030913929756,174.15018791751396,170.82037376702192,172.99024963378906,160841100,0.0,0.0,164.8527069091797,144.12106018066407,165.49060550359715,146.55791492178898,78.7588410655995,7.910513147038358,7.154940265992265,158.27307586669923,175.5044460515966,141.04170568180186
2025-07-18 04:00:00,173.63021019833226,174.24017641906912,171.2503394915346,172.40028381347656,146456400,0.0,0.0,166.15963439941407,145.29855148315428,166.74691065084795,147.57134115283554,75.17174990488907,7.982434783777876,7.320439169549388,159.61950073242187,176.84749728117566,142.39150418366808
2025-07-21 04:00:00,172.7402639749064,173.37023335124513,170.99036260323587,171.37034606933594,123126100,0.0,0.0,167.47356109619142,146.38505294799805,167.58753527239122,148.50463546328655,72.38386627402723,7.865655450821521,7.4294824258038155,160.99592361450195,177.2897834605147,144.70206376848918
2025-07-22 04:00:00,171.33033873133073,171.38033896465845,164.5707252526767,167.0205841064453,193114300,0.0,0.0,168.17652130126953,147.37835983276366,167.48445324221922,149.2307510963516,73.21611032785836,7.337535013991811,7.411092943441415,162.13885955810548,176.56005621851293,147.71766289769803
2025-07-23 04:00:00,169.52044095634585,171.25033914956657,167.96053134785282,170.77037048339844,154082200,0.0,0.0,168.9664764404297,148.46106079101563,168.08189274061544,150.0754420527064,73.03372712998822,7.1392750663295885,7.3567293680190495,163.28279571533204,176.52713880574277,150.03845262492132
2025-07-24 04:00:00,172.43027959809626,173.82020061413024,171.29034448608226,173.73020935058594,128984600,0.0,0.0,169.9304214477539,149.47597442626954,169.1088593969737,151.0030799859566,73.80955504779745,7.138696440713687,7.313122782557977,164.2542411804199,177.5747202688033,150.93376209203652
2025-07-25 04:00:00,173.60021352539138,174.71015156060187,172.9502562716434,173.49021911621094,122316800,0.0,0.0,170.7883728027344,150.34750579833985,169.90547025501684,151.8849285792999,75.97004994964523,7.037745915443793,7.258047409135141,165.17818908691407,178.36202317358428,151.99435500024387
2025-07-28 04:00:00,174.0101941822023,176.9900219174052,173.96019394928393,176.7400360107422,140023500,0.0,0.0,172.0563003540039,151.17584716796875,171.14811857423962,152.85963867465057,77.12990031547488,7.137696043466235,7.233977136001361,166.12813568115234,179.78507636310096,152.47119499920373
2025-07-29 04:00:00,177.94996552058157,179.36988356772682,175.01012896550742,175.50009155273438,154077500,0.0,0.0,172.53727264404296,151.9895883178711,171.9393863885114,153.74749957183033,71.60448131307066,7.0357503346573935,7.194331775732568,167.00408554077148,180.70806612420978,153.3001049573332
2025-07-30 04:00:00,176.50004870661488,179.87986313645385,176.03007396904806,179.25990295410156,174312200,0.0,0.0,173.32722930908204,152.8671270751953,173.27038940043687,154.74798597897822,73.87470382518805,7.175626824620991,7.1905907855102535,168.30251235961913,181.44540159748192,155.15962312175634
2025-07-31 04:00:00,182.88968537366165,183.28967198380855,175.92007699286586,177.85997009277344,221685400,0.0,0.0,173.81420135498047,153.71326751708983,174.10485861722532,155.65433829716628,70.01542000770765,7.091767586228713,7.170826145653946,169.33345413208008,182.0508512986923,156.61605696546786
2025-08-01 04:00:00,174.08017933113513,176.53003812303805,170.88036283204175,173.710205078125,204529000,0.0,0.0,173.9451934814453,154.50020965576172,174.03310342829798,156.3624115042627,63.534326671603395,6.614212653713196,7.059503447265796,170.0524139404297,181.99082501445238,158.114002866407
2025-08-04 04:00:00,175.150129411279,180.18983857913796,174.5101661001552,179.98985290527344,148174600,0.0,0.0,174.80714416503906,155.46433837890626,175.11614878774805,157.2889778337141,63.172790327217236,6.665624853438345,6.980727728500306,171.14035263061524,182.4943076943941,159.78639756683637
2025-08-05 04:00:00,179.6098628583566,180.24982614601393,175.8900714807458,178.24993896484375,156407600,0.0,0.0,175.9300796508789,156.3730712890625,175.68592881994726,158.11097630944468,59.47206004829206,6.4911469764544165,6.882811578091129,172.0533004760742,182.5353822531346,161.57121869901383
2025-08-06 04:00:00,176.32005948301483,179.88985025482887,176.2400621628547,179.40988159179688,137192300,0.0,0.0,176.79403076171874,157.3357992553711,176.36301114210173,158.94622749698792,58.941475762077516,6.373005635936721,6.780850389660248,172.88025360107423,182.9120553936927,162.84845180845576
2025-08-07 04:00:00,181.5597693442696,183.86963665167795,178.78992126086553,180.7598114013672,151878400,0.0,0.0,177.4969909667969,158.24133666992188,177.16242937105906,159.80166215990477,61.402044605023264,6.315504620215506,6.6877812357713005,173.71370620727538,183.43579532602055,163.9916170885302
2025-08-08 04:00:00,181.5397681998595,183.2896695438941,180.3898238761652,182.689697265625,123396700,0.0,0.0,178.41693878173828,159.19926971435547,178.16738717007104,160.69923216405067,65.0691740753937,6.352433413363713,6.620711671289783,174.60265579223633,184.18593396842252,165.01937761605015
2025-08-11 04:00:00,182.0397344504628,183.82962677132744,180.23983292857787,182.0497283935547,138323200,0.0,0.0,178.94790802001953,160.05681427001954,178.8732673925226,161.536506525992,72.20081919546458,6.257922177022806,6.548153772436388,175.50210418701172,184.26066070709575,166.7435476669277
2025-08-12 04:00:00,182.94968779347354,184.46959107996432,179.4498851930147,183.14967346191406,145485700,0.0,0.0,179.7128662109375,161.01754760742188,179.65079576877557,162.38408169994972,69.8396861216836,6.200304465376689,6.478583911024448,176.12506942749025,185.20893930350334,167.04119955147715
2025-08-13 04:00:00,182.60969839497247,183.95962838065756,179.33989375414814,181.5797576904297,179871700,0.0,0.0,179.94485168457032,161.90188842773438,180.00151611816722,163.13685330741953,63.16666700793028,5.959268197098197,6.374720768239198,176.63604049682618,185.74108132475448,167.5309996688979
2025-08-14 04:00:00,179.73985890356857,183.0096786896392,179.44988197821397,182.00973510742188,129554000,0.0,0.0,180.35982818603514,162.71803863525392,180.36664684348625,163.87696631918433,64.19995167792062,5.736810422485092,6.247138699088378,177.0870147705078,186.32424660821798,167.84978293279764
2025-08-15 04:00:00,181.86974661621798,181.88973450248375,178.02995160113952,180.4398193359375,156602200,0.0,0.0,181.0327896118164,163.48879211425782,180.37995093302283,164.52648996690016,56.53245008704761,5.371907940120138,6.07209254729473,177.48899154663087,186.56579589886678,168.41218719439496
2025-08-18 04:00:00,180.58981649127065,182.92968080449612,180.5798072904055,181.99972534179688,132008000,0.0,0.0,181.23377685546876,164.32933868408202,180.67445537098175,165.2117148835628,61.3477368995924,5.149234304089418,5.887520898653668,178.0204605102539,186.82960054403088,169.21132047647694
2025-08-19 04:00:00,182.41970688751834,182.4897102645763,175.48011099603517,175.63009643554688,185229200,0.0,0.0,180.97179260253907,165.0078973388672,179.75729920090268,165.62027886599355,44.19198910877407,4.407975624602784,5.591611843843491,178.450936126709,185.7001085371602,171.2017637162578
2025-08-20 04:00:00,175.1601234390134,175.99007848098316,168.79048741289236,175.39010620117188,215142700,0.0,0.0,180.56981506347657,165.66345825195313,178.96326411004253,166.00340934972604,45.8956451975258,3.7578395393613846,5.224857382947071,178.68192291259766,185.15332349881876,172.21052232637655
2025-08-21 04:00:00,174.8401410010552,176.89001313294924,173.80019113380274,174.97012329101562,140040900,0.0,0.0,179.9908462524414,166.28402282714845,178.23723850658308,166.35504519056093,52.38996106363543,3.1721463681841726,4.814315179994491,178.74391860961913,185.03688027955283,172.45095693968543
2025-08-22 04:00:00,172.60026380920357,178.57992220965232,171.19033968434712,177.97996520996094,172789400,0.0,0.0,179.519873046875,166.98718322753905,178.19046154356087,166.810924407008,45.64747307592668,2.9172214855175014,4.434896441099093,178.96840591430663,184.77368240134302,173.16312942727023
2025-08-25 04:00:00,178.3399565343825,181.89975349617023,176.56005805348863,179.79986572265625,163012800,0.0,0.0,179.29488677978514,167.68334411621095,178.48308048521457,167.32029465468048,53.344867510633,2.8294265729250867,4.113802467464292,179.12139739990235,184.8400360265327,173.402758773272
2025-08-26 04:00:00,180.04984011627135,182.379710508586,178.79991063056144,181.75975036621094,168688200,0.0,0.0,179.15589447021483,168.47929931640624,179.0788386453957,167.88654781983854,54.90195828778892,2.8847412816570284,3.8679902303028393,179.43438034057618,185.00169691402016,173.8670637671322
2025-08-27 04:00:00,181.96973565618129,182.47971666734583,179.0899084065932,181.5897674560547,235518900,0.0,0.0,179.15689544677736,169.2174578857422,179.5353711564246,168.4239289820431,51.82097942928003,2.8816445816293594,3.6707211005681435,179.55087356567384,185.19972353744106,173.90202359390662
2025-08-28 04:00:00,180.80980830742462,184.45959632874283,176.40005338826177,180.1598358154297,281787800,0.0,0.0,178.97190551757814,169.93841735839842,179.64891018533459,168.88416062256806,44.324807611604434,2.7323105167529036,3.4830389838050957,179.66586685180664,185.26318509815204,174.06854860546125
2025-08-29 04:00:00,178.099952232122,178.13994326196564,173.14022534545884,174.170166015625,243257900,0.0,0.0,178.34494018554688,170.51238494873047,178.65277488175101,169.09145495170756,35.74530106580026,2.106365034409407,3.207704193925958,179.68886489868163,185.18603368541562,174.19169611194764
2025-09-02 04:00:00,169.99041567915194,172.37028638119727,167.2105736316213,170.77037048339844,231164900,0.0,0.0,177.22200469970704,171.05095458984374,177.2196104456869,169.15729477647974,29.325323974357275,1.3207389868753978,2.830311152515846,179.2278907775879,186.01392307668297,172.44185847849283
2025-09-03 04:00:00,171.0503597309562,172.40028977270214,168.8704898798795,170.61038208007812,164424900,0.0,0.0,176.72003326416015,171.57992492675783,176.01793256103073,169.21427859230712,30.774637001728152,0.6774062395468547,2.399730169922048,178.8459129333496,186.64774184395966,171.04408402273955
2025-09-04 04:00:00,170.56039467979372,171.85031526705663,169.40045639085815,171.65032958984375,141670100,0.0,0.0,176.34605560302734,172.05509857177734,175.22382292990582,169.30981000397523,32.22377111161849,0.24860965778017885,1.9695060674936742,178.45793533325195,186.8881237535303,170.0277469129736
2025-09-05 04:00:00,168.02052717453523,169.02047080600087,164.06075893837155,167.01058959960938,224441400,0.0,0.0,175.55010223388672,172.30928436279297,173.7305077789428,169.21964449792168,29.15246191484161,-0.46029694718711767,1.483545464557516,177.77047424316407,187.54546274186796,167.99548574446018
2025-09-08 04:00:00,167.5405549408978,170.95036631358883,167.34056927044318,168.30050659179688,163769100,0.0,0.0,174.5821563720703,172.57506927490235,172.74323483582535,169.1835998741521,28.553553529641647,-0.9075631944691906,1.0053237327521747,177.05101470947267,187.40265828578578,166.69937113315956
2025-09-09 04:00:00,169.08046220477644,170.97035502688004,166.7306038641957,170.7503662109375,157548400,0.0,0.0,173.67720642089844,172.83525451660157,172.38089508584574,169.24504169128093,41.29192861841962,-1.0522124705055376,0.5938164921006323,176.4860466003418,186.922024310999,166.0500688896846
2025-09-10 04:00:00,176.63004377208136,179.2798883121013,175.46011154547278,177.32000732421875,226852000,0.0,0.0,173.2332321166992,173.22203277587892,173.27891549282265,169.56170701021966,52.80932868243777,-0.6294767151098029,0.34915785065854527,176.19456329345704,186.16201625816265,166.22711032875142
2025-09-11 04:00:00,179.67999267578125,180.27999877929688,176.47999572753906,177.1699981689453,151159300,0.01,0.0,172.79125518798827,173.69960540771484,173.9863850702995,169.86007136938537,53.22769498460381,-0.30306650642998534,0.21871297924083916,175.9740753173828,185.63018239957867,166.31796823518695
2025-09-12 04:00:00,177.77000427246094,178.60000610351562,176.4499969482422,177.82000732421875,124911000,0.0,0.0,172.5572723388672,174.11118286132813,174.6834072982848,170.1722257205553,49.747845877858595,0.00797431909799684,0.1765652472122707,175.76458892822265,185.04379606139335,166.48538179505195
2025-09-15 04:00:00,175.6699981689453,178.85000610351562,174.50999450683594,177.75,147061600,0.0,0.0,172.91525573730468,174.47956268310546,175.24096960768756,170.46939333935705,46.57995283114937,0.24599176828797908,0.1904505514274124,175.63009796142578,184.69959368467968,166.56060223817187
2025-09-16 04:00:00,177.0,177.5,174.3800048828125,174.8800048828125,140737800,0.0,0.0,173.3262191772461,174.81254119873046,175.17533965771025,170.64235849792394,38.85997253481698,0.20072387134450764,0.19250521541083146,175.27411193847655,183.83560210504507,166.71262177190803
2025-09-17 04:00:00,172.63999938964844,173.1999969482422,168.41000366210938,170.2899932861328,211843800,0.0,0.0,173.29418029785157,175.01852142333985,174.28709486287798,170.6285402543243,33.99398441376998,-0.2031846524500054,0.11336724183866409,175.00710678100586,183.85029826954786,166.16391529246386
2025-09-18 04:00:00,173.97999572753906,177.10000610351562,172.9600067138672,176.24000549316406,191763300,0.0,0.0,173.7531478881836,175.2859051513672,174.64216952292998,170.84859771467094,45.07789076439174,-0.04267685654346565,0.08215842216223815,175.04960174560546,183.90869643414737,166.19050705706354
2025-09-19 04:00:00,175.77000427246094,178.0800018310547,175.17999267578125,176.6699981689453,237182100,0.0,0.0,174.71908874511718,175.5374899291992,175.0108656403873,171.07688792856405,53.64843913195881,0.11786487058571993,0.08929971184693451,175.13459548950195,184.02304799635917,166.24614298264473
2025-09-22 04:00:00,175.3000030517578,184.5500030517578,174.7100067138672,183.61000061035156,269637000,0.0,0.0,176.25003814697266,175.91147583007813,176.57434472583535,171.5683825435361,66.98402715319368,0.7959206649946964,0.23062390247648692,175.41609725952148,185.0124045649665,165.81978995407647
2025-09-23 04:00:00,181.97000122070312,182.4199981689453,176.2100067138672,178.42999267578125,192559600,0.0,0.0,177.01800079345702,176.1988604736328,176.91173526218913,171.83746529382023,59.130973032532296,0.9048706326144327,0.3654732485040761,175.34760360717775,184.83105848575,165.8641487286055
2025-09-24 04:00:00,179.77000427246094,179.77999877929688,175.39999389648438,176.97000122070312,143564100,0.0,0.0,176.98300018310547,176.324453125,176.92232907282803,172.03874121252153,56.15144594180661,0.8634518229927153,0.4650689634018039,175.10811614990234,184.14098089539524,166.07525140440944
2025-09-25 04:00:00,174.47999572753906,180.25999450683594,173.1300048828125,177.69000244140625,191586700,0.0,0.0,177.03500061035157,176.4510464477539,177.06190604893317,172.26035929992878,63.58031542509429,0.878597276672906,0.5477746260560243,174.91312789916992,183.51495134090828,166.31130445743156
2025-09-26 04:00:00,178.1699981689453,179.77000427246094,174.92999267578125,178.19000244140625,148573700,0.0,0.0,177.0720001220703,176.55504150390624,177.26701448392828,172.49289432508476,62.83365385224659,0.9203369081696735,0.6222870824787542,174.81463623046875,183.2060471477094,166.4232253132281
2025-09-29 04:00:00,180.42999267578125,184.0,180.32000732421875,181.85000610351562,193063500,0.0,0.0,177.48200073242188,176.74403594970704,178.10028568748962,172.85983988502323,63.965435151552384,1.2345168328648128,0.744733032555966,175.1986282348633,184.15004131729313,166.24721515243345
2025-09-30 04:00:00,182.0800018310547,187.35000610351562,181.47999572753906,186.5800018310547,236981000,0.0,0.0,178.6520004272461,177.0482290649414,179.6420522590469,173.39788545153428,62.216338804348304,1.8439222241206608,0.964570870868905,175.9891098022461,186.02101687679297,165.95720272769924
2025-10-01 04:00:00,185.24000549316406,188.13999938964844,183.89999389648438,187.24000549316406,173844900,0.0,0.0,180.3470016479492,177.45261749267578,181.02349830161364,173.94071368846093,63.108563347158,2.3530130965934006,1.2422593160138042,176.8205909729004,187.69654930763087,165.9446326381699
2025-10-02 04:00:00,189.60000610351562,191.0500030517578,188.05999755859375,188.88999938964844,136805800,0.0,0.0,181.61200103759765,177.81501007080078,182.45377122671087,174.52696018654672,64.04464190647656,2.856681947434396,1.5651438422979227,177.6825744628906,189.52308865060613,165.8420602751751
2025-10-03 04:00:00,189.19000244140625,190.36000061035156,185.3800048828125,187.6199951171875,137596900,0.0,0.0,182.70700073242188,178.0928057861328,183.39308466134298,175.04041253676792,62.15216850566127,3.11742863279801,1.8756008003979403,178.71304473876953,190.22562939199528,167.20046008554377
2025-10-06 04:00:00,185.5,187.22999572753906,183.3300018310547,185.5399932861328,157678100,0.0,0.0,182.9,178.33380126953125,183.78343168403202,175.4521608014489,63.38521139848524,3.1202650221834176,2.124533644755036,179.57501907348632,190.36379888226514,168.7862392647075
2025-10-07 04:00:00,186.22999572753906,189.05999755859375,184.0,185.0399932861328,140088000,0.0,0.0,183.56100006103514,178.49980041503906,184.01189742986853,175.82815423222084,70.64091164937508,3.047042648941982,2.3090354455924254,180.28950042724608,190.49446494946687,170.0845359050253
2025-10-08 04:00:00,186.57000732421875,189.60000610351562,186.5399932861328,189.11000061035156,130168900,0.0,0.0,184.775,178.7719985961914,184.93882528086544,176.34901095293185,69.01032909393011,3.279623508887738,2.5031530582514883,180.87900009155274,191.70493694301086,170.05306324009462
2025-10-09 04:00:00,192.22999572753906,195.3000030517578,191.05999755859375,192.57000732421875,182997200,0.0,0.0,186.26300048828125,179.03820068359374,186.3263129251115,176.9851284576882,71.55639977178028,3.7004822850638277,2.7426189036139563,181.6490005493164,193.50577083054853,169.7922302680843
2025-10-10 04:00:00,193.50999450683594,195.6199951171875,182.0500030517578,183.16000366210938,266534400,0.0,0.0,186.76000061035157,179.14420135498048,185.75062033183838,177.22728042648905,49.42821257439868,3.2373886433803705,2.841572851567239,181.91600036621094,193.64958168676407,170.1824190456578
