Date,Title,Source,Link,Sentiment_Positive,Sentiment_Neutral,Sentiment_Negative
2019-01-08 08:00:00,Transforming Paintings and Photos Into Animations With AI | NVIDIA Technical Blog - NVIDIA Developer,NVIDIA Developer,https://news.google.com/rss/articles/CBMilwFBVV95cUxQeG5sdWxDblJFdmQ4VVRsaHBlN3RienJqYS1MbnJtUkNscVNtZjlUZHZLYnl4b1VCTFhOZXFlRzN5S2dQZ0d1dDg5WEttZ2J5VGVOM3JoNHB0ak5VdGxWdUd2TzR1YTRfeUtURjh0RkxaSmtKblp5UGhpVTJ6eGhWWElLb0pkRUZNVHhfYkk2ZUVrLUN3cERv,0.05740246,0.94257224,2.5279e-05
2019-01-09 08:00:00,"CES 2019: Moore's Law is dead, says Nvidia's CEO - CNET",CNET,https://news.google.com/rss/articles/CBMingFBVV95cUxPd2R0WnhQUFpld0VGR2tyN2psSV84YWNMVVduMzRmb1llVnlkNUdYMGdBZmN2V21ibmFpT1AwQUttZUtOTHQ0aXdqMDBXOXJ3V0hRSWJXdzZPczFnRnB3RnNob3UtemxrUVpKZnJzZkJNcEVYX29xNzcwMFFMa0lVQlFoeXd4OGZxbzZPdkJwVFpFUjg0My1abWp5aEYwdw,0.99933785,2.7286524e-05,0.00063482195
2019-01-09 08:00:00,"NVIDIA RTX Top 3: Week of January 9, 2018 | NVIDIA Technical Blog - NVIDIA Developer",NVIDIA Developer,https://news.google.com/rss/articles/CBMif0FVX3lxTE9Ma0g1ZXZhZDZRNHNxcVd3YkFLSndVa3U3X0RTY0N1U1ZFeU9JYWRhM3kyZFdvS0lWTFBJdXlmNkRzSTZZZHA1ekpkNkRJcFJwMEFVWHJOZDd0ZGx2b1U1QnMwaW9jZUE2RGtvNEthNEhEV3gtRFZVcmdpUS0tVGc,0.9999951,3.9233055e-06,9.938522e-07
2019-01-11 08:00:00,NVIDIA Opens Robotics Research Lab in Seattle | NVIDIA Technical Blog - NVIDIA Developer,NVIDIA Developer,https://news.google.com/rss/articles/CBMihwFBVV95cUxPaERIVTlEU3p4UEVZdnB3U2FNRXV2OHVJYUhLWXF3dXBmTmdJUDBGLTNkbVgyc2RJcnFfWno2TVdKX0dwcktReXkzLWlJSHQ0Z3ktaDR0bU9kd0JJTFRlQmdjRTQtSF9XZm5LWWw3QWJYd1BQVE9rbkV5NWo0NlhRNHV3akxlXzA,0.9999933,4.0138516e-06,2.5939062e-06
2019-01-17 08:00:00,GTX 1060 vs RTX 2060: How much faster is Nvidia's new graphics card? - Rock Paper Shotgun,Rock Paper Shotgun,https://news.google.com/rss/articles/CBMibEFVX3lxTE5LVVhNREFGeWxFNk01VmdoSTNnbkpzYTNsbEJYai1LcXpkOGR5cGdrMUd4X3RwUkREc0lRYWRUSWhaZjQzRjNRN0gxVDN0T19xaWRNMk94eTB1c3RVMFhOUUR1RkdUT2d0dDNxbw,0.7756324,0.22414325,0.00022429926
2019-01-21 08:00:00,RTX 2060 vs GTX 1070: Which Nvidia graphics card is better? - Rock Paper Shotgun,Rock Paper Shotgun,https://news.google.com/rss/articles/CBMiY0FVX3lxTE9rYVBVOGFMX3NGZU5zTXBlZW9JYVZKS21NYXRXUzNiNnFITGoxM0dGVURreWZuZlFyYjNlM2RFU1JzVGdENUhSb1oydmJ6MlRuVnRoNGJ5WGxQZ2xpb2RKbzFEZw,9.9114695e-06,0.9999888,1.3230324e-06
2019-01-22 08:00:00,Setting Up GPU Telemetry with NVIDIA Data Center GPU Manager | NVIDIA Technical Blog - NVIDIA Developer,NVIDIA Developer,https://news.google.com/rss/articles/CBMibEFVX3lxTE5kZFhaVlZ5V3dkcFZZc2NLUnFIM0t0d0tzMW1PRm9XTDkzZXVzN2JRZHhOUkJtbW1FTTBiNndEbWJJdzZBOXhlMGtGOHM3bmtNVjVTaTVuUmxuSHItUlVTSm1DblM4UjVIMFZTXw,0.99999917,4.2620988e-07,3.986832e-07
2019-01-23 08:00:00,Using Tensor Cores for Mixed-Precision Scientific Computing | NVIDIA Technical Blog - NVIDIA Developer,NVIDIA Developer,https://news.google.com/rss/articles/CBMijAFBVV95cUxQU0dla2hDem94Qno1aGZzeUFvMkExSG5jbHB6VGJMUDN4WDVRSTVmQWd6ODhSTEJlWjRjSXZDMGQta0I3QTJ2WFRrajNhc2dIRFJMdENIRFhuNXRmZ0luZFNHb3dFdWlraEFfWDA1VW0zbFh4cnVOS1NOZEFZYVB4MUJucFRGWGY5UG10Ng,0.9999902,7.3778356e-06,2.3987166e-06
2019-01-28 08:00:00,Nvidia Shield TV (second generation) review: Still the best media streamer for geeks - TechHive,TechHive,https://news.google.com/rss/articles/CBMiwwFBVV95cUxONUlXX3RvbHQtSlR5dU1jRzlIYkpZMXQ1QWx0T05OYy1RVy1tSzdvanZfWHBHcFVZY3lERlFsQm1JSmViSkZGSjZMc0xLejlkWkc3bW1RSmxrX3hMWVVfZW1NeEhneVFGM0xSemduWUNmckdEWmtKYlJicU1QY3lUQTE5Y3g2bnpZR0pxVFltdXJQTTkzeU9DM2RUSlppbG1MR09VX0dNREZkdmhydEh0QzBRTkZZRzJ0c3VXdnRVbVYzZVE,0.00032106193,0.99963784,4.115531e-05
2019-01-28 08:00:00,Fast AI Data Preprocessing with NVIDIA DALI | NVIDIA Technical Blog - NVIDIA Developer,NVIDIA Developer,https://news.google.com/rss/articles/CBMihAFBVV95cUxQam9LT1FVU0psb3FLY2RnVE1sRXl2eUh2U0Y1TXRIQU5GejJ2N2lLUktieGJYOEY4VExnTXN3NnBQUkRYSF91eDFFM3RaX2dZdWdzMmcySG1oUGNia0xsYkZkNHpodzZlWGJiX0c1SEdfSmc2UXg3UHNmWWFncC14QlhfOWI,0.9635407,0.036424357,3.501641e-05
2019-02-04 08:00:00,Massively Scale Your Deep Learning Training with NCCL 2.4 | NVIDIA Technical Blog - NVIDIA Developer,NVIDIA Developer,https://news.google.com/rss/articles/CBMiigFBVV95cUxNWXZlcjFQS0pJYkdhYWdsYlp5NG4tZ3FIVmMzejItTFpHMVFuZ2FHMVlwU0lXTWZYSmlaY2JFaGw2YkdLYXE4Ykx0ZEpFZTRQT1RJdkJoU20wX19iYzhkajBEQ19KLVNyTjl2bXFva25qUkpFNThyTU5BTmEyTTVWZVpQTnB5YWMxNEE,0.8651368,0.13478938,7.377569e-05
2019-02-13 08:00:00,An Introduction to the NVIDIA Optical Flow SDK | NVIDIA Technical Blog - NVIDIA Developer,NVIDIA Developer,https://news.google.com/rss/articles/CBMiiAFBVV95cUxQUG01c0hqSExCalRMRWVneDB2UXpJRmc0cVRzWVd6YXhXZmFNVEpKOVNabVRRdmxwMllDVWdPeW0tZ3diUUpMeHdCZG00WWdRUS1MRG02UTRwb2F0ZzVtVlprSm9tblAxUm9NNFA0dFdjQ0FyMDJOVW1pRXV3SDBOVWNiWkVBdnBL,0.99615127,0.0037679367,8.069517e-05
2019-02-22 08:00:00,Nvidia GTX 1660 Ti vs RTX 2060: Which one should you buy? - Rock Paper Shotgun,Rock Paper Shotgun,https://news.google.com/rss/articles/CBMicEFVX3lxTE9WZk84Q21NbEVTMU91bjRSN0RscldqVTFGZkhETnR2VU9PZF9rdDNkaGN3bnBqSXRXZ3FjLTdKTlZBbHBMVUNxQ1puYlowQnNxenNNajluY3ZGdUFzeHZna2dVVmdWV1B6VThlbS1JZm4,0.9997514,3.9827974e-05,0.00020883375
2019-03-01 08:00:00,Nvidia Quadro RTX 4000 review - AEC Magazine,AEC Magazine,https://news.google.com/rss/articles/CBMib0FVX3lxTFBhRTNTd1V1WU5rQUtzNmFfUE5RcFJHeXF2TERCTUN4UDh5Qmp6TWR3amRRd005VndFejlvZnNHX21uajZyS3BMYnhaWkhXQzJrU2V6WGlLc2dyVC1RUnk2R1BFVUR5LUtmYmJKS0pRTQ,0.9999927,1.2899328e-06,5.910349e-06
2019-03-04 08:00:00,Nvidia Quadro RTX 4000 review - develop3d,develop3d,https://news.google.com/rss/articles/CBMiqgFBVV95cUxOT3RLVnBFSnZNMDVNUWUzVjRzUXY4T0RHZFVKbEozczF4VVZGRFJ5cDlHUlhtSkZ3WGNQeXdXNmJLWmpnYlZhcjJ3UnY0dGY0TnNRMVRSanNYWTNwMzVvU1JwcDJOOGFWQndyQTQ5dUxtVHduX0N6RTlodG9vZWc4X2NHLURzTkJOaUNleWVQNUNpVEtqX0YwWEdpd3pVeW9xcHMtV3FKa1VDZw,0.99990463,7.857522e-05,1.6806805e-05
2019-03-08 08:00:00,GTC 2019 Silicon Valley Preview: CUDA Training and Posters | NVIDIA Technical Blog - NVIDIA Developer,NVIDIA Developer,https://news.google.com/rss/articles/CBMilwFBVV95cUxNSzRKNU1FdXdKYUxfWkJoVWgwYWRubHE4WlZ4NlpGeXNyR29CRWNiOXdoTFBSaERVS0dza25DX19XSmt1N2M2ZXZwVGgzZHpocVgzVkFFYXlkWkRIbUdUM1V4YnowZVlRWVc2NGdhNTFIZjJNVndkNHhtNDBGQ0NIelBOUDJjbG04NmllWUlqTEMyNHBoWklB,0.9996954,0.00030254445,1.972671e-06
2019-03-11 07:00:00,NVIDIA to Acquire Mellanox for $6.9 Billion - NVIDIA Newsroom,NVIDIA Newsroom,https://news.google.com/rss/articles/CBMiggFBVV95cUxNTkJiV2x1VkctNFhLUWtWcFRqOWMzYUNVd1A4TkNqNGczX0lpdHN5bVMyNi1FdjFJZFVzdEQ4TjNJRnhHWlQyblVGU1UwQWJpdXN2cUhWWm1QVDJGUzY4NW0tUl9qNUR0eG5FcHd1RV81cHRGRkg0b09qTzJqTmFrUzV3,0.9999634,2.3740204e-05,1.2875815e-05
2019-03-14 07:00:00,Nvidia GeForce GTX 1660 vs. AMD Radeon RX 590: Which Mainstream Graphics Card to Buy? - PCMag,PCMag,https://news.google.com/rss/articles/CBMipwFBVV95cUxPTUFBWDF1Y0tsdWQwb05hQ1dBLWFtWnRlS1NEdHlSUDFOSTgzNjFsbF9EcFBhREhaLTkxRmhrVXBhTjV4N3l1TnFEUklXNUo5UWRKSlNWSDVmYW5UMjI2VzNTVVJiWmYxYkdWZTZscGk5c1pidUFaZnUzUEUzMnF3Y3ZpSDV6X25qc2JaT0JIa3N1QkdLMVp4Q0x4bmhWalZlcGxaZ2lxWQ,0.9983176,0.0016542492,2.8147024e-05
2019-03-15 07:00:00,Nvidia GTX 1660 vs 1060: Which is faster? - Rock Paper Shotgun,Rock Paper Shotgun,https://news.google.com/rss/articles/CBMibEFVX3lxTE11VFh5SFFFZWhFVzJCZ2FlMEpVTXQ0d3JuRjlaR0VNSWNSY1ZucjNuQnVTMUpFNFBycVJKWHhSTXNNaElEd0JVTDR6aDZSSXRFeW5ZQ2pJcHZkd2NqTkhjT1dSc1FhbHd1MG9TQg,0.003411149,0.9965707,1.8206834e-05
2019-03-18 07:00:00,Jetson Nano Brings AI Computing to Everyone | NVIDIA Technical Blog - NVIDIA Developer,NVIDIA Developer,https://news.google.com/rss/articles/CBMia0FVX3lxTE5TTkZvYTJJU1lpeW1tSzVTbVhxenloQjU4dEhFNFZDbm1CeUk0WnFLaVd5LWptWEFKMVUyVF9HSVllT0QzSTYtWXlnc3MwU2lsMzBTZFVwalhvUWswT3VFbDJJRXh0b3lWUlJn,0.9987753,0.0012162237,8.435958e-06
2019-03-18 07:00:00,Pruning Models with NVIDIA Transfer Learning Toolkit | NVIDIA Technical Blog - NVIDIA Developer,NVIDIA Developer,https://news.google.com/rss/articles/CBMinAFBVV95cUxQejVDQ2hkMGhVbko0Z3NCcUdNY2xQT2kxdHcwOUNOZjNBcmI5aDdKXzJOUDdFcEVsU2d4bFNZZkdfSExZRlg1UUxwVS14R3dKMkZCQWhjTHd2YnNHM0J0UXktSlVzU2pPTFlSNURFQ0owc195d0l3V1Jrd0VrZEE2c0VkM3hDMVBBclJTV3lPX01YbFZYZXUyN3ZMSWw,0.99993265,3.6307352e-05,3.0982137e-05
2019-03-18 07:00:00,Global Computer Companies Announce NVIDIA-Powered Enterprise Servers Optimized for Data Science - NVIDIA Newsroom,NVIDIA Newsroom,https://news.google.com/rss/articles/CBMiyAFBVV95cUxOcnZXcWtscWNJWWYxeV9fVDRxVC0wVUl2Mmlxb0RjVWpqcHQya2dpcy10TFFFak1yNEFqMllxSVo5STZlZmRjYjBOOC1JYVJha2Y3VVRoQ0JkRGhTN0xSblp0YkV0T2NDVmdfaE5PTl9rWXVMX2c4ZlBZRm9JUXpJLXJQb0pva2xGcERTUTBGZ2p4UHJOMXdHUTkydGMzYzhTblQ1cVQ0N0UwM2EzM2Rka2p2c0RFOXJ5YkFpR0x5MlBlWE11RmhzZw,0.98533696,0.014653703,9.401947e-06
2019-03-20 07:00:00,Tips and Tricks: Ray Tracing Best Practices | NVIDIA Technical Blog - NVIDIA Developer,NVIDIA Developer,https://news.google.com/rss/articles/CBMiY0FVX3lxTE5HVVNMQVZJdXFtS3ZLRjlrSU5zZV9vbHZRNFhuQWlHQWZjWEp0OHh0djIyT3NLT0dEcnd0c05zb2p6aEtUY1dWRXdTTUlTRGZWS3dEbWR3dHBVU09nX2NnME12TQ,0.99934155,0.0006181613,4.0312174e-05
2019-04-12 07:00:00,Speedgate: World’s First Sport Generated by AI | NVIDIA Technical Blog - NVIDIA Developer,NVIDIA Developer,https://news.google.com/rss/articles/CBMihgFBVV95cUxNcGp3R2w3SzNYdUljX2NIcmo0dTZkNFc5cVRna2gwTGNYVGp1X3dXdjlwa0RhMmp2TDgzcmhwMHNyVEp2VjZBdUVXb3IwSXJkUFlOU3lRYWNLWmR6UE9Na2dUYkU3MXZMMGRDN04yenpfcEp2Z1Zkb2lROE1aRE44a3FVazVWZw,0.92321295,0.07671597,7.110263e-05
2019-04-16 07:00:00,Machine Learning Acceleration in Vulkan with Cooperative Matrices | NVIDIA Technical Blog - NVIDIA Developer,NVIDIA Developer,https://news.google.com/rss/articles/CBMilwFBVV95cUxORHRYbXluSG5HRkU4WThTXzdBNjgxZm5peEdpSXM3dVcxX0VVb1NYNkN1c1lfLUxPdWxfMnhUQ0thSnpES0RvcXRKeTFFRzhMS04yZUhxQkhVUDRnRVFkci10cUJjSVhzYU9Oa3RkZUgxUjlKZ1NWWkNIZlZFamdRMzhPOFQ2QTBrS2pXNWtLSXJkTGhwMHdV,1.1803439e-05,0.9999882,2.6054433e-08
2019-04-18 07:00:00,NVIDIA Isaac SDK Now Available for Download to Kickstart Robotics Development | NVIDIA Technical Blog - NVIDIA Developer,NVIDIA Developer,https://news.google.com/rss/articles/CBMibEFVX3lxTE1tcWtiYVVUbmZVOTg1bGJIb3Ztc2FKNXNNT25kV2E1eDNIeEdmWEZtY0RwZEdEamUteU5QVUJtMkhQNHhOaFN3RXJ5bFhMcjZnbmxkTDJEdEFvSGhsUnR0T0k3LWpvNzBnMHFmXw,0.9999764,2.1452472e-05,2.1157284e-06
2019-04-23 07:00:00,NVIDIA Nsight Systems Adds Vulkan Support | NVIDIA Technical Blog - NVIDIA Developer,NVIDIA Developer,https://news.google.com/rss/articles/CBMiggFBVV95cUxONldDa2hzZHJZbTl0amVFRUlyV0U0cVRONkYyUVNibmx6b1BRSzJpbTdJdG1HYjdXd1VFLUtvN2ZjLTM4WDdXbl9LRkJabGNmelk1LXNCZm1pUUoyQzZmMElKbmVydEJhaU9FWEQ4cm1HMUVrYUhYUF9DSy1PQ2czejln,0.09465425,0.90533715,8.656588e-06
2019-04-29 07:00:00,Run RAPIDS on Google Colab — For Free | NVIDIA Technical Blog - NVIDIA Developer,NVIDIA Developer,https://news.google.com/rss/articles/CBMibkFVX3lxTE82ZWRPalRoQndMcmlkSl9wZGRad1NkM3I4UlZST2RVemIzN3ItTkFMTWRmSHh0cENNM2FSYzVWSENqQUEyQVhtemp6TDBadWJvc1lKQW8yTXY0bEF2VHFHSzh3czl5MlNhMVdVanhn,0.99983203,0.00015240049,1.5539143e-05
2019-05-02 07:00:00,Nvidia GeForce GTX 1650 review: 1080p gaming on a budget - Rock Paper Shotgun,Rock Paper Shotgun,https://news.google.com/rss/articles/CBMicEFVX3lxTE1wZHJraGtfZ1FoUmoydVF1ZVQ5MnlmeC12aFlnWjAtejRoQnpWT3czbzlhejF6V3NQNlIyblo5cmlycVVCaThudFRMc1M5c3ZUYW5yU2JMclcxUjZydGNoc1pSdHJyeWZzWmN2MllqX0I,0.99999785,2.3538435e-07,1.9042029e-06
2019-05-06 07:00:00,Nvidia GTX 1650 vs 1050 Ti: How much faster is Nvidia's new graphics card? - Rock Paper Shotgun,Rock Paper Shotgun,https://news.google.com/rss/articles/CBMia0FVX3lxTFBYMlRINDlnUFBWSnU0RE4tRElFekEtOXhGRzhaTW1vQmhEZm1kVGd0SmtUT2M0UlVMc2hLcXdSaGJaVXB0SmdwdFljQ08wWUlLaXk4RzZOVElsWmU4d1lwUDlTOUNud3RNTFdn,0.7886441,0.21110718,0.00024877596
2019-05-06 07:00:00,Using HashiCorp Nomad to Schedule GPU Workloads | NVIDIA Technical Blog - NVIDIA Developer,NVIDIA Developer,https://news.google.com/rss/articles/CBMic0FVX3lxTE5kUUY5bWo5ZnVYbXJNbS1YTXJiSzVoZXpYV1hRN1RQM0JPbjRsOWRLSHRpUTUyMmNXc2dWQ2NUcWV2dGFlNXR4SUFSWXpBZ3hXUzVDX1ltUm55Z0tvQzk1Z01ZYmMyeGNBMTVMX2h0aGNrQkE,0.9999933,1.8582823e-06,4.7865915e-06
2019-05-08 07:00:00,Nvidia GTX 1650 vs 1060: What's the difference? - Rock Paper Shotgun,Rock Paper Shotgun,https://news.google.com/rss/articles/CBMibEFVX3lxTE1wY1M4aElMQ0taclJXUkNSMDNleE1fZFJRMC1tUURNUXpqalNjUVZUN2FMNmJrRklaS1FKYUIybGZ1WUlUaExMbk1ObDU2cmZuYlZ1dXQyZTVoM2FRWFJzWXhEUVIyWnd5SlR3dg,0.99501,0.0033818579,0.0016081895
2019-05-28 07:00:00,Easy VRS Integration with Eye Tracking | NVIDIA Technical Blog - NVIDIA Developer,NVIDIA Developer,https://news.google.com/rss/articles/CBMiWkFVX3lxTE1YUHFSVi03UXk0OXhkNjd2cmZybmFHSldyVGwxeFZLbF9JRnFTT1E0cUdlZjVhS1RGRE9CMDIzNkkwV2NlSDlBSzFkZzJ4TkhlQTgtNnhpMjRhQQ,0.090243176,0.9097335,2.3288427e-05
2019-05-28 07:00:00,Point Cloud Processing with NVIDIA DriveWorks SDK | NVIDIA Technical Blog - NVIDIA Developer,NVIDIA Developer,https://news.google.com/rss/articles/CBMihgFBVV95cUxQOFc5Ny1qM3YwQXlaY0YwQ3JzZ3Q2OHdhSlJLdnhuQWJfMmRfQ2tQT0RSRXBQNGxPT0lkdE5WeGpnNUIxUmlQNi1QVlgtSUdiVGhURjNiaGtuV1ZmLVZCU0pmRHNLQ2g2ekJJMXVFUzQzMWFKSV96c3ZDZnJLNW93OUNsWDJ6QQ,0.9999254,7.104882e-05,3.5911019e-06
2019-06-04 07:00:00,NVIDIA and Red Hat: Simplifying NVIDIA GPU Driver Deployment on Red Hat Enterprise Linux | NVIDIA Technical Blog - NVIDIA Developer,NVIDIA Developer,https://news.google.com/rss/articles/CBMivwFBVV95cUxQR25uSXYzcnJzaG1TaGx5dFlJQUNHaDB6ejhFTjMyOWhFMGJhWXFSRGRNc001bDJ1UFM2bFlZNWduc0M5YkVkR1M4WGhzeEE2U2k4VUdsR3VIWkppQkFrMm9mVHc4RXVGa1dLMTVVUExFci1kSGpFQnEyU1RRXy1ROGR2UHN4UTNvaFlTSHVrMXpCV0tBNXVtT0JEcnl2YVBiMGFyNXVzZ05hNDJTR29YUXJ2Qk94alVLMGRfQ01KMA,0.9999639,3.40808e-05,2.0654152e-06
2019-06-06 07:00:00,Tips and Tricks: Vulkan Dos and Don’ts | NVIDIA Technical Blog - NVIDIA Developer,NVIDIA Developer,https://news.google.com/rss/articles/CBMiYEFVX3lxTFBVc3JOM25TNVM4YjZpVTlQZHQ1dUxRcDR3d3psU2dxQWRMQ1VzX0NmQjZBNURJSXdSeE5xb0dJa2djOXh5UDBlNmZ2Zjhsd3F4ckdKdi1DQUdNYzExZ21TNg,0.9999927,2.5908487e-06,4.678995e-06
2019-06-10 07:00:00,Tips for Optimizing GPU Performance Using Tensor Cores | NVIDIA Technical Blog - NVIDIA Developer,NVIDIA Developer,https://news.google.com/rss/articles/CBMif0FVX3lxTE9JYzIxVDRONjlqRHV2aUkwcHQ5SUd5bno1bWtKeEJGeEVqUjI0bHF6QjNpT0ZCWkZBdF9iaVA2Um9FREVacmdCVVYzUGtsbm16VzRKckVYMXRFVXd3S3o4VTUzTlQwZ3JLLUZ1VkswSmhaMU8tRnFpajE2eno4cGc,0.9996007,0.00038843686,1.0856746e-05
2019-06-10 07:00:00,Real Time Path-Tracing and Denoising in Quake II RTX | NVIDIA Technical Blog - NVIDIA Developer,NVIDIA Developer,https://news.google.com/rss/articles/CBMikAFBVV95cUxNN3Q0R0hmNjQzcTJuRm85VXNQdm8wMWhXYmdHcUM2UHlqS0ZSeG1tSVZucjlENngzZ1Vlam5QRkZMVFJndVRucXo2RklKenVsUFJ3Z1lYNlFwRGNFazY3WXhXRkh4SVdHN25heDg4NnVQUnZoU3FnS1dDVE1TX3NKT3Y5YW1TSG80YUJlMURnekE,0.9988092,0.001172448,1.8289997e-05
2019-06-11 07:00:00,GPUDirect RDMA on NVIDIA Jetson AGX Xavier | NVIDIA Technical Blog - NVIDIA Developer,NVIDIA Developer,https://news.google.com/rss/articles/CBMif0FVX3lxTFBpR2lwU0MwdkU1NVU2MWRoTXVrRU5PdkZWTm81RlVxVER3VnA4WWYzZWtZNnZVNF94X1pQT0VGWC1zekJwdThRajRnM21oT29wX3hjblZKTFZYUVpHS2VGOVlzVlVfODlMeFNpemNWMnZ2b2lkNHBqakdtMTJTNmc,0.999982,1.6056587e-05,1.9523764e-06
2019-06-17 07:00:00,"How Adobe and NVIDIA Use AI, High-Performance GPUs to Optimize Customer Experience and Engagement - Adobe",Adobe,https://news.google.com/rss/articles/CBMi2AFBVV95cUxNUUlTNkhSV1ZxSUs4QXB3LV9JMGkzUkcwSXlBTTVCemp5eTNJQ2RrWTFXOVAzQzEzZ2xVQzE5em9Qa05mTjFFQmNod0lwRlJXekcwVTNrR3FOTnZEdlZkZVlaMG1NUUdSY0U0Mmw4YWxMcGpPWkNLYUhPTzdVTEMwNTBIWDBPZ3BIQXcwZHI3TG9sMmRPNXdFRzNQNi16a3Rpd3FMb2hhcWZackszWGw0MXVLQzh5VWc3TmVsS0hSUDV3SEdHeS1McW0tUWtEU0YzSy0tTl9RYTE,0.3172635,0.68267816,5.8320482e-05
2019-06-18 07:00:00,Combating Adversarial Attacks with a Barrage of Random Transforms (BaRT) | NVIDIA Technical Blog - NVIDIA Developer,NVIDIA Developer,https://news.google.com/rss/articles/CBMilAFBVV95cUxQa1lpbU1TdjNKczMtSDNTd0thTVRyOHp3d0VRRU14dHlZcFRhZFB6TnhYMWtoRVAyRldvSW9sa3RfWkY5aVFDa2FHMmtkclRJWWVjYVVaaU1iSmlkeXBKNE44T3V1VWx1ZE01UHFUUG1wRTYtbk9KQXYxSFJCU2Y2N2ZpLURUWDUtSEc3a045RDdTWlFj,0.9982838,0.00058077887,0.0011354334
2019-06-18 07:00:00,Volvo Group partners with NVIDIA to develop advanced AI platform for autonomous trucks - Volvo Group,Volvo Group,https://news.google.com/rss/articles/CBMiggFBVV95cUxQSm5JRVhNdmI1ckVoTGF1Q1FIZHlmNUpjYldmX05NNGQ1N1JQVWlHenJuX1FrY01ibXJRTzJhazR4YXh6dm9xUDd4ZFE0OU43cGdsQ0ZSN3RNd2xXc3JPZkF3blVWbDI2cEJfdzJDcjRKdG9zanQ1Qk5NdVFyVzRJRFdn,0.9985507,0.0013698493,7.943818e-05
2019-06-19 07:00:00,Creating an Object Detection Pipeline for GPUs | NVIDIA Technical Blog - NVIDIA Developer,NVIDIA Developer,https://news.google.com/rss/articles/CBMic0FVX3lxTE1XaUd0VzJWa0hFRnBKeGRyRUJIWFFuOWhEcnJKRnRIMEh6NWdEU2JHWlB0NlRvMTBFUkhrdExKNTl3VWNSRm9IM0gybzViS2RKUUhkTGZCcFRLX1hMYUEzc2psQl9xeFN2dXBlcG9ETzE0YU0,0.68114585,0.31881452,3.9634266e-05
2019-06-21 07:00:00,The Peak-Performance-Percentage Analysis Method for Optimizing Any GPU Workload | NVIDIA Technical Blog - NVIDIA Developer,NVIDIA Developer,https://news.google.com/rss/articles/CBMipgFBVV95cUxPZ0pkWUcwWUctcF9oTGhRRmNyRVRtT2t3VzJTZ19MR2Z6S2ZrTzNrcXNyTUNYUlNjSHNKREIyV1Nua3lNcXlPUlBGOFB2UVFtWEl2MzlMN213ako3Ylpod3lWMENFZXNhYllkUjBodWxxS3JwdFhkSDlTUW1MWVBjNHdyTXdsWHFUcThvaG1mbHdJQkhCTm42TXRuNzdSUE5hLWlnZ0ZR,0.9999639,2.9744999e-05,6.2666577e-06
2019-06-25 07:00:00,What is NVIDIA G-Sync? - HP,HP,https://news.google.com/rss/articles/CBMib0FVX3lxTE9wMmxfdDdlUDFkbzhvMW14RTJGbkZFcjNvX1dJVEJ1aU9jWXdfUmh2WG1yVE82TEp2c2VFQmtQSmd1eXRXTWVaakpHSm8waTQ3S0Z5ZnNMUlVhLUpadXcxUVZBQnR3RFBJY3VqQ0Rtaw,0.99993145,1.7817129e-05,5.080742e-05
2019-06-26 07:00:00,AI Model Can Generate Images from Natural Language Descriptions | NVIDIA Technical Blog - NVIDIA Developer,NVIDIA Developer,https://news.google.com/rss/articles/CBMinwFBVV95cUxOTHdSWWVwM3dxS0g1bFF0Z05JN0JOdDRmMG9SN1FTWEdRWDJQUnpLYzNZdV9icDZvbWJGcUM3WHU2dTcydTJpWXVobU1TQ3FEYmdaTTdDYnhHc291YXdRbHZiYl9aU3FzMlRic1d3WEQ1eGhVaHo1emJnNl81dFJDQ2VsZEkzZG91a0tNNkwwQ2prMTBjbEk5c09BR19ZWkE,0.99643135,0.003560269,8.363266e-06
2019-06-26 07:00:00,Object Detection on GPUs in 10 Minutes | NVIDIA Technical Blog - NVIDIA Developer,NVIDIA Developer,https://news.google.com/rss/articles/CBMidkFVX3lxTE9VdWNkai0tcGlDSnlpdzl1dHFDbjdHdHhTaDZJaFFxWGRJOEZORVRMaFBHZkNTUVBJVDdJYTNEZHhUVlQ4dlV0ZE0yaEh0dDJHUW0tbmxPT1o1S0tnYVNGMmhCQVZraFR4WG5UNmxiZHVwS1p0cWc,0.99997044,2.4927813e-05,4.6610094e-06
2019-06-27 00:53:43,The AI Hyperscaler for GPU Cloud Computing | CoreWeave - CoreWeave,CoreWeave,https://news.google.com/rss/articles/CBMiP0FVX3lxTE94cGtTN0Ztam1DOXhub1VjOHB0amhTZldYWlhDOElvYkFYRklEVlJXbU84a3VlSjRGNkY2bnRmZw,0.9934323,0.006494152,7.358451e-05
2019-07-02 07:00:00,Nvidia GeForce RTX 2070 Super review: Still a super tough sell... - Rock Paper Shotgun,Rock Paper Shotgun,https://news.google.com/rss/articles/CBMieEFVX3lxTE5Wc3lTQmFLZTJCM2t2T2ZtZXpCNkhQWV8tV3BGVUl0ZkJTdWtKbFpLWXVYQW1JekpSeHhoVldHRTZaOU9nMERTcUZLYmVOMEYtZXhyUjMtNjh1VENaNlkzamh5NFdGaTBzOUN4TDFkeVRVZnppc3RUYg,0.012009348,0.0017641718,0.9862265
2019-07-02 07:00:00,Case Study: ResNet50 with DALI - NVIDIA Developer,NVIDIA Developer,https://news.google.com/rss/articles/CBMia0FVX3lxTE91SzFwWml6dVA2ZXJfY1JIS19DcVZrV0hfRnV1dlI4NWlHak9MOWtBbUdRc3RfWlBEZGpPWXNmcEpXbUI0VFZUczZYNWJaN080UmhraDlJQ1pTUXluUzdYU1hfZ2VtTUowWXhB,0.99999475,1.0744429e-06,4.114541e-06
2019-07-02 07:00:00,Nvidia GeForce RTX 2070 Super Review - PCMag,PCMag,https://news.google.com/rss/articles/CBMia0FVX3lxTE1GOW91bm9wNERlNFFiTFE5N1JGZmx2MHVPZXFQaURoMGNXV2tfbmhGTG5sWm81SlV5QThUY1NDY0h4WHVKVXd6anc0RzBUX3NfWWo0V1A0RlZfYWdZbFFBQURuZ01Ha09BVDBV,0.97482204,0.025124654,5.3337848e-05
2019-07-02 07:00:00,With Great Power Comes Great Gaming: NVIDIA Launches GeForce RTX SUPER Series - NVIDIA Newsroom,NVIDIA Newsroom,https://news.google.com/rss/articles/CBMirwFBVV95cUxOZmkxMjE5TkJ1dGc0Wjg2Y0lCdldPOHFPMVluWG5rRjZqUDdDWHlELXZDaldZeEZTak9zdlJMZm1tbDNlV0FmWVozUzFDMlY3a01kanFSUUs1RGU3ZmN5ZF9mRkozV3ZpY2lIdzdseTlIUWx4UUZ1X2ZrWG5nY3dQRl9sRXRFeGN0NDBIZm5jSm5Zb0RYdVNrQzFyQWh6ckNnTC1aaGJoU0J4N3dwUXZV,8.482554e-08,0.9999999,1.8567567e-08
2019-07-10 07:00:00,NVIDIA Boosts AI Performance in MLPerf v0.6 - NVIDIA Developer,NVIDIA Developer,https://news.google.com/rss/articles/CBMif0FVX3lxTFBhc1h5QVZYWnV3eWZ4UElUTUk4U1VmOUU1NUN4NFNZaEFzVmM4bnV0cEdwRmhjV2NtcGR0VFVGS3oyTkZmSFRJRFBMME90UDgxQVhTUndIcXVWbzlmdVNZU0RoU3RMSDdGUEtMNEZfNlg0TmFmWmJDcFJnRjluWkE,8.196268e-09,1.0,3.7036532e-09
2019-07-17 07:00:00,ArchiGAN: a Generative Stack for Apartment Building Design | NVIDIA Technical Blog - NVIDIA Developer,NVIDIA Developer,https://news.google.com/rss/articles/CBMijwFBVV95cUxQMTdWMTdpSzJPY1ZfWEtEVmFrRjRYY0laazJjbmNwbjdMdm02Q3VmZkdPNmZ6cmJmVmtMNWh1VThEOWxoRktLNmxXa3VpcUwzVFhSc0M3ZHJqOUZ0blgzUThEVnVPWlFraGRBS24tM2hxQllubXBvVWVKbU5WY2xGTUZBUlpSNENfM09hVUx2TQ,0.24881758,0.7510705,0.00011188238
2019-07-19 07:00:00,NVIDIA Kicks Off SIGGRAPH with Talk Series on Deep Learning | NVIDIA Technical Blog - NVIDIA Developer,NVIDIA Developer,https://news.google.com/rss/articles/CBMidkFVX3lxTFBBWWp2c29iNkJoZndLelhXMWhwZGpwQmIzbzFzenpCNXhINk9UWmV3X3o3S1JEWDF6QlNqX2ZxaURSZ09jeUdzWW4wZ0M2d0d5OXV1akdwanRJNzZqd3MyUkQ0QmtPelFyS2YyMDUyN2RQWDNWTXc,0.8587898,0.14118853,2.166417e-05
2019-07-23 07:00:00,NVIDIA Gives Gamers A Free Performance Boost With GeForce RTX 2080 Super - Forbes,Forbes,https://news.google.com/rss/articles/CBMixgFBVV95cUxObVk0eTFUM005ZmtKYjRPWmtVa1V1cDY0cnRsUGk2b1JBLTJxZl9KVnVKN0toZDZ2bGIzTkZBVTl2T05SWWQwczBtdWpNbDNhelk2cGhxTjlVN1F2V2NSNFozYS1sUF9nb3RvYmhFbHZXQ0dySzhEZmVESlUzWGRURlZTNTRJLXZ3V1E3bkNST2tILW84UHNBWW1KYkRFUE0zcy04SXhNQXlRdDdIZFBwcF9SMG5fNEZUYVJZTlVRMGI1VUd5clE,7.396905e-09,1.0,3.158159e-09
2019-07-24 07:00:00,DRIVE Labs: Eliminating Collisions with Safety Force Field | NVIDIA Technical Blog - NVIDIA Developer,NVIDIA Developer,https://news.google.com/rss/articles/CBMilwFBVV95cUxQamUweUt0SzJiaWlQeDhzWGNCTml2YXBnaF85Q3lTUGl1bHN3aXZXUmJqb29FVGNQMFVXekFNWHZzNDBvbHBBTG92dlFGek9CZWR4bWJDdEkyc2xtaXJKYXp3ekpwNTNqT1RWYWd0UlZFVGlmLUFoNE1zVU00eFRGRERObXJhREExb2JqQVhiQ0RMcGZ3cTd3,0.98689425,0.011975668,0.0011300589
2019-07-24 07:00:00,NVIDIA FFmpeg Transcoding Guide | NVIDIA Technical Blog - NVIDIA Developer,NVIDIA Developer,https://news.google.com/rss/articles/CBMidEFVX3lxTE5YTmlEZ3Q2Mm9uLWFEaHN6SnBrZkRVU2hCQjl1WWk2RGJTckV2SEk3Z2JwZllneTBpdENwT1dMUGsybThDRTJZZzBmdUczd2tteGdTeU93VUZjZXZfYXJtbVhrQWN5Zkl1RGxyNjFBc2RRcWhx,0.9999536,3.5756253e-05,1.0550344e-05
2019-07-30 07:00:00,AMD Radeon RX 5700 XT vs. Nvidia GeForce RTX 2070 Super: Which Graphics Card to Buy for 1440p Gaming? - PCMag,PCMag,https://news.google.com/rss/articles/CBMirAFBVV95cUxQeDZ2TXZQZk0zRHBfWjlQOWw2MDVBZ09jRS1acFZOcGNOQkVvbjhWRVFIWllwd3Z5d3g4OWIySVYwVDQzQy04TVBiZGI2eHRHaUdXbkFDdV9kTjQ4dzN2V0JwVjQydTJqajlzQlJCUzVFSlNyamxSSHhPQnlqeVFJWEMwbVJIMUNRQ3pZeWk3T3NYWTI5YndheW15TUR3RDNpNThQUHZDTk5QanRk,0.9994312,0.00056379853,5.044847e-06
2019-08-06 07:00:00,GPUDirect Storage: A Direct Path Between Storage and GPU Memory | NVIDIA Technical Blog - NVIDIA Developer,NVIDIA Developer,https://news.google.com/rss/articles/CBMiYkFVX3lxTE92ZEdPVDdkcDdqSEhLMkJkaloxdXNDbDlyX09sVjRUQmxvVEpPeTN0VnFLeWY1ZmJZdXFJQlhMWFQ3VmdLMlppbGNwUXFBZUcxV2NFTENRcE1NaFU5Nkg4bnJn,0.9999914,5.943243e-06,2.6259393e-06
2019-08-09 07:00:00,Nvidia GeForce RTX 2060 Super vs. AMD Radeon RX 5700: Which Midrange Gaming Card Is Better? - PCMag,PCMag,https://news.google.com/rss/articles/CBMiqwFBVV95cUxONnhFX1pKdXczWVhlTzk1d19RRXZ1c3Z6dGQwVWNaUGRZdlZhOUI1a0lmMHJqU3U4SGp3ekEzVkdSZTQ5Y3lrUk1idWh6b2E0Yjh3M1Y4WWFHeXduOXUtdXJ2RzR6UFk1U3NuX3k5MWF6NUV5bDA4WVpQMldzanRkWE9BMUowNXktZnZLOWliNENteXpMQ0xQMjFvdm9rRXFUZ2hFd01CaE5acWM,2.7990706e-07,0.99999976,4.3535206e-08
2019-08-13 07:00:00,"NVIDIA Clocks World’s Fastest BERT Training Time and Largest Transformer Based Model, Paving Path For Advanced Conversational AI | NVIDIA Technical Blog - NVIDIA Developer",NVIDIA Developer,https://news.google.com/rss/articles/CBMiakFVX3lxTFBjZWMxLWVvNVNyU0NLUHJjTURRdzB4dHZHU1lDcHNfaHd1cnU5X0dGX2VXSWNiT2I4ZkVQaVltUi04Q3FLOWFlZ2ZhRkI2U2JWME9kWTZBd2xaS09SLXVCQ0dEQnNkaGpDU0E,2.8199636e-06,0.99999714,5.892984e-08
2019-08-13 07:00:00,Real-Time Natural Language Understanding with BERT Using TensorRT | NVIDIA Technical Blog - NVIDIA Developer,NVIDIA Developer,https://news.google.com/rss/articles/CBMiaEFVX3lxTE50OWpIZzB0czNQNlBNOHU0ZjZKQllPWEVEMkt6VVlCcTRvTTBKZktZQTFUMTNRQmU4Zl9xbnVfLVhQa20xVUw5ZTBBRjhydzd3TFJpaGhFZ3lyUVJ6Wm5GbVRVNVNicGR5,0.9924527,0.007530794,1.6523596e-05
2019-08-16 07:00:00,What Factors Led To A 35% Decline In Nvidia's Stock Price Over The Last 12 Months? - Forbes,Forbes,https://news.google.com/rss/articles/CBMi1AFBVV95cUxOQjVoMWpMZGtmNF9yTkJuVXBVb2FMUHVqU3luMUlHZ0RvZnhyNG1EaXNVRFlFeVFaeVJ3NHhYWXhFc09aY2h4UFVZeTZ3TFBuUURoTkFhTHc5ZUdRbmxLT0c1X1d5SHJDcTAtb3ZRNVRPQnFYRjBDTVYxUnJpUF81eWxWYlVhZVdZLWxaeDRRdWxqQ0QxYTlmU1A0a21oYnc0RXJHWWhBZGtMSjJwblJaR0dDbHM2WXRLbndfQjd4dVdYVE1URXF4T3FVTmdUY203QWVLMg,3.8601804e-05,8.223408e-06,0.99995315
2019-08-19 07:00:00,Minecraft with RTX: The World’s Best Selling Videogame Is Adding Ray Tracing - NVIDIA,NVIDIA,https://news.google.com/rss/articles/CBMikgFBVV95cUxOVEtCSGw0SHFXaDE2Rjl3Q29qWXh2b0VtOVJqdXdTcFB4Mm5KX09kYVRSN0poUm4ta3pvU2R3QjhTLThsX3JmR0FCSmRKNlNEWVZiQjZPUk9lbjVGSzNuY1QxWlhHd2lMREV1QTF2RW5JajdHMHh5SVNYLWF3eWVxQjBLM3hKM3lJWUdOWWROZXdGdw,2.7091094e-08,1.0,2.1918165e-08
2019-08-21 07:00:00,NVIDIA and NIH Researchers Develop an AI Tool with Clara Train SDK to Better Detect Prostate Cancer - NVIDIA Developer,NVIDIA Developer,https://news.google.com/rss/articles/CBMi0gFBVV95cUxOSElIMGRKd1AwTldVSHlyb1d0eTdnSW9zZ2txMlBsWWlQLVVJd01WX2l0UkhsVmJTamdZRlM3X3hPSjQ3ODV3TDJsYUY4cUFSYXB6VXpFei1zUU1tVXhCanZ3enhBMFRUeEFKNjhUcDRtakxaSFJZRVJQVzhXMnJUNDdkNC05UGRQeG4tY0Qzc01ZdWhxU2RiOENPRjliM2dWOUZSTG02R01pTUtYNEFaTzJZVGlXVDRGMmJDTFVOZUEwNFhuRGplbzhQUW1QU3lIVmc,0.8173964,0.18249162,0.00011191667
2019-09-11 07:00:00,NVDLA Deep Learning Inference Compiler is Now Open Source | NVIDIA Technical Blog - NVIDIA Developer,NVIDIA Developer,https://news.google.com/rss/articles/CBMiUkFVX3lxTE00SEZPMzBRYUZIeEk2d0xhRHE0eE5hQ2laSE5xSGxTQmVJQnNVdng0YmlubG9aTHU1c2dENXpRN0NuTS1VaVA1VVdiMC1ZclYyNEE,0.99997604,2.1618986e-05,2.3401424e-06
2019-09-12 07:00:00,"NVIDIA Quadro P620 Low Profile, Low Power Graphics Card Review - ServeTheHome",ServeTheHome,https://news.google.com/rss/articles/CBMilgFBVV95cUxPeGtQOUlheWM0NnU5bEV6cURQWERxYXc0MGVBY2tVQXFFcWY0Nm5oT0tleVE1cVd1M1BQT2xRRnEwTTlkOEJacnJ4cEM1ZVR0NktKRHNSM2llczBITWJrOGRnTXZncU1rNU9XY2FPZEdjS2VfTXdZdFgyeGtiaVcyTHhJQlVwN3lJTlNIZklVTE9LbVdkbEE,0.99907196,0.00079159776,0.00013638227
2019-09-16 07:00:00,Using Nsight Compute to Inspect your Kernels | NVIDIA Technical Blog - NVIDIA Developer,NVIDIA Developer,https://news.google.com/rss/articles/CBMihgFBVV95cUxQbnlVX2lnNUg5djhlNnVVblpTVnJsb1JuSzR2cXlfMWJsblg1bUdvSzU2SnY3al9FTVI4OUp0SXAzeHFOeDBLdUhaZm9wR3pLeTRsQkVXa0xCVTZWRFpubEZHUHhFNFJEQ0E1Mk1JZ0EwVFN0N2E3aVJrZWd4VUhIRGdZOHNTUQ,0.99999344,2.1277983e-06,4.380811e-06
2019-09-20 07:00:00,Now Available – EC2 Instances (G4) with NVIDIA T4 Tensor Core GPUs - Amazon Web Services,Amazon Web Services,https://news.google.com/rss/articles/CBMinAFBVV95cUxOem1VWDhDcnk4MjFSRm14eEIwZHNOb0Rsd1hqYjYyU00zbWl3R0x3eUxia3ljNUZNZ00zRTJELV9sUGVlaG14Qk93ZmcwbVc4cDFOVm9nX2k0TnFDWnlOSTNHcm9ndHpQcUVGMzhHVUs5OU4wV0tpSzdlZVlUd25EYnZJZWVvdzdQc2JBdnZEY0s1NjA1bjc0RW1Zcjk,0.9999417,5.418229e-05,4.07472e-06
2019-09-20 07:00:00,Integrating an Inferencing Pipeline with NVIDIA DeepStream and the G4 Instance Family - Amazon Web Services,Amazon Web Services,https://news.google.com/rss/articles/CBMiwAFBVV95cUxOV3RKQ0kwUjdlWjlUZGRhRzJ6Mzd6dHJwWk9PT1FlaWZNN3FndjNrVWh2ZEdpZHUxV2NGcVd3dkRPdnVOQXVrd21SUnFBb2wwTEg3bWpTVE81RlpnSmhzLTlpRVVCRlFCeUNMdWs5WHlPZWh2MzFScnF6U2lnWWEyejljVkp3RUdIWnV4SHhtbkhMRmFWUUtMb1BwLVVrS0NIU0JrRmRMSElTTWdnVzJ3eG4xT2JKUVJ1eW9pYmN1Zlc,0.9992902,0.00070094137,8.770348e-06
2019-09-28 07:00:00,AWS Announces NVIDIA GPU instances for it G4 Elastic Compute Cloud - The Futurum Group,The Futurum Group,https://news.google.com/rss/articles/CBMiowFBVV95cUxPbzhOa3hUeVJhTWc2V2dLMTJCRU4zU0hLNFFxdTJ5UXBFVWVVdm9FdXNEUE5OdjZGUXJoc09oWVNmblVsbndyR21QRnFKS3BKODFINjM1MmJ5N0t0X19vY3RSMXM1TGdmWlIxZ1N3UTdVbUVwQkFHT0N3aDRpSi1ZRUFwNXdJNmNwY1BndnJKU2NqeDYtZUtWTnVsWThXcmctSGlr,0.999798,0.00019882142,3.2195078e-06
2019-09-28 07:00:00,What is NVIDIA Max-Q? - HP,HP,https://news.google.com/rss/articles/CBMibkFVX3lxTE1kYnd4RkZjblREb3NENGZpVExCb0pXaUx1SkI3T2Z1T2xxTmNBU1ZhYjZhVFVBYTJsZnNCd1dSYUJnYkJMRjYzaTNldDlOOFlEUEItQ2RDSUxJSmlCRGZZc05hR2VaSTdwUWlIaEZB,0.99996555,4.476899e-06,2.991882e-05
2019-09-30 07:00:00,Rapid Prototyping on NVIDIA Jetson Platforms with MATLAB | NVIDIA Technical Blog - NVIDIA Developer,NVIDIA Developer,https://news.google.com/rss/articles/CBMilgFBVV95cUxQM19mM2ZEZ3RhZUpucDdyTU1MSDZ1bHE4c3JySWROdDUxb3k2SW1GdTM5NElMY1lTcXlpajFGQlRjdkVTMUdneGp3U1pYelRwelAzTTBfeW1ON3FMLV9pcDhITlhvWHBSMHBxeFVuMHNqbU5weVZZWnNXMjZhcXQ2S05DZ3ZRaDhSXzFuM3VOaV81MEpOVmc,0.948204,0.05161196,0.0001839851
2019-10-02 07:00:00,Analysis of Our NVIDIA Tesla T4 Review - ServeTheHome,ServeTheHome,https://news.google.com/rss/articles/CBMid0FVX3lxTE84NGdWSlZvcURPb09VRFF1emRHYjN1Tlduc19UbFZoYTM1UENMaW5RZzRqYnJjTmFiWGpfdTVYbkVLS2RBRTI5QUJLVFp2aVhWdUZ6RnYtdmhLUGtNUnVqUnpRUjFsZkJTVHltYWNxT3lzbWxzY1JJ,0.999998,5.3472047e-07,1.5143399e-06
2019-10-07 07:00:00,Nvidia surges on RBC upgrade that projects gaming strength and triple-digit data center growth - Business Insider,Business Insider,https://news.google.com/rss/articles/CBMimwFBVV95cUxPakpfTHNrU0xiNm12ZWk2NmhwTXNwWFlRSjhLTWk5LWtfT2pfNGhfY3lvWW1YWTJhclo0WmRmM21XU1lteG8xYW5tZEhSZHJUX3pRczFMLWdqOFhGQkxmUWhTVEtLVnlMUzgzR0tKQkQ2c2dnTld3TS1ES2tvN0xIXzRPUHJ4ajBfc2Vab256dHAxcW1IbV9Lb1RTdw,1.2542154e-09,1.0,2.2347724e-09
2019-10-13 07:00:00,NVIDIA and King’s College London Debut First Privacy-Preserving Federated Learning System for Medical Imaging - NVIDIA Developer,NVIDIA Developer,https://news.google.com/rss/articles/CBMijgFBVV95cUxPLU5pVHBzWHRTb29zSEhNcGZjNURiRmFDUUpab1ViRmJudVotUVBKVmV6UjZ5UTFPYU1kQW9KbHp5WWJiaHdBM0hvOUpaQVptcm1PcXgxOUllLXBlWGVQTS1zZVk1NXYxcF9xSW1tSjJhZENrX3RTZlB6bmEtbVZJZmlnSHo2QWhMaWUtRmVR,0.9616811,0.0382976,2.1245887e-05
2019-10-17 07:00:00,GPU-Accelerated Speech to Text with Kaldi: A Tutorial on Getting Started | NVIDIA Technical Blog - NVIDIA Developer,NVIDIA Developer,https://news.google.com/rss/articles/CBMiqgFBVV95cUxPenhydEpldnJ5T0lrbjcxR0FTOXVoQXlpcEo3ejdkSWJNT2ZPNzdnaTVHaU5RX2lEZnZaWDkzR1FzZnFTTi1uMnoteTFiaFFFWEZjS3lHZUlWY2FCRXNzbTBuYlhDczR5ZW9FbVdncWgxcmJVTWRhRjIwUkozYmZsOWozV3FsZnlBMWVBZWk5RkNiWnNrdTBwMW9zLV85NUM0aEg0N1QzejQ2dw,0.9996147,0.00035203382,3.3231106e-05
2019-10-21 07:00:00,NVIDIA GPU Operator: Simplifying GPU Management in Kubernetes | NVIDIA Technical Blog - NVIDIA Developer,NVIDIA Developer,https://news.google.com/rss/articles/CBMimwFBVV95cUxOdTBEUEJDU2FMbUNLbENhZ2E3WXA5bFNJR213SVUxOXZ2SEpRRVhMZUZLWDNuWjRIUlByMUVyNlhESmY4Qk9uNVJsYW5DdVdCaVpXcjdTNUgycFVKd3BNU1VXTDlkelZ0emdNb2dLNVd4dS1XZjZsSEEzbTNYWVpBSkFPeGVxQkhPeUljSDZiLXZqNVJNYmx6dFBhSQ,0.9999887,7.636074e-06,3.6844451e-06
2019-10-21 07:00:00,"Announcing NVIDIA Riva, Combining Speech, Vision and Other Sensors into One AI SDK - NVIDIA Developer",NVIDIA Developer,https://news.google.com/rss/articles/CBMiaEFVX3lxTE9fWGJUaUZIaGRfOGRNb1hWUG8tc2I0dUtuSEowN1o2MDdvb0pDVThFTVNDVHlJZzQtWjYxcGZ0cTNaejZXQzY4czBDWkt2b29wUWV3bGllVERSUmMwalZqeE56VGlKUExO,0.99955434,0.00044274356,2.8220716e-06
2019-10-21 07:00:00,"NVIDIA Announces Aerial, a Software-defined Stack for Telco Systems - NVIDIA Developer",NVIDIA Developer,https://news.google.com/rss/articles/CBMifEFVX3lxTE4zOTB6cG1OM1FGYVplc1ozRV9KU0dQOTJ0dXhxbEx3TTlKbzVFOENCTmpCNzYzVTIybUdrOVM4U3Y2OVpQRlFHMG1Nd1FacGM1MUJFSUV1SGFoTHhwSUpKNFRwT0FqenE0LWlUbmpMYmR5QnFFWjg4TzM5YS0,0.18660311,0.81337285,2.4018822e-05
2019-11-05 08:00:00,NVIDIA BioBERT for Domain Specific NLP in Biomedical and Clinical Applications | NVIDIA Technical Blog - NVIDIA Developer,NVIDIA Developer,https://news.google.com/rss/articles/CBMiYkFVX3lxTFAyeVZRN0tMWTllT1NOZl9nMTVWWVRUSGtZSEFGSmtNRm15bDBzZEpMT2h4WFV1N0VpZ1c4M0JWU0pGX244dGkzVW5vQ3J6a3JpX0R0ekVpNTRDTmJIYnpld1Zn,0.9946256,0.005343323,3.101004e-05
2019-11-05 08:00:00,Nvidia GeForce GTX 1660 Super review: A decent 1080p card that's utterly superfluous - Rock Paper Shotgun,Rock Paper Shotgun,https://news.google.com/rss/articles/CBMieEFVX3lxTFBJdlBmcW9iODRIWGkzOXNVVXVCbDFtMjJkbTJHbHVMSWJpNllCa2RFa2V3MFI5cm5YV1VScWJPbXNPdWhWbkVvc1RoR3NIVXpXNzVKTkliUTJoN19ZeVFBZ043M0NWYnota2JiVm4taml4czF2X0k3Rg,0.58273107,0.41691995,0.00034896523
2019-11-06 08:00:00,Nvidia GTX 1660 vs 1660 Super: Which one should you buy? - Rock Paper Shotgun,Rock Paper Shotgun,https://news.google.com/rss/articles/CBMib0FVX3lxTFA0QmpvMmREU2s5V3FxUWRRblVWZF9SQk9yZGNfTkhoVFNSWW5EZHNxMU15d3hqOUt5UVh5ak5yTmZuckJRLVVfZEZXTDc0anFVY2pIZFplZ016c0xzLWIzanRWMmpVZkttQzZvLS0waw,0.99992573,1.8234727e-05,5.603097e-05
2019-11-06 08:00:00,Int4 Precision for AI Inference | NVIDIA Technical Blog - NVIDIA Developer,NVIDIA Developer,https://news.google.com/rss/articles/CBMiZ0FVX3lxTE9VNHdRZ1FxajlFZXlMQmV5NnpaNUQyZE1xVE1HamYtaHFvSUpEWFFsSHN1cldkWFNjMkhkdXBWSFNVazhmbUJkT1c0R25mc0FvQ0xNeHBqSXBjam5vYmE5bi11REhFd0E,0.9999647,2.2174343e-05,1.3071052e-05
2019-11-06 08:00:00,"Introducing Jetson Xavier NX, the World’s Smallest AI Supercomputer | NVIDIA Technical Blog - NVIDIA Developer",NVIDIA Developer,https://news.google.com/rss/articles/CBMikgFBVV95cUxQU1VnMnp2b21ITWthZEc1Yzd3b0pxZjR4eWE3ajJUbm5sMnR6dEhZb3hjbHowMGxXTFZBNk8xd0pDczNrdzRlYjZQLUpnYmRUNE50WjBCdGxFRzN6aGRHNGdyQXllUy0xa1dYN291Vi1tdEZCZzhJQ2JCUXNlY0I1VEdwY01TYTdYYTJMbVZZR1phQQ,0.472401,0.5275031,9.5930176e-05
2019-11-06 08:00:00,MLPerf Inference: NVIDIA Innovations Bring Leading Performance | NVIDIA Technical Blog - NVIDIA Developer,NVIDIA Developer,https://news.google.com/rss/articles/CBMic0FVX3lxTE9pSmprQjhkTDlFMkdwTG1oeU1EclYxcnZJVkdKeXllUUFSZkhlYUN6N2VJcHpkTEIzbkJOa1VzWmxYSGVNSXlYb0Jqek9UVzByQ3BFWmVJQ0dRTjBvT1lCRE9ReGZSZW1NaDlMcG1XSTZWcDg,0.026604943,0.9728516,0.0005435613
2019-11-07 08:00:00,Nvidia GTX 1660 Super vs 1660 Ti: Which is best? - Rock Paper Shotgun,Rock Paper Shotgun,https://news.google.com/rss/articles/CBMic0FVX3lxTE9QNGZ5OVhXeVhpQU1kc0xieFBpUm5lbEd4UGplamRadDJONGM5c1FUMVAzb1hla2dVT3MwdlNKbTNoa1E5ZUFwbF9aWUVwclllWlBsTG9wUjhGTzl2alhVLXpxVWFFX1owSkhIaUoyMW5ub2s,0.00012126751,0.99986243,1.6383969e-05
2019-11-08 08:00:00,Nvidia GTX 1060 vs 1660 Super: How much faster is Nvidia's new graphics card? - Rock Paper Shotgun,Rock Paper Shotgun,https://news.google.com/rss/articles/CBMib0FVX3lxTE1Yb0lPaF9lN2pEcnQwTTE4eklmdjZpN3hCWTJSNmlQQmxHNzR2amI2bWdqMWJlN1dEc0pKMDNMMElVWGlyeEpmdTAtVno5dnZHbDlSaVN4RHNkTWF6SEt2cU5KSS0ycUdMUklTTTJRMA,0.61177444,0.3879069,0.00031860697
2019-11-12 08:00:00,"Eni Deploys ECHELON, an Advanced Dynamic Reservoir Simulator, Powered by NVIDIA GPUs | NVIDIA Technical Blog - NVIDIA Developer",NVIDIA Developer,https://news.google.com/rss/articles/CBMiuAFBVV95cUxNbE9US1dIUTI2NFVZSkd4WkpsdTV0OExvZjJFMHl6RGxzTlRpWmI5UThrN2RDOU5VdkUyaUxXSE1WcmVoamdFbER5bGFXbUd6SVplYlc1anM5a291ZFlCZU9wb3BQWTdLbElHSzRKSktyVVJ0eXljUkFDZHkwejBudzFHMDRLUjdqSld3MXhia1FQSTYzWTdfVXZSeU03dE1qOHlsS3dzNlNSZ2hIU3FOWnpJX1lGWnNf,0.999777,0.0002092835,1.3735512e-05
2019-11-18 08:00:00,NVIDIA Announces Scalable GPU-Accelerated Supercomputer in the Microsoft Azure Cloud - NVIDIA Newsroom,NVIDIA Newsroom,https://news.google.com/rss/articles/CBMiugFBVV95cUxPYUt5N1RXR1QtckJ4bEtLLVNpVExTLXplenF1X0VnSndRbGlxTUZ2QVRGZmNwdDNCbldBSVFUajNWTUhXNXF3MGIzckgyV1ZBU3pDd3lmeXMwN1NOQWJWSVh3REV3THdLWnZLQTZRbHZJeEUzMUpXcHhVUDlTS1RpajBDS0hGVE1KcXlCeEdKLVdDNWJBbFdkLV9zUjhTekVEaG5aa2l0dFJHMzJseVpLejVRdnhWeDVkWUE,0.9159559,0.08402727,1.6828755e-05
2019-11-20 08:00:00,How to Get Started with OptiX 7 | NVIDIA Technical Blog - NVIDIA Developer,NVIDIA Developer,https://news.google.com/rss/articles/CBMidEFVX3lxTFBfRjI4Q3FYZzZpTmIyRmhFM05tSVJtVGpLblJieGw3aEdsWHRXOURBRkxBdkVsSC10alpUb1VSa2s0c2JiaXFVTnhnZWx1YVRmVjZUVDBwT2VuQUZ2MlVrWFVmMmhsbVJXTmo1TUdfZmg1Nm40,0.99994683,4.657969e-05,6.5794634e-06
2019-12-01 08:00:00,Federated Learning powered by NVIDIA Clara | NVIDIA Technical Blog - NVIDIA Developer,NVIDIA Developer,https://news.google.com/rss/articles/CBMia0FVX3lxTE9sQkVpTENEblNPd3FodTc2Y0hjQ0FQTGF2cWFGSFZEOHhvTXJTNFZ2RzRNQ2szZmdFSGx0OHozbExzRm9hWmJjNHVDZVBBRWdVSERINDJhX2hrQTh3dHBtaWMtRThqMFhFd3VZ,0.9998853,0.00010585193,8.805693e-06
2019-12-03 08:00:00,Opinion: Nvidia will dominate this crucial part of the AI market for at least the next two years - MarketWatch,MarketWatch,https://news.google.com/rss/articles/CBMi0gNBVV95cUxNR0Mtd254LVdmeVBSTlB6YkVOa2pSc2xmVWg4a0IzMjlBSzd4TWdmYW1aLVZid0I3RV9FZldjY2hMdl9SWkNOZlNsVWhZUGJ5eTJvOEhGZzcyamEtaUxjZDd6UVpWRjVGaDF4VVpoU0gxQW9Ua3h1WktqSGlWM2tkSVQwTUo1c2RfR3dwSEU4T1g0OEpaZzZINV9Ba1JFN3BPSWI2QmdQcHFTaGU3TU1qR1pQdy1sVnhDcGpIM0Y1OTZselpIYndaSHRnQzJxclhyYlZHS0ZackxMYWJVQ2dMSWg2Si1fMTFwbC1xbnVHTXc1X2xIc3ZCb2RoS3loS1owc2xxNlhZMkhpV2dPbDEtQ3luMGVSMnJYN1A2MnNGZUs4M3RMRklYc1NzMGdfWDJMczJvSTRRcEFpRmtnTUhDdVpqX0FiNENIcjhGZ0RyMFFBS3FvY2JSWnd6dDNzMVNocmxwaExvclg5VjZxTjFuZDVpNDY0TXYwdVdaU25IM1g4cFdRSzNYVmZKTVBlMnY4YU12Y25OZkJjWldnVWRxLVREZFBSWHJkYWtoa1R4VTVya1RaVk41dUVJYnF0ZEV4bUlRaWw5ajJrZmVaX0RORkhB,0.0031749958,0.9967481,7.687228e-05
2019-12-03 08:00:00,NVIDIA’s GauGAN Wins a 2019 Popular Science “Best of What’s New Award” | NVIDIA Technical Blog - NVIDIA Developer,NVIDIA Developer,https://news.google.com/rss/articles/CBMiowFBVV95cUxQVTZUZW5hY0M0RGFIN3o3eW9YYU1hUmxkVDhEaHVId3JzLUpsVFk0S0c4WTJsQnFmbmZLc3luM29zd0NVYUpoSlljM0NxQ3RtdmxvQW5YdWVIUE9jX3Biak56UlExRVpERnhIejFGcnZTcHdMNGdNZVBRbFFiYlhEREUwbVRBeV9sQnVYdGw2cUV2NnNnWTdwenVtajQyZmNpYVl3,3.2258253e-05,0.99996674,9.5040673e-07
2019-12-04 08:00:00,Nvidia study finds gamers have better K/D ratios at higher framerates - PC Gamer,PC Gamer,https://news.google.com/rss/articles/CBMimAFBVV95cUxQQlJSVE00U3Nmb1M2ZURhWjFCTW1vZW0wWDBabTdBd1RwUFBFVjFURUJmb1NNQlJzOVN5VEEyZVo5LVVMdDNuYjZKU1Fzb2RUZ3FfeUoxd0E5dVpyTl9nVzcxT2o0aU12Yy1OWFFmYmJjVWtuMXhZQXNCdkVsc0FhTzBHVUtGN283VVBPVWhvS3p1WnVKR1FlTg,0.0017839143,0.9982114,4.8184957e-06
2019-12-05 08:00:00,Accelerate OpenCV: Optical Flow Algorithms with NVIDIA Turing GPUs | NVIDIA Technical Blog - NVIDIA Developer,NVIDIA Developer,https://news.google.com/rss/articles/CBMikwFBVV95cUxPRmVldUNDaWlMbWFrbnpubElfVHcyMkJ0elUxZTdiX2IxUEtDaEkwcnZod2RjZDBPbC1DYnN1bG1pRzc4ZVVnZUtnYXlfTk51VTFqdkdYNE02YWg3eThCZ18wYjVxUEJHQzVuRThubVFNcnN0aEtOZEVWZlRHdTdEMHlKdzU5VkJqdXNNVzJpMEZtMW8,5.2735804e-06,0.99999475,1.6480612e-08
2019-12-10 08:00:00,Develop Smaller Speech Recognition Models with the NVIDIA NeMo Framework | NVIDIA Technical Blog - NVIDIA Developer,NVIDIA Developer,https://news.google.com/rss/articles/CBMipwFBVV95cUxON2o5aklDY18wNFhJZVlPVVJYa21DaHBZSGpRa21OTWNIbDREcE5Id1RHRUNscnpUaTBoenJnNkxYcE4ydzhkN3BRRjVhc1d3eVRoT2k0enhlcVE0OFExZ19MbHpwYlhVcUg2LUhqU2ZiYl9qWUhCeHE0b2hSQnhQRG5MY1Vld2plai1ENTRWZ01SNEowaUxKOHdEaUZTZm1xSnJoTmRNVQ,0.9956779,0.0042654094,5.6748242e-05
2019-12-17 08:00:00,Accelerating Wide & Deep Recommender Inference on GPUs | NVIDIA Technical Blog - NVIDIA Developer,NVIDIA Developer,https://news.google.com/rss/articles/CBMikAFBVV95cUxOWndaZ1lQNnQ5TXFPNzd5MUtyNWZfbEk3aUVjbVE3cWFseEJEcVNhcGI3S2RxRG4tLXpqZU56QTRsbnBPZE5FUFB6aXBKcmt1b3A2TDFKcmFPT2xoZ2RibjFSYm9ORk50Uk03clNTNWJzczFfR3RwZkwxRnJJTWhreTAtX2hnWkktbi12SGJoUzE,0.000113417096,0.9998816,4.9250684e-06
2019-12-18 08:00:00,How to Run NGC Deep Learning Containers with Singularity | NVIDIA Technical Blog - NVIDIA Developer,NVIDIA Developer,https://news.google.com/rss/articles/CBMilgFBVV95cUxPVWVSWmszOWtDRVZBeEstemJ4MGJPaVFmWHBlMEhxZW41NWJIdzJmYklyeEtnOHd3SVRBOEFselBaZmVxQ1BvSVppdGxOZ1JPT1diZE9QdTI0aW5OMjRtd2duRTNJTWljZmNDN0d1NnZNUldEZHlVWDdZb1B4WDhnVVRnRTE4ZTd2Wi1MbkV3M2NXa05UQlE,0.99202913,0.007922174,4.87776e-05
2020-01-10 08:00:00,"NVIDIA VRSS, a Zero-Effort Way to Improve Your VR Image Quality | NVIDIA Technical Blog - NVIDIA Developer",NVIDIA Developer,https://news.google.com/rss/articles/CBMingFBVV95cUxPdDVnd2VQampZVHFZeFJscGpmanNfc2diX2Q4cUJOa3JEenZ3dFVjSDVqcWllejFVbU1OZHhqeU40cUJ5cXhBb2J3cEJzWko5bEZBMV80MEszTjFvNVN5MHZmc2F0MnY5S1pwNk1iY21TTXdpQ2VySUxhVF9hRVdObENOTDVWcW1RS2drU2FjY3lIa21jTmE3b1R2NHlndw,0.0053792023,0.99447906,0.00014170242
2020-01-18 08:00:00,Announcing NVIDIA PhysX SDK 5.0 - NVIDIA Developer,NVIDIA Developer,https://news.google.com/rss/articles/CBMidEFVX3lxTE5KZndDbmQ5Q1FsU2wwNU40aVpYdGg2NTNuNkRhYlVDM3N5ZFJCeHhlX3p1aHlmSlVBV3RWVWpOM25YSTE2WXRqc0dHbW1CY2VIanM5VnlTY3dtbmJ1QklueDdGWW95X0FQRkNRY19SNm5pd3pU,0.99478984,0.0051995637,1.0548896e-05
2020-01-28 08:00:00,Indiana University Unveils New GPU-Accelerated Supercomputer Big Red 200 - NVIDIA Developer,NVIDIA Developer,https://news.google.com/rss/articles/CBMiqwFBVV95cUxQNjhFYlZPd3hCSVZLd1pXbVNodEx2MlJIMWZpWEsyWlMwUTNlNHU2bDJEWmltcGp0YnFBLUtlVFQ5Sm9xY3dKR0hLalRIS0kzc2NNMlhSaFpwR2FybjhLTU5fMlYyVmM0czJQLVJlMXl3dU1BVVNjNFMzV3BaZWcwQXUxVlJ3QTNQUmtUaTBtYWs5ZmJaMld4NzRjZExtcy16VlFnTjRwV1RUVjA,0.99993706,5.9475497e-05,3.4022291e-06
2020-02-03 08:00:00,AI-enhanced Upscaling on the NVIDIA Shield TV - NVIDIA Blog,NVIDIA Blog,https://news.google.com/rss/articles/CBMiYEFVX3lxTE5IWjZRdWhXS3dYSHFlS1BXdDZWXzNQUGRQRlpGY1lQa3Y5TWIwV181TEhPZlhQMk9xRGNfT0JTNklQNTdKMlVVOEFwWGJtejZUUUF4VzhkcTdwRDFDUXlweA,0.03282853,0.9668469,0.00032457322
2020-02-04 08:00:00,"GeForce Now, Open to All for Free - NVIDIA Blog",NVIDIA Blog,https://news.google.com/rss/articles/CBMiYkFVX3lxTFB4YW5XZ3g4dFpoTEE1RUNxWTJ4alBiUHVjMUVCb05seUIta3BXbkJIR3plX0VfR3Y2YnAwODhyUzBlTGphcDFqa1hkWU1mYy1UeUdkdzVoZW9XcGVGbndORGln,0.9998529,5.0644244e-06,0.00014208659
2020-02-05 08:00:00,"For 12th Year Running, NVIDIA Quadro Powers Every Oscar-Nominated Film for Best Visual Effects - NVIDIA Blog",NVIDIA Blog,https://news.google.com/rss/articles/CBMiW0FVX3lxTE1XSEp2Q1JCWmpDZElUSFU0VE9JOV9KYTJQOTN3Q1o4ZHhxUWkwWERGbGRsVzlGSjBiTUlYM1YyN3VRUnNiRUR5am1YNUE1MEZZMURmVVVzbllJbmM,0.9994874,0.00048976706,2.2751869e-05
2020-02-20 08:00:00,A New Frontier for PC Gaming: How GeForce NOW’s Game Library Continues to Evolve - NVIDIA Blog,NVIDIA Blog,https://news.google.com/rss/articles/CBMiYkFVX3lxTE1MeUlITzRNNjB4YmFZQTRZc2N6NXpNX2NHSmJoX3A4aEpHMUFNYW05b1lfZUZlR2c3NUZzN21xVjF6WGU0QURWSVhnZzAxcEJHUEVVUEdfRW5IdklfY2hWYXV3,0.31964257,0.6801386,0.00021880184
2020-03-17 07:00:00,New: Vulkan Device Generated Commands | NVIDIA Technical Blog - NVIDIA Developer,NVIDIA Developer,https://news.google.com/rss/articles/CBMie0FVX3lxTE81RFNZT0laOVplcTZJc3prZU84TjFnMV9NNGVPbG94SVI5blZTVDhFRFRoMDdUNmRDaHdMVzkxLTU5M2hjaHhsXzZncTZ4V25ZOG8xVGEwM1gwN3FZeWpWRHVVeWNtN3JLb1piQk1xNkVWOHhETXV4V0M2VQ,0.9996253,0.00033654188,3.812528e-05
2020-03-19 07:00:00,DOOM Eternal Game Ready Driver Released | GeForce News - NVIDIA,NVIDIA,https://news.google.com/rss/articles/CBMifkFVX3lxTE1CV2NOMk1JN01ZRl81cUwzRHFDZ1JhcTNhcVJBMlRmWGRIX3ZIWFpRWEoxMk9vV2FPNWRoWUVYUndwbkJfSEFKbE5qbDkzeWdOT2d6VzdnWnlMWFlLOE45elpjU0xVVlpuRnJnQlRGMGZ3c3I2d3dWRWpLVTNRdw,0.87976944,0.12011983,0.00011062565
2020-03-19 07:00:00,"Microsoft Announces DirectX 12 Ultimate: A New Standard for Next-Gen Games, Supported by GeForce RTX - NVIDIA",NVIDIA,https://news.google.com/rss/articles/CBMijAFBVV95cUxQdVNmekI4elVkc3NvaGhnRmFxU3h3c1g2WGdNSkNEYTM0bmlHbm14a0RxZVBGa3FCYXNNdDh5V0U2RHBGR0xwWTNvblBubWJOS2pLXzJZSUdSRkpkUm90T3BBSnhxeFlqcXZCdnkyQllVWmYxNERPZC1GUTVaMktNT2hVMy15YUhlVEw5Mg,0.8666822,0.133274,4.3772114e-05
2020-03-22 07:00:00,RTX Global Illumination SDK Now Available - NVIDIA Developer,NVIDIA Developer,https://news.google.com/rss/articles/CBMib0FVX3lxTFA2YmdiYUxjNEhLYUtTeUxSaXpEUEphaDI4VTJBT1psNHhEY0s3MkM2MS1LY0tQQXpfOFFhR0ctMUREZUxsZm9UcmFfS3JwNDBrSEVxZEk5NFJPTmlwQkNvX0JZcy1Ca0VEUVJCTi0yWQ,0.9998869,0.000109031644,4.010788e-06
2020-03-23 07:00:00,Game Ready Driver For Half-Life: Alyx and NVIDIA DLSS 2.0 Available For Download - NVIDIA,NVIDIA,https://news.google.com/rss/articles/CBMilgFBVV95cUxNdk9qeFFDS1dXa3A2X2tKd2lhVl9QbGg5SHFtQ25zVVNmLUhhQlpLSWFqUkpBcjBjeUJJelVaR2FzbGJ1bWpQRHVzeEdPS3YxYXZNYjRsOG9DeUlhd3NYT2pOV1hYQ0RCLUMwWE0xanpkMEM4SjFBMk1kMS02ZWl0WVpXNDFlNUFVaUt6NHI1RXY5ekNhS3c,0.9997832,0.00021329966,3.4984591e-06
2020-03-23 07:00:00,NVIDIA DLSS 2.0: A Big Leap In AI Rendering - NVIDIA,NVIDIA,https://news.google.com/rss/articles/CBMijgFBVV95cUxOazdDa2preElCZlJjTVQ2eW1FY1ItR0NjSktIY2lQRXNPZnR0UmcweDNQcW54UHF6b194NzZmOUFpY1hUTU1Ea0ZZOENBaEpCQ1BXekFDRnAzdjNBbzFlSU9WNElMN0JKU2NwZlY0NWFtNklSYW5oVS1iUUtsVXRqSGRDTzg3NmkzeUFkWFBR,1.1215829e-05,0.99998784,9.026221e-07
2020-03-25 07:00:00,Working Remotely: Connecting to Your Office Workstation - NVIDIA Blog,NVIDIA Blog,https://news.google.com/rss/articles/CBMicEFVX3lxTFBYb05zN21Ud3NFS1phT1JlNl9NaUhFM2xwZmNacUVaQW5aYW1ZcXJZSkF5YWdkQVhMYmwzVlE2Rk03TXlUc1diWnphNE90LVRnRGdmYWdhejR6UkV1X01IX19WQlRiU2xiWkx2b3VMaGE,0.99998474,6.829647e-06,8.4179965e-06
2020-04-02 07:00:00,"Announcing New GeForce Laptops, Combining New Max-Q Tech with GeForce RTX SUPER GPUs, For Up To 2X More Efficiency Than Last-Gen - NVIDIA",NVIDIA,https://news.google.com/rss/articles/CBMid0FVX3lxTE9FRDJYM0QwODVXUk1vVk5jNmo3alBzTXg5YURGMzlCLVp0U1RGRGFxT2JrLVdtY1VPdDB5LUUyTTUzdS1iU0NxNlZzWU4zRXFIaUJWMExmclBIMkEwb1RsQVozYTNLaGM0dDgtOHU5cVlQRjgtbjFJ,2.6116075e-05,0.9999732,7.1348126e-07
2020-04-16 07:00:00,The Minecraft with RTX Beta Is Out Now! | GeForce News - NVIDIA,NVIDIA,https://news.google.com/rss/articles/CBMikgFBVV95cUxQUnVZWTlGcnZMUjhZcnltYmV5S0JwLWVqWnk0MmxJaE1kMkpIc1NoWUtKaXBhVy1qV1lHV25Ub0ZJelpqaGNsaGtGbFNHRjFOZVZWR20zYzBqOW9IQXFobjNwbjFzNVk1bTBLQzh3MG1DNXF6eGQ4amJLTF9rd0tLdzl4RVgtWk41ZzBLWFk2QUJqdw,0.9994073,0.00058142416,1.1331762e-05
2020-04-16 07:00:00,NVIDIA Receives Approval to Proceed with Mellanox Acquisition from China’s Antitrust Authority - NVIDIA Newsroom,NVIDIA Newsroom,https://news.google.com/rss/articles/CBMixgFBVV95cUxOQ1laTlpkcnJhbTktUDRibmphNFZXU3AxNHRXRzZzWVpiODgzQ3VTNHdrWlpOcG1RQ1A0Z3BIc09pY3JSaFJqb0YyN1lvRGw5NHdnY2xUXzdCRnkwem9DTEtpel9OUnNrRFZELTBBalduS3Q3RWZMVHptd1QxNHctQ2VJNmRwRmltYkFndElaS29vaUhJbVFTUkRld0hUSFJoNTY0QnVKbmd6M01DOVlubFdma052VUtWMTR6bUlPWDVBM0dCR2c,0.14525625,0.8547051,3.8735743e-05
2020-04-16 07:00:00,NVIDIA RTX Voice: Setup Guide - NVIDIA,NVIDIA,https://news.google.com/rss/articles/CBMifkFVX3lxTFBlUllwZHhtVGlnYzViNHVyQTRzNHlOYnhlRjloUmg1Y1pvcnE1TmVUd2dBV2lPZ1ZqU0ZrZzJJb2lqYnVtOFBpOThVV0l4MUZybXZuWW9MdzJDNGxjb2psa0xXUXJ6c0dBUFFQVTdpNmRITVV3UUtVVUYtcUhWQQ,0.99380624,0.00584632,0.00034749837
2020-04-21 07:00:00,NVIDIA and King’s College London Announce MONAI Open Source AI Framework for Healthcare Research - NVIDIA Blog,NVIDIA Blog,https://news.google.com/rss/articles/CBMifEFVX3lxTE15VFRNbDk1azRvdDFqY1drSHFzTDhwcTUtYTFELXU3N1FXZ1I4b1R4RXhHbFpKTmhnOUFHeDNBemktcWFXRW5kNnhZaEFPWlphUnUyT3JFQ1ExbjhYQWU4Q0JjM0Q4bGItTXZwTVRZVzM3S3YxRlJPX1RoeUY,0.9977551,0.0022356978,9.19776e-06
2020-04-23 07:00:00,CUDA Refresher: Reviewing the Origins of GPU Computing | NVIDIA Technical Blog - NVIDIA Developer,NVIDIA Developer,https://news.google.com/rss/articles/CBMikgFBVV95cUxNS0IwZG5lMDl5dFp1UUhBUk9JTktJYmlGUkM4M3hLOHBiRDhMU2JfVnFxNG9zY2NLYlY5dktjRXJJVnBkTzgxVk42OTJoeG14ZUJjejhKUmNVcWR2eHh5ZUhob0FJNkQ1OXFKT0Nma1pFUUJxcFc1TGtvZ05fUEw3WmFEdWV2a2JtYzY0U2o0S0tYQQ,0.9999975,1.1710223e-06,1.2928801e-06
2020-04-24 07:00:00,NVIDIA Announces GTC 2020 Keynote with CEO Jensen Huang Set for May 14 - NVIDIA Newsroom,NVIDIA Newsroom,https://news.google.com/rss/articles/CBMipwFBVV95cUxPdWY5SXJuQXFjVzBZNEpjbm1RUm0teklhZXFvZkRka3JycGFWZG9VUlI2b0FCaVJ0RzhHcUlCUGl0MFVoWThjTWY1QVE2Slk4c0czUWl3OVgwSmkyS285bkZ4QzhyTlI1ek1BWXRpSF9ROHRiUjhCRXhBTjdEdjJCcEZXZm1DdTVobWxjZGlZZVVlaDBRWTFrR2NTeGwwaG9kWjFiSlVwdw,0.9999031,9.678637e-05,1.440939e-07
2020-04-27 07:00:00,"NVIDIA Completes Acquisition of Mellanox, Creating Major Force Driving Next-Gen Data Centers - NVIDIA Newsroom",NVIDIA Newsroom,https://news.google.com/rss/articles/CBMiwwFBVV95cUxOVExjN0hjWDVrZ2l3MmwzbllGWUVpc2ZEdU1Md3owajlrQnkzbHB5ajBoM2tvbXdlV1d2RjZ6eHlVZnVjNVlLYjZKZGJfdTRuZzdQQWdvQjVtSHJOeFBJa2VYM29JSm0xMkczVjgtMnFQelc5cTk4aW44eG1wMGlVTUYyeDQzQmNDZm5mQW45MWdab1VJSmdBcThCaUcwcXRFaGhZSUt0cllDVkEyeU50SGc0cGxBek42bW5QNUM3Q2JOQ00,0.99478984,0.005209041,1.2158013e-06
2020-05-01 07:00:00,Scientist Builds Low-Cost Ventilator for Coronavirus Patients - NVIDIA Blog,NVIDIA Blog,https://news.google.com/rss/articles/CBMijgFBVV95cUxQY2hyWm9MeHM4SVFCZGp4NHFzZG5OOWY0cVVpOHh4emRrVW0ydUFDRDBZNTNzc3pvd3AwNEFmanZldEN4ZDdSSGZLRUFWVnJDem1BY3ZwY3NnMWttUUlMZkpJT0lVZW8xWFhXR1BaeE9CendIdG1TaFk5M2pMRndTc2prWFhSQ0hUamdybXNn,0.71472627,0.28517574,9.8008386e-05
2020-05-04 07:00:00,Riding a Cloud: NVIDIA Acquires Network-Software Trailblazer Cumulus - NVIDIA Blog,NVIDIA Blog,https://news.google.com/rss/articles/CBMiZEFVX3lxTE5YRm5taFlncnoxeUM0MEVtZ0xqbGNleUdmSmMwY0ZsLTFuU2hoOGd0OENDUVJUbm5LOFVVR21rd0dFcUxaRFQtRW5rZEhhUEtmend5MXlYbzNGT0RQU0JnamZpaGc,0.99996865,1.2143472e-05,1.916102e-05
2020-05-14 07:00:00,TensorFloat-32 Accelerates AI Training HPC upto 20x - NVIDIA Blog,NVIDIA Blog,https://news.google.com/rss/articles/CBMib0FVX3lxTE9XRFVFZ2tmOUxxdG16T3dVNlM0WFRoTFpndFN3VHhreGlLR01yYVNaV1hwazRUeE9aUEZoUFlzbjF0LW42NlE5aDg5ZU02dWh3M2c0U3JCTy1YdmZ1TUc1bERsYjZMaHBPTzY4QmdpRQ,0.0020034576,0.99799204,4.5488596e-06
2020-05-14 07:00:00,NVIDIA’s New Ampere Data Center GPU in Full Production - NVIDIA Newsroom,NVIDIA Newsroom,https://news.google.com/rss/articles/CBMikAFBVV95cUxOcDdGUDdHR01pUFJxdTdWdVdvbVBWS3czTFFOcUJJWmhaN0c5bG5SdGpsN19VM3pnS0hZcm56VXc5REEwdFNOUXJKYWZVcDg2Q2IwVWdTRUJVNXlCRG5VZDA2aV8xbDI5dXVqT05ickNtbXhvN3lWcnpJd0ZlWld5WWFtT2FyczFwdEpDTzlUVmk,0.9996592,0.00032869464,1.2103647e-05
2020-05-14 07:00:00,Stay Connected With Jensen Huang GTC 2020 Keynote - NVIDIA Blog,NVIDIA Blog,https://news.google.com/rss/articles/CBMiW0FVX3lxTE80WXZMNmpsejlfQjBqUXBEYUIxSzZ3NUVVRDA0MzFtcDFZTUlFQ19XZVNUTi0tRW1icHRlNmVmRTZ5eTVXaUhzSGtaRzJFeXluSDhFLWtfRDF2RUE,0.999089,3.7743785e-06,0.00090721814
2020-05-14 07:00:00,"NVIDIA EGX Edge AI Platform Brings Real-Time AI to Manufacturing, Retail, Telco, Healthcare and Other Industries - NVIDIA Newsroom",NVIDIA Newsroom,https://news.google.com/rss/articles/CBMi2wFBVV95cUxOemJfdmw4Ump5T0wtRWp6c0VhTkZlQ1lIZUoyeFhhQ3NEOTFiQS1XX1dvbEQxSmpyemYwQW5LQWt5d0tzdi1vMGJGMThxRmdCTjY4d0FqeFF2azdUVTQ3Q1NzdDgwVjhIUEo5UWhEamd5WmJiaDlZdi00UnU4ekdGdDRzTldad0pxVDZEay1ydzNiYnRxQUY3aTk5WGh0aDJ0Y0Z6RmxYenFXYnRQelU3emQxcXhfZ2ZRN0FscHk4MW9wcEVKdnpSTkY3ZjI2cDZ5UVlQR21zblJqeVE,0.8560222,0.14397259,5.3185518e-06
2020-05-14 07:00:00,NVIDIA Ships World’s Most Advanced AI System — NVIDIA DGX A100 — to Fight COVID-19; Third-Generation DGX Packs Record 5 Petaflops of AI Performance - NVIDIA Newsroom,NVIDIA Newsroom,https://news.google.com/rss/articles/CBMihgJBVV95cUxPMnVjTHdpVHhUempEaXFFSFB1ZllMRkd3SlYyVDMxNUlVTzFjSmxQLUc1NWY5N0piTDQyRlpLOEFqTTFrLTRUY1VGTGM5RjdKX3RjY3Y5RTJfd19uU0gwQUR1ZlVvRlFkTUNHNFVoaXpFT2hJTWs0a1YtSDhXbjlTbE96dkZqRWk2NlY5bnRKZzBRYUsyZkF3YUNucmh6aHgwU0U0VnRMQTJYR0xEbGdDSy1aTF91aXplR2h2bGVpRFBRc0xrWG14dzd3RzJHNmZ5SU5ETDA5dHROZ04xSDZqQ05jSFY2b1FyLVVNVFlqUW9GdTRQTmR0WFhrRGlnOFhtY0JzcHFR,0.8666119,0.13338383,4.355805e-06
2020-05-14 07:00:00,NVIDIA Ampere Architecture In-Depth | NVIDIA Technical Blog - NVIDIA Developer,NVIDIA Developer,https://news.google.com/rss/articles/CBMiekFVX3lxTFBVUVpaNGJld3M3ZUZ1VWFiN0NraGZQXzIwajBhQWU0bWZrOVpaR1MtRHh3N2pGUV9OWDJuUklxLTE3aU5lTTdKODFGdmJUa0JwdkZDcUJUclZhUUh4U2dxekhjRldWU1FqSFBxUFNFUm0tUmRwN0ZmU1JB,0.99998,1.8024279e-05,2.0451305e-06
2020-05-20 07:00:00,What Is a DPU? - NVIDIA Blog,NVIDIA Blog,https://news.google.com/rss/articles/CBMicEFVX3lxTE9ETkJWM011M3Q5Y1lMNDBsTkJ6QmZPb2tGU09lVDZjVVNEUElSaXJKNzFTaGlmWVJXZ25pZ2RmdkdGUkdhTGctYUlqemZHTlcxbEhycjVHUEFyeUJDWW1BR2hSMmNjN1FJcElWSVRNaTc,0.99989283,7.489704e-06,9.964106e-05
2020-05-22 07:00:00,"40 Years on, PAC-MAN Recreated with AI by NVIDIA Researchers - NVIDIA Blog",NVIDIA Blog,https://news.google.com/rss/articles/CBMidEFVX3lxTE8zSmtrdEt0OXZtenAtWU9yTnlIMUxldGhLbDNPb2l6cTBTN2NoeW05SlhZbk5LdUtvaC1xU1lEd19FczhubWw3MXRKS0UxUWJXa3dsNXZvTTZZZWtTbGdodHhIckY2dmZUdXRsX1F1a1UwZlc4,0.9999485,8.823697e-07,5.070479e-05
2020-05-27 07:00:00,How GeForce NOW Game Library Is Shaping Up - NVIDIA Blog,NVIDIA Blog,https://news.google.com/rss/articles/CBMiZEFVX3lxTE1YSzdERndKR1BJWFl5bGtCOGJqa2paSGprYTRwaTByWFpobTVKTHVWOWVYZFRITi1WTXVxX1NGS1dwSFgzZ1JhZGFkRlpESkkzZTN6allBcnVYX1ZYVGpwZ2hLQXY,0.99969935,0.00016611368,0.00013451627
2020-05-27 07:00:00,Valorant Game Ready Driver Released - NVIDIA,NVIDIA,https://news.google.com/rss/articles/CBMieEFVX3lxTE4wcExGVWdwM1NqZkQ3LUxKeHgxZS0tMV9sbGs0bWtpTEJNVFBRTkVBUFVYcnJnUE9kOTFhNFYwMTBVcXducnpUUGNkcU9nYXhPQkNLM2ZmOHdhNDN2SXMxR1BkaC1UQjlNYmRlVV96VENVc0pUQ25XZw,0.9935462,0.006123244,0.00033054966
2020-06-22 07:00:00,NVIDIA Unveils AI Platform to Minimize Downtime in Supercomputing Data Centers - NVIDIA Newsroom,NVIDIA Newsroom,https://news.google.com/rss/articles/CBMisgFBVV95cUxOTkk0dHRQY2hEQ0hsUkwtN0Jwd1B1YldoSUtpZW5TOHpPYUxPWG5DOHJGTUJrcHBGWURoR25aNWw4aG9ycmtuendOR1EzMER1RU56UWVSOG9rQXJyVjJtWXl4ZnpTZno2OS11RDRkLVZYdFdzSXFqVDdVdllTY1JxY05LMW1vZEotZGNFTm1ldkNzYnZkMU1reVVrZHp2OFRnMmtZSDdIN2dWU3oyV3NTb0pn,0.9158365,0.00024472547,0.08391868
2020-06-22 07:00:00,"World’s Top System Makers Unveil NVIDIA A100-Powered Servers to Accelerate AI, Data Science and Scientific Computing - NVIDIA Newsroom",NVIDIA Newsroom,https://news.google.com/rss/articles/CBMi4gFBVV95cUxNaWkyM0FKQzhnNTFhZ0ZwT0huV3h3RTBnbG5XckhMRW1FdzdkZld5ci1rYlVILUVwRnJ1WThqYkd0Q1VENDdldTJEaU9Wc25lT29BelNESzgxZDZSQXJyMVN0NTBQSHMwcm95R0lxdFpsY1VFazVwN1B1ckdNNEF2TkVGbkR6Zm1nWnhrd2pNN3o4ZTdHYmdtREQ2eDByd1ZObTZJbGdpLWtwdHJDOFY0RG1BMkVhcEFraC1JWnBreERTYU02bnhTNG9PY0FrMHVwNlNNN29TTkFLSmc2QUhvbTV3,0.9999156,1.6547825e-05,6.777081e-05
2020-06-23 07:00:00,"Mercedes-Benz, NVIDIA Partner to Build the World’s Most Advanced, Software-Defined Vehicles - NVIDIA Blog",NVIDIA Blog,https://news.google.com/rss/articles/CBMigwFBVV95cUxNOWZhcjJJZDhqMHBjRThZemtyZ3pzNnRRQnRuN25GRk0wVDFjdFlmYVQ4YjVKZTQwTHNLTXZfbnA4cUJlRlJaY0ZZZDFtdVhpbkJQRVZnQVZ3b0VYZTlQOXAtWU54UzMxU204TnJSSnNicUxpam1UWU5sSnJQR1pUZ3NKZw,0.8403342,0.15946722,0.00019868383
2020-06-23 07:00:00,Mercedes-Benz and NVIDIA to Build Software-Defined Computing Architecture for Automated Driving Across Future Fleet - NVIDIA Newsroom,NVIDIA Newsroom,https://news.google.com/rss/articles/CBMi4wFBVV95cUxQd0JIamxoQ2tacUlmbEkya1YtdEZ0c2l4VlBmbHdzYi1xMEJTRUNKTXRUdUExZVg2SjhmRnZieWtZblRDN092bnExR3hwNWd4ZjV5NjhvTDRkZ1gxSUo2Yzl0ekxXWW9QNWdvMTRaenFiZnFRakFNSnNpR25HZlhNYXhUM0FWUHdXUDM4bWt3RlFFQTlsVF9QZXdBWVpPYkRrV0VESDJSOE1YOG5sRVBsQ0hzTGVSendtYmt4a1UxNjlhdG5GMjVGeDA3cHNMa01kVXdqXzZ2bFg3MTl3c044WDI5SQ,0.9762235,0.023764292,1.2143117e-05
2020-06-25 07:00:00,"Cyberpunk 2077: Ray-Traced Effects Revealed, DLSS 2.0 Supported, Playable On GeForce NOW - NVIDIA",NVIDIA,https://news.google.com/rss/articles/CBMiqgFBVV95cUxOVVIzb0hKVXFMUG5GU3lVWUcyMU9FeXNZc0JERHpwckNRTndKWnozZDZ2TENGR2VQZjBFZlhOT2h1dnZqbi0wVDRkRzRJdjhiLWFEODNTdUFfcWxJZlB4YmJkSGl1ajBRYll0NnZZZ3BObmRyZk5RZ3FUZEZSYy1MMl9uMlkyQVBuUDMxbVI1QkRkQ3hPaHk2MUlua251SWZmTy11SkkzNVVqdw,0.9999379,5.2938463e-05,9.201897e-06
2020-07-09 07:00:00,DEATH STRANDING and Horizon Zero Dawn Game Ready Driver Released - NVIDIA,NVIDIA,https://news.google.com/rss/articles/CBMiggFBVV95cUxPaXdhMFFLU2V1UkVtb1VKUEZzV2JWS2FXa01Ob2VSY3g2MHBadnVROUtrOGR6ZXZWYWdEd3NFeFZYb0kxcmtndUZZbkpsME9FUFVKR0pFVHdzN2ZIQWlKTThGazV0V3JLMGZscU5jTl93OU9OdmxvNVN6NHVhcy1vb0N3,0.96336657,0.03624932,0.00038416582
2020-07-09 07:00:00,DEATH STRANDING GeForce RTX Bundle Available Now - NVIDIA,NVIDIA,https://news.google.com/rss/articles/CBMijAFBVV95cUxOa1Rmb3hFODF0ZkhVUTVBUVFma0lPT2gtbkpOTzV3ZWhtbWZfMlB5UlBSY2kzQlJ5WENzQzZNMzNsSDBUOVNibDhiaVJaTEI3TDZNSU15QUZhZjlsaklUd0JVNTZTbnl6c0J4UXRVejlERXF0dmw4a21UR3U4X21kTHFyYXlNM3gzbmxLeg,0.9997454,9.856152e-05,0.00015605953
2020-07-14 07:00:00,"DEATH STRANDING For PC Out Now, Featuring NVIDIA DLSS 2.0 For Fast, Max Setting Gameplay - NVIDIA",NVIDIA,https://news.google.com/rss/articles/CBMif0FVX3lxTE4zQmdoaWxHMzJxc3J0SXU2cHUwdUhiVG05c05DVm95ZFNQVWlLU3dqcXA1S0VmeUtLUlFRYkxZZEZVekpvZF9oYkEtcGx2NkEzTktGZ21LZ0ZaZE9mZS15Ym00eVl3X0cxSVNtSFZlS3J4LUMwZ1U3MldoSF9Gc0E,0.99994826,3.1971846e-05,1.9795112e-05
2020-07-21 07:00:00,UF Announces $70 Million Artificial Intelligence Partnership with NVIDIA - University of Florida,University of Florida,https://news.google.com/rss/articles/CBMiXEFVX3lxTFBkQjVmNHRlWXJFenhla1dLbUtISmVFd2N6SUREcURZU1dhNkl5YUFXTGdwOVg5c1Z1ZmsyY1VKdXpNU25jN2JwUEJCWHY0Wk5uX2psVVJ5NTVRTFhR,0.9956316,0.00430146,6.699702e-05
2020-07-21 07:00:00,"University of Florida, NVIDIA to Build Fastest AI Supercomputer in Academia - NVIDIA Blog",NVIDIA Blog,https://news.google.com/rss/articles/CBMiggFBVV95cUxPWW9tYkRoeGhkLWd2WGxqR1hFbERUTjJ1Nkh2YUpUR3Z3T3Nwekx6aDh6cDcwYWNlQkJYNlU2aEZhcGJjeVY2ejRWZTdmRXgxZTNvWTJZTTlPeFRlZ2lCdERXNVQtM1NTdGQ2eXZNNnhTR3o4XzZUQUJpSi12M1p3OVJR,0.9999362,5.103308e-05,1.2725522e-05
2020-08-06 07:00:00,"Deep Learning on Tap: NVIDIA Engineer Turns to AI, GPU to Invent New Brew - NVIDIA Blog",NVIDIA Blog,https://news.google.com/rss/articles/CBMieEFVX3lxTE1oc1g4cWt2SnZWTWw5Tml2cGU3ZHBSOFRvYXVmalBWNjVFOHExOTVGeXZ6SW9jVHpTT1BiR244eDR2ZzB6czEwUlhuNndSY3BVMFVBX21xaER4dTFlb21sRlF3T29XTllzdWxhM1l3ZTFkeUNOaEdfSw,0.0014797247,0.9985043,1.6121758e-05
2020-08-14 07:00:00,AI of the Storm: How We Built the Most Powerful Industrial Computer in the U.S. in Three Weeks During a Pandemic - NVIDIA Blog,NVIDIA Blog,https://news.google.com/rss/articles/CBMiZ0FVX3lxTE1nRGpZOTRJUDhuOVhSNFFLTHZTVElBNVpqb0hNNzN0amRKY0o2RUFjVzB0dzB6U2M2UmpOUTdvX215N1RFS3YyZl9DaF9SUkxrNUdpU19GWlBYclRTVFk5eEtjT3ZsQ2s,0.124309324,0.8682388,0.007451795
2020-08-17 07:00:00,Microsoft Flight Simulator Game Ready Driver - NVIDIA,NVIDIA,https://news.google.com/rss/articles/CBMikAFBVV95cUxQRElwNWxKNG9TcDV1S2NJOHlySVUwekVFa2lGVkVxSUoySno2V1FyOTMyTW1HSlZsRkhPazhWV0NXUVNLUXhqcGFpX0gyR3lGdG1ESmgyT0JiaFZHRXVBN2xOZmRTN0hfUVhIamt5MDk3YzJJcFFLcWZpLVc0YWphbFZHNHpLQkpqQWtwZnNZRjc,0.9797363,0.02008491,0.00017878406
2020-08-17 07:00:00,AI Models Developed by NVIDIA and NIH Could Aid in the COVID-19 Fight Come Fall | NVIDIA Technical Blog - NVIDIA Developer,NVIDIA Developer,https://news.google.com/rss/articles/CBMitAFBVV95cUxORGhXVTJaSFkwcE1VNmp4MXNZbkxBcTFNSFJScEgxaUkwLWFJenpzTVJPdXdFYlRlUnlhZnI1Q0w3SnMxbFc4dnJIZXpJMWdzaVhaRDdNMVpKZlF3T3ZmTmUxc0twV1VzVmJaaTFUWlVITEFSZzJ0TjhMNU5DMHR3U3hIT1drVzlsUzhNRGh4VjYwM0Y2aXN6WndOX2hkbVpLNlZxRGRqTDFXYXFWWEs5dXJqTTk,0.083822,0.9161593,1.8786437e-05
2020-08-18 07:00:00,"Wherever You Go with Chromebook, GeForce NOW Lets You Bring Your Games with You - NVIDIA Blog",NVIDIA Blog,https://news.google.com/rss/articles/CBMibEFVX3lxTE13UkE3SU1rNXp5Z1hRX0xmOUdkQnJjM2VuSzR4bjdmY2p3TEt2bnQxNWlBYmRseHY2NWVwdVdVaFZCTWhvbGpTZkF5bVktODNqTTZrY1FnMGUwM083Z3JBWlh0Uk5SYWJOOFFKMw,0.9998752,7.5739113e-06,0.000117173375
2020-09-01 07:00:00,Introducing NVIDIA Reflex: Optimize and Measure Latency in Competitive Games | GeForce News - NVIDIA,NVIDIA,https://news.google.com/rss/articles/CBMiekFVX3lxTE45RlpmX21PeEp3aDB6Y0EyY1gxRUstbzZ6WmdDdFpraGswRjRQeFRaclp6VTRXX1VxUUppWDNJWW9hSkpVNzNzQXpnVElxTnVoQ1N3ZzRUM3NQNVZLQzVuNHY0dE1jTkV6STN2alN1WmlRcERWV2laZDFB,0.0014513497,0.9985323,1.6289463e-05
2020-09-01 07:00:00,NVIDIA Delivers Greatest-Ever Generational Leap with GeForce RTX 30 Series GPUs - NVIDIA Newsroom,NVIDIA Newsroom,https://news.google.com/rss/articles/CBMisgFBVV95cUxPZU1CLVNHdmVlN290ajllWWJQWXp3dDJ2eUpFLVZYT05ERm02UkoyNTJ5UDd0RE8wdlQ2QXRaOWlGaDRnMTVjTWxRcjRJOFhaeXdsSFNiOC1BVEpZRm0zM1FTREVmc00zNUpTaGw5M0MwQTlhMmJpUzBPa1hRNm54MTBxVzFnQU1kMTBwYkZjcEJidmJRbHEwa0p2bWFJTXZsUXBxYjkySmlwVE9EQm43c093,3.1839915e-09,1.0,8.975831e-09
2020-09-01 07:00:00,‘Giant Step into the Future’: NVIDIA CEO Unveils GeForce RTX 30 Series GPUs - NVIDIA Blog,NVIDIA Blog,https://news.google.com/rss/articles/CBMid0FVX3lxTE5RXy0zZXNRZkdHd3QzVElISHVnNTRGbURwaWwxbXQydkVtLUZhR3RuRFk3VWFnOW5NU3pxLUIyR0NWSGpCaXdYTzAtczNsMUlZM0hIeXBPSmRrWnRicGlVWEtqdnhiRkpBLTdLaFRBZU5zMTZPd080,0.9998266,0.0001137359,5.965922e-05
2020-09-01 07:00:00,Introducing NVIDIA RTX IO: GPU-Accelerated Storage Technology For The Next Generation of Games - NVIDIA,NVIDIA,https://news.google.com/rss/articles/CBMijAFBVV95cUxOZzhXQ1l5V0VUVmNFdklHMnIxa0h0ZzhFMTczbWJHcnprbE9WTjhMWFk1cHc4Skxpc212VDZ4SHlpWVdIZUVRaHRucDI0LWw1cDFySV9UT3lCVzJ4ZFMyUk5WX2pVUmRaOF9YVFI5NzlrSEp2aWpuYnpFdUp5elVHTGdBUTZiNWxLeVhhag,0.009495297,0.99050003,4.7485446e-06
2020-09-01 07:00:00,GeForce RTX 30 Series GPUs: Ushering In A New Era of Video Content With AV1 Decode - NVIDIA,NVIDIA,https://news.google.com/rss/articles/CBMieEFVX3lxTE96Yk9FbXI1aXpaVTRWdnZxMW5oUVhTbUp1UC1CTnRYMnJTQVZaeXRiMjNqd1ozNkNVX2E5RHFCTzgtck5VeFJpSHJxdUlZVUE4TFNyOXByVkwwQndQZEk1elQ4cVpxWjlvdW11dExjaGFkNkdiQlQzZw,0.9982967,0.0016076366,9.568176e-05
2020-09-03 07:00:00,What Is MLOps? - NVIDIA Blog,NVIDIA Blog,https://news.google.com/rss/articles/CBMiV0FVX3lxTFBKQ3QzMmhic1Njck8xV0xDNktxd2dBSnZWSjVYbXVaNjdaLU1yT25mQWIxOG9vTGp4dllEcS1EZUkxRzJBTkdGNDJnaTdsZWswM3VXRDlRVQ,0.99956185,1.728151e-05,0.00042084564
2020-09-04 07:00:00,NVIDIA Reviewer Toolkit for Graphics Performance | GeForce News - NVIDIA,NVIDIA,https://news.google.com/rss/articles/CBMidEFVX3lxTE8tMkQ3cG1kY0tQQW01NHZ2R1VQZlBjQk16SlFYN0xXeEw0T0hfQnJiZWNCM3p0dlkzRnBQQlRYNmRiVFNMcks0eTZfQmhyVDc0emVScVVlcFVJZjF0TkNVdTBJcEtfdGhRRTF3Mkk3SC1zZHlo,0.99666303,0.003298342,3.8620998e-05
2020-09-13 07:00:00,NVIDIA and Arm to Create World-Class AI Research Center in Cambridge - NVIDIA Blog,NVIDIA Blog,https://news.google.com/rss/articles/CBMidEFVX3lxTFB3M0NnaFlZZV9rbmJBeUxFcldfSWlxaU9LODc4dE54RllSTk1HXzdxMWZDNkgwOTExNURqd0lRVVpxQmR0R2N4dy0tT3JHT0Q0VDduTGRSeXRIZWFDbzI2NW5xZUJNZ3pSUzhsa2xWTlJvYkw4,0.99837863,0.0016092021,1.2098949e-05
2020-09-13 07:00:00,"NVIDIA to Acquire Arm for $40 Billion, Creating World’s Premier Computing Company for the Age of AI - NVIDIA Newsroom",NVIDIA Newsroom,https://news.google.com/rss/articles/CBMiygFBVV95cUxNZnhpdDk4WGJpSjRwa2p5LVpla2VlVWRnRXBQQ3lsYm1fd0hDMHVERVFXbk5GWEJXcTBvTl9BMF92aVZKdW5RRWFXcWJ2WkZGcmNhUTBET1daaDMxOXktaTNHWEpUN2RkUVlXdWlGWkZjYl9yYURWWDE0UTBOeUd0ZHFFeGdtR3k5ak9oOGtZUzRrTzdyZzc3N0lRQ2JSaFpweFZCWE9FMGtPTkZsUWNUQlNTTDIwT0dWRlpOQW9ILVg2Rko5S2o3emNB,0.0011628249,0.99883693,2.9593298e-07
2020-09-16 07:00:00,Nvidia RTX 3080 review: 4K greatness at $699—and good news for cheaper GPUs - Ars Technica,Ars Technica,https://news.google.com/rss/articles/CBMiswFBVV95cUxPT0YxQ0lfWHJ5QjlQV3FXTFU1Vm9KNURuX3p5d2ZNOENPY3AwRE85TENscGpMcEtlTjlBUlF0U050R1p5RHcwbTQ4Y0FBTDdIdVhwU05sc1JzUTRta1BUMjhtNU5XbG5nNTh1VzQ1bWtDdkdvMzYzMGVtZzMtRXNuWFRYYjJXY0xWX0RiNGRfVE92NzVnTGd1dTdDTENPN2JUR3JZMElVNGs2UzRRZGtuVFBaTQ,5.730808e-09,1.0,8.764779e-09
2020-09-17 07:00:00,GeForce RTX 30 Series Graphics Cards: The Essential Specs - NVIDIA,NVIDIA,https://news.google.com/rss/articles/CBMingFBVV95cUxQb2pUQ1d4UFpSZlVKS2t0NHJwVkM0V3BfU2lJTnZLNjRuWGNHMDRKRUk1Ymg1ckd2RWNGajZjN0JVQV9oNlZNd2w0TmZoT19uVzhkdWhKRnh3VF9LbUwzR1hzSEc0NVp3d1U1WWhidUJMQU1zN2xvOG05UnRTUEQ1d3NUQjhIRGtWRmtBdC03LXM2cHhGSnluMjYxY3JaZw,0.9999825,1.3100187e-05,4.462473e-06
2020-09-17 07:00:00,NVIDIA Broadcast App Out Now! Turn Any Room Into A Home Studio On GeForce RTX GPUs - NVIDIA,NVIDIA,https://news.google.com/rss/articles/CBMicEFVX3lxTE5tMFRzT0RlM0tvdFhpaGw5amc3Z3NxQmhwV1ZmeUFxRTN5MVUxMU9HVG80Q1VQRTJieWNES0lNVm85OGlYQThaVGk4N2pRV0tyZjlpOC1LY3pVUkxIN0swbUNCcUZVVTZWQ2c0djJXZGE,0.99990416,9.41197e-05,1.6138439e-06
2020-09-17 07:00:00,"September NVIDIA Studio Driver Now Ready For Download, Supporting Creators With GeForce RTX 30 Series GPUs - NVIDIA",NVIDIA,https://news.google.com/rss/articles/CBMihAFBVV95cUxPZGV6bjB4d0hESnlJeWtsQjdzOXlaU05TbHpQTmdmWjlvQVd6WVRjMlROZ3pIU1JQeHdoWE1mYU9TVzJUM0lMTWY5c2J1ZnpBV0V6YW9hLUZXME55LWo3MVV2VV9vb0pEcnhINXdvamZGTHZieTFzY0N1bTViLWN5VEktd2g,0.9981591,0.00184004,8.7487444e-07
2020-09-17 07:00:00,"Fortnite RTX Out Now! World’s Most Popular Battle Royale Adds Ray Tracing, DLSS and Reflex - NVIDIA",NVIDIA,https://news.google.com/rss/articles/CBMikwFBVV95cUxOWGtpU1lTblFxTXE3eFg3bFhGMkN1RHNka2FoSy12SVBLTWcxa1dlYTZhYm5vT2h6Z19SakhTeHVIdjg3S3F1bE1seDB2RHh1TUw4aXRFVXNKVWxGckNmWHZyYWxnUjhMRlFIRWRWWTNxUWduWFZkZVpZTTFjRENvR0piVFo1VUFUaHhkX3JkX2hGWVU,0.9998667,0.00012408014,9.127356e-06
2020-09-17 07:00:00,"New Game Ready Driver Brings Support For GeForce RTX 3080, Plus Fortnite RTX, NVIDIA Reflex, NVIDIA Broadcast, and Much More - NVIDIA",NVIDIA,https://news.google.com/rss/articles/CBMiigFBVV95cUxQZ19RQjJFdWtSSkJDZGJsSUZjVkdnR2dKcXhMaXVHT3JIMGs0a1l5RG5FdXZPNmdJVVdXX01OdmxhVERmSE1fTHhDMmY3N2p0akdGYVhjV2ZxdnJ5dWxKdnFic2paR20tTDNHYllOX2I2VEhOTktiQlF3ZnV5M2NqN3kzdTVhdzNlYkE,0.000100767764,0.9998989,3.0747822e-07
2020-09-21 07:00:00,"GeForce RTX 3080 Launch: What Happened? You Asked, We Answered. - NVIDIA",NVIDIA,https://news.google.com/rss/articles/CBMiZEFVX3lxTE52bVhuaFBzR0EtUFYyYTVYejU5YVJfMTYtR2JweEZ2c0ZKajNZek5HbTBuZjRUX3VLbG9Cc25fU29Wd2diRjd0bldleUdLUENTSGpucmd1T3BDaGVwODVYVm9EYXo,0.9997273,6.0903112e-05,0.00021172279
2020-09-26 07:00:00,"Whether It’s Rembrandt or Toilets, ‘Curiosity About How Things Work’ Is Key to Innovation, CGI Legend Pat Hanrahan Says - NVIDIA Blog",NVIDIA Blog,https://news.google.com/rss/articles/CBMif0FVX3lxTE5CRER4bHl5Tk5obHBMdmFqcTJtS2VNNnppeTFyQ0NuYjJaWTNhaGNVLXZwUFFsWWJRVklaQmZOUVZyWGVGbjdUYVZReVpaZlBhNy1kRGVydUFVc0VNMkZOVDhMOExiRGN3d0VzUFRDV0NRSkJTWjRVLTQ4eGJhMmc,0.99965036,2.0637666e-05,0.0003290358
2020-09-29 07:00:00,NVIDIA Reflex Now Available In Call of Duty: Warzone and Call of Duty: Modern Warfare - NVIDIA,NVIDIA,https://news.google.com/rss/articles/CBMiogFBVV95cUxObXZMVzhSeW9mT2pZN1NjdnF6bjhraTdnZHJ3TEFBUG9YSkRrUUZKbndDQW1GLWY1LUpvOVVqVjNUYjYxS2tLeDJHNm0wdktvallYczFfYm9Qa1N3NXItZmNmOFZZNm1fX0xlR0xhdGhhSC1UZE1LTXVvbHJ1a2t6OW5UUXFabi0zX01nUVo4bUpHQmRDZ2hMVDJmSVNCX1N3WVE,0.9999944,8.141417e-07,4.7425356e-06
2020-10-01 07:00:00,GeForce RTX 3070 Availability Update - NVIDIA,NVIDIA,https://news.google.com/rss/articles/CBMihwFBVV95cUxNQy1wRGdSbzF4YXI0eEdSY3EyMHJ0YlZMa2h3SzVfVmpUUVVNeGhYb29IVDRUcDh4NW0zMnZOMGd4NWpYSFY0NzRMc2FKeTR6dWYtWDBYMG5GbUp1NnhQbW9OM3lUWUM0R1B6TU5acG9xXzd5c09VX2dkYTVsbDJYSU1BX2JNcHc,0.96860695,0.03132068,7.237931e-05
2020-10-01 07:00:00,"Get Trained, Go Deep: How Organizations Can Transform Their Workforce into an AI Powerhouse - NVIDIA Blog",NVIDIA Blog,https://news.google.com/rss/articles/CBMiekFVX3lxTFBINWVlOGRHUXl3VHM0ampaX2gwc01LckgyUmRweV9BTGc5ZUZsaTVmOG5nRHZ6ZnJtMy1jMC1sbXhpQmhMaWVZcHRyVnY5V3N4TWJpWEI5NlhfYkhUSVgxYXp4MlJ5TlBCQU1WZGFYS3JIejJSdlVCTHh3,0.97368616,0.026205644,0.000108155305
2020-10-05 07:00:00,"NVIDIA Unveils Jetson Nano 2GB: The Ultimate AI and Robotics Starter Kit for Students, Educators, Robotics Hobbyists - NVIDIA Newsroom",NVIDIA Newsroom,https://news.google.com/rss/articles/CBMi4AFBVV95cUxPYy1ZdGt3T203am5EMi05S252SHhHcFcwdVppdjVqejV6NUFwZ3RFQnJsMHBfT1NTazVnaG90NGh6ZUVQamxUVEFPZldwcXRhUFJ0NGUzMVJUQ3QwZlZXOEFqY21HSHg5b1doblRiUF9YMDVwZWw3RmFzZHMxMzdXN1NzcTJDTVhmTEtnSVdYMVktYmtTTUM2S1dXaEFlWWdpTmpPQnBSdlh1UTB2aDdxb19YRzNqcXVLQ0hnd0syT3VxZ2xEMWRQSVczNDdybWM5djdwTlg5QmxrNTkxczNlQw,0.9999832,1.1779449e-05,4.9609066e-06
2020-10-05 07:00:00,"NVIDIA Introduces New Family of BlueField DPUs to Bring Breakthrough Networking, Storage and Security Performance to Every Data Center - NVIDIA Newsroom",NVIDIA Newsroom,https://news.google.com/rss/articles/CBMi-wFBVV95cUxNQU9zYldsUU5HeDRNQUdWQWJzUXlaenVRVDlvZDlIMnNlakN4YzFBMWloMHQ0QUlrdHZKNlRGTjZKQW5NazM2UGR1ZjJDaldEclM2WUQ4cE9UQjl5WnFIb3FwU05jSk9uSHI2MUh5UU5keTU4N3FnTzRMdEVmUXhkYmpOaUszUGVtbDRyNnlnYTBFTmVBT3p3MXg5QVpuRzlBYkNHZlNaUVJNM3JaczFRbngzckMzMEd1UGpLY3RtYXVYOWlqS0ZaRE83eUZRZkJyYTN6dm1fOVBNZl9vTXY2dTdHSG4zbGRfWFVzVVlsVGYtR3BSeVFUSlBaYw,0.0052082352,0.9947864,5.2957525e-06
2020-10-05 07:00:00,AI Can See Clearly Now: GANs Take the Jitters Out of Video Calls - NVIDIA Blog,NVIDIA Blog,https://news.google.com/rss/articles/CBMibEFVX3lxTE4taUxQaGtqV2ZZSjBPcXF1RDVSYlFFY1ZIMlAtRDc2X2xLa3BCZU9DQXNmalhsclNZZzYtX05qNDZIclJNMTl0cGVtRklZbHFoY3hCTmFQZlNxbUZmc1BCWEFvcTNxWkRZdUJhUQ,0.998604,0.00018295077,0.001213106
2020-10-05 07:00:00,"NVIDIA Announces Ready-Made NVIDIA DGX SuperPODs, Offered by Global Network of Certified Partners - NVIDIA Newsroom",NVIDIA Newsroom,https://news.google.com/rss/articles/CBMiygFBVV95cUxPTjJuazFzOU01aFNtcS1nM2FMRE5abnJGTjJnT2hHWWpwdWVRU1dLZGZCYjVtUnlpd0ZZMjV5My05ZGp6blR1Z1MwblVNbWZERzVYTnBkbFpXS1Zua0VGYVVKLTR3b0VqRjEyMHBrMlVlUU1iVjBwdzRJNXhabDctajJPWFFyeWluejkybkpLX0NxX2J1UTJHbFI1YktUTXp2R3U5Y1ZLVW1CeUVtcXlDLV90VDZ6QTdqTlBhanVrNzFSY2VsSUFFNTF3,0.9956768,0.0043210997,2.1009698e-06
2020-10-05 07:00:00,NVIDIA Accelerates Arm from Cloud to Edge - NVIDIA Blog,NVIDIA Blog,https://news.google.com/rss/articles/CBMiYkFVX3lxTE5NUFRkUTZIT1lIaFhOeFA2ME5zQTNxNWhEUkdoUlJaeGZpblU2UWhwRFoyY1AtM2RqTEphVkFxR1FTd0RhRWNWTnZRSkNheXlYVm0yRkZIcWxPMkRwTWdkek9n,4.2957094e-05,0.9999566,4.935026e-07
2020-10-05 07:00:00,Global Technology Leaders Adopt NVIDIA EGX Edge AI Platform to Infuse Intelligence at the Edge of Every Business - NVIDIA Newsroom,NVIDIA Newsroom,https://news.google.com/rss/articles/CBMi3wFBVV95cUxQTmdlTzFudGptQmZPODdsZElzT2FBYkdrUTJyb2E5bXprM0hHVVQ3S3BNbUE1LWpfM3hBUC1PS1hLTms2bVNDckxqaTNZZjRFWkh0OHFiN1VSMTZwNGVGYjhsYWdVTmtVWktabGFZQjE0WlByc01jZ215ZW1yUkg4UW5iN2hTNmdUeEpGLXRvTzFOZnBZRmRwSmxJS202SkRleE9sZzRXM0plR3R6bUtKZ0o4Wkh4R1VfbTd0SGV3c25jMWJtand4OWtCWWt4dURaOENPVm9RMG9Uc0V1bU5B,0.004837795,0.99514455,1.7627568e-05
2020-10-05 07:00:00,American Express Adopts NVIDIA AI to Help Prevent Fraud and Foil Cybercrime - NVIDIA Blog,NVIDIA Blog,https://news.google.com/rss/articles/CBMiaEFVX3lxTE0xS3owdzdjQWx0QUQ2Mk5JQ0hkbWFaamsyaGU5cTFfc00xVWRTd0hKcXJBUUpNaEt1SFVWcDlpS09VOEZ0RVZzZ2Noa25jRG5JRTNIVjFKc3RvVlFvaUZvTkk1cXUycmpS,0.9973532,0.002501092,0.00014580123
2020-10-05 07:00:00,"NVIDIA Ampere GPUs for Professional Designers Bring Unparalleled Performance to Desktop, Data Center and Cloud - NVIDIA Blog",NVIDIA Blog,https://news.google.com/rss/articles/CBMiaEFVX3lxTFBxS3NBaXVCN3pURmY3M21BUll1S0pLMUpXc25vSGEtTnBKZ1MySVlrLW9mVENrN1ZXLXdMZnFQUGdaV0JwTE5hem14bHNkTngxVjN1LWh5Mlk3dkVqaVdmeFNPM3UxOVND,1.1566904e-08,1.0,2.309304e-08
2020-10-05 07:00:00,"NVIDIA Building UK’s Most Powerful Supercomputer, Dedicated to AI Research in Healthcare - NVIDIA Newsroom",NVIDIA Newsroom,https://news.google.com/rss/articles/CBMivAFBVV95cUxOTWs4SkFLUFpKUVd2S3J4WHViZ29sR1oyM1ZlUTNsRmk1ZktFLTJrQldIR0FVZTBIazFZS3ZEV2NHU3Bvd1RUaDAwVVo5cWE5Wm85Tl9iQVpqa1EwZHlCSk9lbmFjWThHcS1JYkkyS3JjckRSejdvYUV6YlBlODQwdm1pNnFnM2xfRkJxODFIMzFzcS1BUE9DaEJDQ1dITmRrYUVBOW1nOG1UWnlCTmZOWmpMdFNnWk5xQmhVVA,0.03588133,0.9641168,1.820188e-06
2020-10-05 07:00:00,New AI Technologies Announced at GTC 2020 Keynote - NVIDIA Developer,NVIDIA Developer,https://news.google.com/rss/articles/CBMic0FVX3lxTFBBTkhFYk5RQk9YbV9jSGk4ZUhzSE5YR1dJU3RlaHc4WHVQajluMENQWnFuWXI3YTZnQ2psaFVGT2FaQlBiekFqTENUR1EwZ0JlVzJuY3EzbHZfRnozN0FIU2FqTW5Oa04xWHFFNmNsRkFGTk0,0.99990785,7.315167e-05,1.894686e-05
2020-10-05 07:00:00,NVIDIA Broadcast Features Now Integrated Directly In Top Streaming Applications - NVIDIA,NVIDIA,https://news.google.com/rss/articles/CBMihgFBVV95cUxNQ3NlTGY3Uk1LeGMzbEJyLXFsWm1Pb1lIN0NXNW1PN3N5SXFBaHcxQllMTy05LUZxeTN5YmpZQU41YnRWT01PYVhmZy1QdnFHQWg5S2JrYVJNc3pIc2t5RUxqMWhUdEtaUFpoM2s1cnhVSXBEdEVKS2JGMkxBT0F0Z0o4dXFOUQ,0.9988715,0.0010894872,3.8980816e-05
2020-10-05 07:00:00,NVIDIA Announces Partnership with GSK’s AI-Powered Lab for Discovery of Medicines and Vaccines - NVIDIA Newsroom,NVIDIA Newsroom,https://news.google.com/rss/articles/CBMixgFBVV95cUxNaGJGWWdqNko4a21xZl8zS0xhdHdBT3p0YXJBaXUybFI0bWdkaXhVZU1FNEp1dUFUZ0QycWRGNXB3WmhLQmFJYnEtOG1rZng4RDdMSG9FV2xPczZOWTV3TmRoOXVUTjZCVjU5QnNIeDhYa2ZUTmNGMjdzVlpDclBVVEc0ZGFXUzc4UFZhTEEyNEdwaVpyanctS0FRZ0l2RG90Rm1LRWI2R0FWVDM0QnAtbW1qMUdHcGFvWjZSYzFZTlZ1Y2xqRXc,0.9780382,0.021955466,6.3987304e-06
2020-10-05 07:00:00,NVIDIA CEO Outlines Vision for ‘Age of AI’ in News-Packed GTC Kitchen Keynote - NVIDIA Blog,NVIDIA Blog,https://news.google.com/rss/articles/CBMiwAFBVV95cUxQN1EtMjUwOWx5MUJIbDhidlBxbl94cnliV21NdXNFTFdXVDRvMDZCXzkxVHdYS0VzeWZxWnRXZDZyM1pCRmN3S2hoOGFNbEFQUXh3dXQxcEZCankza3BkS1BTVUNQakpnUlU3VTJmV1lMcmw5dXU0czNFcVMwM3gyeUIyWnJhdVh3VkF1bDRXbi1BNXNFTHVIeXRLSHRSdnRLb29YWUNkbHlVcjBYNzlSMjFWa0lxQ0ZBdU1iaFBQLXA,0.9999949,3.713224e-06,1.4015787e-06
2020-10-09 07:00:00,Streamlining NVIDIA Driver Deployment on RHEL 8 with Modularity Streams - NVIDIA Developer,NVIDIA Developer,https://news.google.com/rss/articles/CBMiqgFBVV95cUxOeW8ybTBVd1JiOVBXQkttcHhSRG5seEgzYmNaeHFQb1RROXRiZmNSVWJQTmQyZUhYdUpBSmFGYXNQQVdRa2ItN015R2o4QW05WHRHWi1hMHFjRGJVTEFVMXV1S1ZYeHQyYTRQVk5rbEtNXzVaYUoxaW5uRlJiMEk0QzVPVG9jNTF4WVVrR3Y4dFFrWW1sclRUdF9BSEd6eFg4dWwtcXNVVGh4Zw,0.9761159,0.02385391,3.0290927e-05
2020-10-15 07:00:00,Europe Launches New Era in HPC with World’s Fastest AI Supercomputer - NVIDIA Blog,NVIDIA Blog,https://news.google.com/rss/articles/CBMiZ0FVX3lxTE5mLWUxbTdLa08tdmMtWHRwQWRCSndTTXNRaFlRTFVmaE1qU0tHcW1LVGFOSHBHUTJQSU81QUJaQnZmYW5qOTZzUnFLc2FsQkdKMmF5WG5EWjBxRXNnQmkwMEdfSldkUGM,0.003325952,0.9966659,8.14734e-06
2020-10-15 07:00:00,CINECA to Build World’s Fastest AI Supercomputer with NVIDIA and Atos - NVIDIA Newsroom,NVIDIA Newsroom,https://news.google.com/rss/articles/CBMipAFBVV95cUxNVUd6UDlrTUVycWFreVdrTVVIU1FnT3dqSGQ5bnllX2ZaRHBrWXlfVk5ZN0RHSDBSNDVlOVRlY2lBcklJSWNQLXk2Wi1Gb24tall4eEw2TE9ETDEyVW40dWEyYWJQYzF1bTVYejJpNlRyWnZjRjhWU0ZfSFRETklPR0VNSjFYc0Fuc05xbGgzdGN5R3RNTkJFOEFsYXlYX3g1ZkxsZA,0.55320597,0.44676957,2.4496609e-05
2020-10-20 07:00:00,RTX ON: A Dozen More Games Will Have Ray Tracing and DLSS This Year | GeForce News - NVIDIA,NVIDIA,https://news.google.com/rss/articles/CBMimAFBVV95cUxOdUJkSldVSGtwUmdrRlJKX1pjTnlsZDlXdDEwSnQtRlBFUF9GckVWN1NTNFpJNGQ5UU5mY2l5djNabFVqTWZkRTN5bkhDTFRHQ1JFQnlRRlZCRkdqSWhfNXBiUFM2ME1OcThxbzBWZmNjY0JOQmxLd0RfWGVoZy1iclVRZkc5U2pramN0WlhTS29zVTVoQmdSag,0.99995804,4.008483e-05,1.8583762e-06
2020-10-30 07:00:00,GeForce RTX Call of Duty: Black Ops Cold War Bundle Available Now - NVIDIA,NVIDIA,https://news.google.com/rss/articles/CBMimAFBVV95cUxPdnpTYllwc0Y1S201S2dLVjVPamZPbjRocElxSVp2S3AwWXUwVHI5SHZ4TERBU1hOd0toRU9XcXk0cXZWSFBnNWxOc2VlSkVLSWFfN2tvRTI3bHlkYU94U043VC1BUDNnNWN6elp1eF93a3FxU0NTNzBjUUVaLWdHd01TdThfY3p5OGJTLWxrcnM4ZThYdVlrTA,0.9999888,6.0733846e-06,5.1551815e-06
2020-11-09 08:00:00,"Hyundai Motor Group Selects NVIDIA DRIVE Infotainment and AI Platform for All Future Hyundai, Kia and Genesis Models - NVIDIA Newsroom",NVIDIA Newsroom,https://news.google.com/rss/articles/CBMi4wFBVV95cUxNQ2FyY2ZnQWtGRmg4MWFLaU9KdFZMWktqQkhiQ0htd2IxZ1dvOVk1VXNGTTExUzBVRzgyMFVmMk1aNWNSUk1acHVJbF9uM2RvMjZyRXB1U2MyTmhPX2lmQkdyOHM5OE0zc1RLb05iN3FWakhEcXo3eklycldsaTVKOE03T1Vha0RFNjlyUVd4OGlieVNGM2ZxUC1nY2hyRmpNQlU5d3lwSDQ3ZVhTOGtTTUJLSTZkM1BIcWhGZllPY0JueGZxeG54dEt4S0FIMjVodG90STVRODU5cmlsb0h5TlljOA,0.99999917,2.985646e-07,4.78769e-07
2020-11-16 08:00:00,"NVIDIA Doubles Down: Announces A100 80GB GPU, Supercharging World’s Most Powerful GPU for AI Supercomputing - NVIDIA Newsroom",NVIDIA Newsroom,https://news.google.com/rss/articles/CBMi1AFBVV95cUxPSWJIWGVsTzBOQTFReFU0MHNxYndMQ0ZwRnJjYzRCT3BLNEpHMUFSdHhyV2hWQWoyNlNhdlJZUFpjZmhjSTAxRlN2UXNrVklHcUZnZVNWS3EzbzRmcmpDeG9zaHlJUWk2d3lMckltcWRIN3BKc2VUaFhBeVNXRllYR0o4NGJzb3ZfLTFTMGhUVXFlRzVvblMySEpXY1NkNHlZTlh2S2VGU1N1WW0xTEtJY3FtV0NDOUtoRWtaTmxiVWViSEVsVHF5X0szRERJU0d1RTBqOA,0.000887017,0.9991103,2.7515139e-06
2020-11-17 08:00:00,4 Games Just Got Faster With The Addition Of NVIDIA DLSS - NVIDIA,NVIDIA,https://news.google.com/rss/articles/CBMigwFBVV95cUxOMmNlaXg1TExjRi1KX2dvdjZxRS13UU9hU2s2Z3pVNHU0Q19BMUFyU3ltWXZYOGcwOUk2VzJlV1l3TktVeTl4OWl4Y09ma3Nod0RBMEhITnVGazFmdGpndC1tZVJUa0tlYVBLZlkyOVJycmJSc2xRRnRjdUV5dUZyOG50QQ,0.0007389412,0.999257,4.0979025e-06
2020-11-19 08:00:00,GeForce NOW Streaming Comes to iOS Safari - NVIDIA Blog,NVIDIA Blog,https://news.google.com/rss/articles/CBMiZ0FVX3lxTE9iMGhqNGZ5QXVIUWtTdTdqUHhYVFhWaF9peFNqTVRrQzNwdmVSeU1Kem43YVg2X18waC1MOWxDOVl1Um5VZ1NacDFEMGJMa1N3RDZyQlhkRll5Zk9jQ0hDN3hVZHZ2Z1E,0.99982566,5.140311e-06,0.00016924471
2020-11-30 08:00:00,NVIDIA Launches Inception Alliance with GE Healthcare and Nuance to Accelerate Medical Imaging AI Startups - NVIDIA Blog,NVIDIA Blog,https://news.google.com/rss/articles/CBMiekFVX3lxTE5lYnJRWUdZUXJZY0l4czFLRHFUSkFrd2ZaaE9IcFU4OHZYX1dHdmdsNFRrZTkwZnNMaWt2aGpVZFh6ZHBXTzJmUW5vaUN4X1FEYmdSODd1dGtjYTl2elc4cmw1Y3hoM2pKZnlxbUFvaWQ0QW1uaC1vUk1B,0.9821361,0.017827453,3.6457677e-05
2020-12-01 08:00:00,"GeForce RTX 3060 Ti Out Now: Faster Than RTX 2080 SUPER, Starting At $399 - NVIDIA",NVIDIA,https://news.google.com/rss/articles/CBMigwFBVV95cUxNa0c2TmE5RU8zNVJWX0tVZng2a1NpZmdFU1R1QTFQMEtwOWFqNXgwaXYzRHp4T1lueFVvbkJTOWpBd0R4a1ZEWVV3ZEQyMy1HWE5WWS13WE1sSnRfZUhOWWJPMGw4MG9rQ3l4TDNETkdBeEl6bXB1NktjOUpCVUxrZ0ZZZw,1.2404789e-06,0.9999988,2.2031767e-08
2020-12-01 08:00:00,NVIDIA Debuts GeForce RTX 3060 Family for the Holidays - NVIDIA Newsroom,NVIDIA Newsroom,https://news.google.com/rss/articles/CBMikgFBVV95cUxOZ25HM3ktcXJmT3ZUVEd4U2xNSmdEbWlFYzZkY2pha0lQQ2VkRnY4WmdwekdOa2x6SzdST0p1ZEp4al85MTBCYmtKMXRwVWlyZmh2bjhfVFo2VTZIdXR3QkZCWFA3VnlfYXFEZE9kMDJVUjhCalppU0RJZW5UcWVnbFY2bzl2aVlaU0xWX1ZuVHh2dw,0.99933285,0.0006659143,1.2065374e-06
2020-12-07 08:00:00,NVIDIA Research Achieves AI Training Breakthrough Using Limited Datasets - NVIDIA Blog,NVIDIA Blog,https://news.google.com/rss/articles/CBMickFVX3lxTFBneWlvOEc3QzNCTG1KZWdYRGRNV21LdVNYb0trNzg5OXAxS19ocVVSb3k5Vm5jM1hIU3RCSS1XMnBhRnlHX3A3WjZ4T0FKaEFxUS1JeFdOdUFrT2VfTnpqMTRFa2JqRTRLSmNwZ0hsblJmdw,0.16134803,0.83827186,0.00038014934
2020-12-08 08:00:00,Minecraft with RTX Now Officially Available For All Windows 10 Players | GeForce News - NVIDIA,NVIDIA,https://news.google.com/rss/articles/CBMihAFBVV95cUxQWjRaQV8wZmVud1ZuUVRFT1AwUFVqUWtZSDJOWEZ2VldMZTFRTTQzcmdoTWFDOFc4aTlzdE9oNUlxR3kwcU14S1d4N0NmSmVZaUVMUUhZRm9Fa00wOWVtY0hadFJjX2FrNGNiQnd6YkRNbVBZY1k4anRySWVGZUs4UzJHLVo,0.99987936,0.00011966166,1.0026837e-06
2020-12-08 08:00:00,"Cyberpunk 2077, Minecraft with RTX, and 4 New Games Add NVIDIA DLSS This December - NVIDIA",NVIDIA,https://news.google.com/rss/articles/CBMigwFBVV95cUxQem0zajJFdVQyVXNSaVI3SV9xSFpYSGFoYlBPMWt6WWNBOGxXaHFnZ1pVQzFLenA4V2ZpZWV0Z01EVDNxaWs1MEVHM1hUY2dHWXZJZXVORGdBaHhfZkhPcXI2OWM4NS04ZzBOMTZER2U0UFh1NlBTdUtGRWR5ak1XMHVkaw,0.9971186,0.0028669795,1.4523167e-05
2020-12-11 08:00:00,Cyberpunk 2077: Optimize Your GeForce RTX Graphics Settings - NVIDIA,NVIDIA,https://news.google.com/rss/articles/CBMihgFBVV95cUxQYU15UXBzXzhhTGdpdzFac091WWJ6TW9OXzNvcHI5LU5FMmJibGFoZlZ6SnBVUnU4QkdTNUV2enpEWlJ0Mm5qNTV5MjVtaWNWNE02bGNScVUxRlA0b3g5NldQZ1VhQUw0bjBYYWpBNHl0Q3l6U2FHb3lRcUFPWGNqUDU4VjZ0Zw,0.7675123,0.2324122,7.5465236e-05
2020-12-11 08:00:00,Minecraft with RTX PBR Texturing Guide - NVIDIA,NVIDIA,https://news.google.com/rss/articles/CBMif0FVX3lxTFA0QTVBalU3RmpYU0l2QTRWRU9ILXNfbGMtU01wX2E2XzFhX1FWVFpSSjVsYkx3YmViZjFsdkMxTVpYb0l1M1Rzc2M3bVpmWGJMTkpDaE9pWG8wcnFkckdiV1dNYlJLWERudlRHN3lFM0ZweDdrRW5ZVm53RHF1OEE,0.99084693,0.008955282,0.00019787221
2020-12-15 08:00:00,The Metaverse Begins: NVIDIA Omniverse Open Beta Now Available - NVIDIA Blog,NVIDIA Blog,https://news.google.com/rss/articles/CBMibEFVX3lxTFBaVzIzTk5uYzZ4ZkNnZ0JSOEdHOUVra19XSGJzamVLYnVOdlBxUHBOY2lqdHpvdTJjb1BHLTl0eUlGaDQ4b0s0bWJXWFA4RDFJRktKMWxaTm5FV3NGMEVERjJxWU1FVDgtV0l0TQ,0.99999475,2.1481064e-06,3.105996e-06
2021-01-19 08:00:00,A Trusted Companion: AI Software Keeps Drivers Safe and Focused on the Road Ahead - NVIDIA Blog,NVIDIA Blog,https://news.google.com/rss/articles/CBMickFVX3lxTE45OHIzYmJ0S2pDRXA3TW4ydHczU08yMzJMa0xiMThCb01QWmdSRU1hLXhwS2Zzdl9xcTF1akEtUmpteHVGS19LZ0dQSFBQdEs5SnpNX2dBTjdqbWJuZU5od1ljUEpVSVZFbC1uNy1HSHJsZw,3.7219847e-06,0.9999939,2.4178892e-06
2021-01-26 08:00:00,Certifiably Fast: Top OEMs Debut World’s First NVIDIA-Certified Systems Built to Crush AI Workloads - NVIDIA Blog,NVIDIA Blog,https://news.google.com/rss/articles/CBMibEFVX3lxTE9Ta18yYUZaUGhyN0ZrWm1KazlOaVRHeGQ3anBhbC1aTlExQUJKQk1FTm9NaFIzc3loWkx4YXhEa19FeFFPUm1odGN2Uk9vNUozazg3T2FEUkVJbkVMYlZzWmxPUS1LR0w5ZzU4Ng,0.00024183077,0.9997502,7.933538e-06
2021-01-27 08:00:00,A Sense of Responsibility: Lidar Sensor Makers Build on NVIDIA DRIVE - NVIDIA Blog,NVIDIA Blog,https://news.google.com/rss/articles/CBMiZ0FVX3lxTE1Fd0tWZUt2ZmhlR1NUalFvUllLTHpmbTBmN1gyMDJKT24wRUZOMmFWZjh0OVNPbGdpdG9xUndCSklkWW1xaUxzX0xFeUR6elBuNHFuSms4Rkt2czhVOXpOY2VZTkpZQWs,0.9999478,2.2468546e-06,4.9903516e-05
2021-02-04 08:00:00,Achievement Unlocked: Celebrating Year One of GeForce NOW - NVIDIA Blog,NVIDIA Blog,https://news.google.com/rss/articles/CBMiZEFVX3lxTE5ULWVaYzRUQnlrVDl1RjdJWHdMRzJKVS0xVUJIM1ZMdGh6Tm1sdFI1dlhPTm1TYlg4OVdnVTdGdm4xbEJmRS1VOVZ2Rll4emJHc0JLR3lJaWRXajRqUldSQTgyUzI,4.4327473e-05,0.99995506,5.727398e-07
2021-02-18 08:00:00,"GeForce Is Made for Gaming, CMP Is Made to Mine - NVIDIA Blog",NVIDIA Blog,https://news.google.com/rss/articles/CBMiVEFVX3lxTE5tdTEtczROTHBIU1NaZ3VhT1hBd0RhWThHRkRUdHJmWk5KVzRpcHptY20yclRnR3pXcldxcm1QTmlyUFhrcV9jRTI4YmU4NUVmcV8xNA,0.99999475,3.1306655e-07,4.8661373e-06
2021-02-25 08:00:00,GeForce RTX 3060 Game Ready Driver Released - NVIDIA,NVIDIA,https://news.google.com/rss/articles/CBMigwFBVV95cUxQSkhTRTlybmh6VGxGSDRIOGowcmNyUUZiRHd2bXNackNfQmVNcFBwTGltRC16LUk1eTFRdGZGdUxvWmpyWVJXd29teTBBSW9PSUdqekkzZ0xDSzhXUnhZY0VIUzllU0xib0Fpbm5rZVhNeVpmdWU1SWktZG1zSEhfUUlMOA,0.46286502,0.5366295,0.0005055307
2021-03-05 08:00:00,What Is a Pod? What Is a Cluster? - NVIDIA Blog,NVIDIA Blog,https://news.google.com/rss/articles/CBMiYkFVX3lxTE5tV29aQjEydXFCOUVQcTNvZGNMUzEwdTdiOW1kNlRWeUtRZHRzak1GTEgwUTItQm1BQ3Z5eDdGSDhLR2JvWWFlWGdTQWpIVkxwejlBUXRMZ0txOTRQTmpWNF9R,0.99997735,1.61211e-06,2.0970898e-05
2021-03-09 08:00:00,How Suite It Is: NVIDIA and VMware Deliver AI-Ready Enterprise Platform - NVIDIA Blog,NVIDIA Blog,https://news.google.com/rss/articles/CBMidEFVX3lxTE5MWU9WNGJOelEwZm5VT1NSSEVjeHhUOUtjWXU0WXRkQ180TVJJZ053LWFFVVZfV1ljbjlua0V4enZHUXdabThPNllZaEFmdFhvLUNINzZGU3dOdGxxendCRzdmaEsxa1ZaQ09KLTJzVFlDc1Yz,0.94997036,0.04998049,4.91341e-05
2021-03-15 07:00:00,Enterprise IT’s 3 Biggest Challenges to Running Modern Applications - NVIDIA Blog,NVIDIA Blog,https://news.google.com/rss/articles/CBMicEFVX3lxTE1RRWNkUXJ1WVNlRXhPdkoySUk4dXNuT29jbGY2aDBUQVYwSi14QjJzeXBHaDZEUUdCVGpsald6RGNDTm9GX1V5X2hMT1JvQzVhRjFlT0lmNHVzSGtFWnFYMDlFRE1IdVJSNTVpbHR0emw,6.749136e-05,1.3114995e-06,0.9999312
2021-03-18 07:00:00,GeForce NOW Gets New Priority Memberships and More - NVIDIA Blog,NVIDIA Blog,https://news.google.com/rss/articles/CBMiYEFVX3lxTFBEbHF6S2RVbVByc2M3M0hkQWZSV2V2elhyQncxS0hnd3F2S0E5UkRCMk9zNXJHUVN5Y052Qy1SREwzX0hSQ3BOb2Q5NGZjQXlyajBEaGhGZmlleXFuWG9fTg,0.48125175,0.51849097,0.0002573908
2021-04-06 07:00:00,"NVIDIA Reflex Available Now In Overwatch, Coming Soon To Rust And Ghostrunner. Plus Fortnite And Valorant Receive Further Latency Reduction - NVIDIA",NVIDIA,https://news.google.com/rss/articles/CBMikAFBVV95cUxNVWprQWZocHpPZlh6U3g4Y2pEalRtUk5NNk9ab2pPWlhfUXh4dG50bExPOWpIZ0xiVUdueE1ZY0ppUDcwRE9TWk9oMENBR1NjLUtPTUEwVlNBQ2pJYnlKd2JGZUJHdVRaQ0xNNE5SR1NQX25pQ2NHbm96d09qa3hMTmhmV1VpZHBteGxnMHVMYjk,0.68265194,0.31725323,9.48005e-05
2021-04-12 07:00:00,Top Robotaxi Companies Hail Rides on NVIDIA DRIVE - NVIDIA Blog,NVIDIA Blog,https://news.google.com/rss/articles/CBMifkFVX3lxTFBra0RnNkdpcUFfaHhsYWVzUkdadlhNbnFqNmRFdjNiaTU4a0NwREcwYXF1QWZhQ3ExekZDRzhTVWxHQTJPWEdlNlZGSUtKd0Y0R1c5aFFNZWZZSmRXOFpxZHlYdGZtQU9BZ1lGU2hBaWViaGNNMmRveUd6bjFoZw,0.9993667,3.3715452e-05,0.00059961795
2021-04-12 07:00:00,NVIDIA’s New CPU to ‘Grace’ World’s Most Powerful AI-Capable Supercomputer - NVIDIA Blog,NVIDIA Blog,https://news.google.com/rss/articles/CBMiX0FVX3lxTE95X1plQW9Rcm1Yb3pzZnIxMUtJV2NIdHh5d196RmhxNHdJTk5pcHAtVUQyak5wcGo1WDd3amVyQmgtRjBHenBJSGRqZ0JNcHJwUDAyNi1zR044OF8tOVQ4,0.019642126,0.9803027,5.512882e-05
2021-04-12 07:00:00,NVIDIA Brings Powerful Virtualization Performance with NVIDIA A10 and A16 - NVIDIA Blog,NVIDIA Blog,https://news.google.com/rss/articles/CBMiaEFVX3lxTE5nNDJRLThpWEs5N21ZMDYzdXRWY1k5Q1ZwUUI2bEhHdElEbG41Mmw1Y3JidFBrQnh1YlI3T1FnRjd3NmVobW1nTlhoaFN2SlJ6aGJIX3k1SmpJYkpWYjFsOXpJSWcxY0pP,1.1913926e-06,0.9999988,1.9226347e-08
2021-04-12 07:00:00,A Data Center on Wheels: NVIDIA Unveils DRIVE Atlan Autonomous Vehicle Platform - NVIDIA Blog,NVIDIA Blog,https://news.google.com/rss/articles/CBMigwFBVV95cUxNeElkNWphU2xkZURhWjl6eG9xTHFBano3UHpUQ2l2LXVVUW9tYnJXdXdEdnpkd1E4bkNrUFp5UHdhV1NJVk9rM0J6eS1KXzEwQVdpak5TOVB1S3VvUFRUSjdaX1BmNVdVUGdhcmx6a2R2V2dQZ2pQMG5jMUZXVW5sX21TYw,0.9999865,8.2893675e-06,5.10183e-06
2021-04-12 07:00:00,NVIDIA DRIVE Sim Powered by Omniverse Available for Early Access This Summer - NVIDIA Blog,NVIDIA Blog,https://news.google.com/rss/articles/CBMiekFVX3lxTE9hNzlvTHBBZmpCeUptTGR5eHVOZ2lpd1VrZnJtZzhwVU5lLV9zU0FwQVRCOTNVeFZfdXFvSmhfYUkzSENTa1ZCRm9VcFBFRGdhTU5ZU1U2U29fUTdIZzZZTktmeEw3SnVhYUtENl9mal9WSm5nb2ZOTk1B,0.99999344,1.7197715e-06,4.871373e-06
2021-04-13 07:00:00,"NVIDIA, BMW Blend Reality, Virtual Worlds to Demonstrate Factory of the Future - NVIDIA Blog",NVIDIA Blog,https://news.google.com/rss/articles/CBMiZ0FVX3lxTE5DMHNEcVNnMDJtakV5bTh0Tl92NG9oRTlSWVpFd3A2QzdPSzRvYWVlbi1Ib1QtLWVnZkl5cW8yU29SR2FzU2JNX2U3aTAwU3ZXNm12bndBWHlJeERHRDh5QTZNdFhWYXc,0.9602504,0.039503947,0.0002456745
2021-04-16 07:00:00,"Knight Rider Rides a GAN: Bringing KITT to Life With AI, NVIDIA Omniverse - NVIDIA Blog",NVIDIA Blog,https://news.google.com/rss/articles/CBMieEFVX3lxTE01ajJsaXlDY0M1NXlsQ2dfdkxxYjVQQzltXzF2WHFHMkswMkRjbVh0MEVTcHVXVk1vdGhSTTRERFo4VndMdGNWcHB2U2ZwWVRNc3ctaFJFZGg1ejJWVXhRTVEzb3FDTTlqWFh0QUUxWmt4b216c1NDbQ,0.99985707,0.000119641416,2.324071e-05
2021-04-16 07:00:00,EV Technology Goes into Hyperdrive with Mercedes-Benz EQS - NVIDIA Blog,NVIDIA Blog,https://news.google.com/rss/articles/CBMibEFVX3lxTE5mLWw0X3FZXzluNmFCYkpFYkxSY3VEZG9yWUZmaHlmNWpoSTFYVjRETEtuYU9mZGNDamtMZFl1VlR3VE1mZEFxNkh5ZUlEb2xkNXo1eV9zLUUtaWl0YVBac2cwcmtrZmhHVlBSaA,0.99995804,2.660477e-05,1.541288e-05
2021-04-21 07:00:00,"Call of Duty: Warzone And Modern Warfare - NVIDIA DLSS Available Now, Accelerating Performance By Up To 70% - NVIDIA",NVIDIA,https://news.google.com/rss/articles/CBMif0FVX3lxTFAwcWFBVmlHTFdSaUZXc2JGWG9MNFA5Qnh3RGNNbVBvUlE3LUNlVWstakNjYlJ5ZG9ZN21mVmJXbTl5QXlBaVFBX2RoV2NOQWZOaVBwWGRKcVN6dzRDVHZkR1RJMkhUb2h5MXhrWjF6Z3dfbGFFMi1HRENhU3p6Vmc,3.4416087e-07,0.99999964,4.2687702e-08
2021-04-29 07:00:00,Metro Exodus PC Enhanced Edition Game Ready Driver: Get Your System Ready For NVIDIA DLSS 2.0 And Ray Tracing - NVIDIA,NVIDIA,https://news.google.com/rss/articles/CBMilAFBVV95cUxQZG1UOW1qQjM3WGhua2dPc3ZDUHF0YU9XV2d2cFhQN0ZCVkdrQW9mSUE1dFRDcW01YmZIYm8teWoyTm1ITFAyX1dmUU52djM2MW1MR3FMTVE5S3Z2OGJsbWI3QmdXRmt6SmE4N0N2eGxvRUdCTldXNG5hTnMxelloSE1jOVpac2xZa2wzNlc1eElad291,0.99988437,0.000112484566,3.1231352e-06
2021-05-06 07:00:00,Metro Exodus PC Enhanced Edition Out Now With Improved Ray Tracing And DLSS 2.0 - NVIDIA,NVIDIA,https://news.google.com/rss/articles/CBMilwFBVV95cUxQV2VNT0tMVmJoUU1SbzhIMFNZNUIwU2plM2FrVXdmNVJ1WXJBdllBWEtNMnFWWVJNYTExMEQ1dWcwRW9Xd3Fvejg2ZHhKekxXM1ZEd1lBYU9VQVhyNXRUMUZ3enhuSTFSTXdHaGhVczlBLVlFSTB2dXVKX25neFVuQjVsblRXbkgwNXk4X3dBTzVYTjNTczJJ,9.2451446e-05,0.9999056,1.9578467e-06
2021-05-06 07:00:00,"Rust: NVIDIA Reflex Gives Players A Free Upgrade, Reducing System Latency By Up To 38% - NVIDIA",NVIDIA,https://news.google.com/rss/articles/CBMib0FVX3lxTFBqMWRQTzU3dVhEMVRBVnVaWUZiNTgzaEFwYU1RRUh3Vzc2YUE1RmRoRmZyLWpYZnRyWGRBWjJrejNRU0NZeGpwR1haTndYWkxnSTgySjliamxYOTdSb2tfZGotdFdubUxYS2VoV3lQVQ,0.6376912,0.36036697,0.0019418551
2021-05-11 07:00:00,"New GeForce RTX Gaming and Studio Laptop Models Now Available - Over 140 In All, Including New RTX 3050 and 3050 Ti Models - NVIDIA",NVIDIA,https://news.google.com/rss/articles/CBMiekFVX3lxTE5HN1VTTV92RGhkek5rVVgtZ09QOHp3NnpKNUFuam0xOTBodXJIU0swTERJbW5PXzlucWp5YnVZSGkzeHRWQWI5SGk4V2V4WkhwTnNUTFNoMHhqb3p4SVZSOWZ2M19iME5XdUx3N1pfd3FUVUhHYXF6OGJ3,0.9990884,0.000883526,2.8066537e-05
2021-05-18 07:00:00,"NVIDIA DLSS: No Man’s Sky And 8 Other Games, Including The First VR Titles, Add Performance-Accelerating Tech This Month | GeForce News - NVIDIA",NVIDIA,https://news.google.com/rss/articles/CBMifEFVX3lxTE9vQmZSWWFLSnBTQ0dqUk11YmprQjlLNGVJZEV5cnJVT2YyNDZLZXlkM04wekNrZXRfOVMzUEpkQzJSRUIwc3dVZ09XT0tGSnRMTTVNMER3OVJLWW91M3hhXzRKclRIYVVELVBTUUU5aXJwdl83ZGJDMFdfcUw,0.038906638,0.96106756,2.5775887e-05
2021-05-18 07:00:00,A Further Step to Getting GeForce Cards into the Hands of Gamers - NVIDIA Blog,NVIDIA Blog,https://news.google.com/rss/articles/CBMiSkFVX3lxTE5NOVdSRDd1RUJqN0pZbklpb3Rpb0VoTHRoWmRVVGtFR1B2T2xSMkFydjBOQl9HaDA2MjVCcjBZbnVoMTBycnk2SzZ3,0.93919814,0.060692605,0.00010921957
2021-05-18 07:00:00,Days Gone GeForce Game Ready Driver - NVIDIA,NVIDIA,https://news.google.com/rss/articles/CBMihAFBVV95cUxPaE5VYWs5RS00WnQxdEdUNkQyWkIyQjVaWGlPMFptdFQ2ZWlMMHJGNTR3S3IzaEZYZGkxT1VLZDV5RGdNdW9WT19ySTdKRzgwc01JTndPSWhwX1hyX0pCSWw3U2JtNTdndnJhUHdadzcwbUtTalZGaEg4azdLNGtIekRnWG0,0.7985319,0.20089832,0.000569852
2021-05-21 07:00:00,"NVIDIA Announces Four-for-One Stock Split, Pending Stockholder Approval at Annual Meeting Set for June 3 - NVIDIA Newsroom",NVIDIA Newsroom,https://news.google.com/rss/articles/CBMi1AFBVV95cUxNWk9DU0ZrMVVFTTVyTUJvcVV4NFIxajZvRkgzZTNDbUVHdG9Val9aaFNURkU1MDktWmZLUHRHNldxLXBWUVFiNHhta3p6YzZWcVVseHlrV0dNLTVhYlQ5YUdFU0lzekNRM2liMjlMM2syQWZfTjFnQ0ljeVdOcTJnUHZMRURpOUVodUVpVVd2WEVmVlc1dU43MXhOdlBnNE8yeTdUb1FNNmszcGdiSkNOcGRiQzFQYk1LVnY3bGx0bXdpeUx5bXdSQVFUbWotajAtdnBBdw,0.99546754,0.004531245,1.2387787e-06
2021-05-26 07:00:00,NVIDIA Announces Financial Results for First Quarter Fiscal 2022 - NVIDIA Newsroom,NVIDIA Newsroom,https://news.google.com/rss/articles/CBMioAFBVV95cUxOOUtKb0pmZzZBUHpkRm5GS0NoNVNvWXJ1RFR2blRXRXlHelVVUHMtd3VSdzdHa1hOR05EQVQ0WWt3bkt2YV96Yl9jR0hRYklYM1ZhRERGeXJaYzRSV2ZxUGVzYzdDd1RPNlBfNGx5NWhIRnIwSTUyd2FkeVJ5c2VjeFE5ckxqWVM0Zmw2Q1R6MERVRC1BeFdpWDRKZ19rSUN0,0.9996006,0.00039411773,5.311094e-06
2021-05-27 07:00:00,Need for Speed: Researchers Switch on World’s Fastest AI Supercomputer - NVIDIA Blog,NVIDIA Blog,https://news.google.com/rss/articles/CBMickFVX3lxTE9EWnpmcWdVem1DUUlUMHVXQzA2ZXVkV095cVJWWUFzZ0xWZU5VRUhSN3p1ektxYXI0ZEpVVnBmdTBLSlVFMDVwa05fUTMxRU9KNWlNeWdMN3l6VXlicTlvTWd2YkNlV0c5VUVNcVNOTXAtdw,0.9974698,0.0016478063,0.00088246487
2021-05-31 07:00:00,"It’s Time For Ti -- Announcing The GeForce RTX 3080 Ti, Our New Gaming Flagship, And The GeForce RTX 3070 Ti - NVIDIA",NVIDIA,https://news.google.com/rss/articles/CBMigwFBVV95cUxQdmpUSEd4ckpqWDAzbHRFX3dWQnlpT1pNbDZ4bWhRMjFERlI1bDZlVDRYWUhuSWxDYWFCNGVuTUlHV0VqaVF1TmNRMzcteTgzQVl6SjBrMDZULWlYR0t6WTNzMHF4NVFrRmVkRk1aYXVldDlkYzJkYlp2OWNfZ0Vuc2VPZw,0.99996173,6.1792516e-06,3.2036463e-05
2021-05-31 07:00:00,"NVIDIA At COMPUTEX 2021: GeForce RTX 3080 Ti & 3070 Ti, New Laptops, New RTX & Reflex Games, And Much More - NVIDIA",NVIDIA,https://news.google.com/rss/articles/CBMiekFVX3lxTFAySlI4UFZMZ0ZNRmoxenk3Q20zUzk5SnAyejJpeGZvZk1VRnhkV2ZKRkdka00xRFZLZkt1a1BPS25ja1ZPeUFyWmJMZWJ5T0h1bGNpR21iRTVfRkdpQVJEUG9BMkFCcTR5dGFqWDUzSHMtNDVGQkpEdWJR,0.8460479,0.15376557,0.00018651763
2021-05-31 07:00:00,"NVIDIA RTX Titles Jump To Over 130 - DOOM Eternal, Icarus, Red Dead Redemption 2, Rainbow Six Siege, DYING: 1983, And More Coming Soon | GeForce News - NVIDIA",NVIDIA,https://news.google.com/rss/articles/CBMijAFBVV95cUxQd0ppNkR0QmRqdmxzWVhGMnZkWTF2bVR1Yy05ZzRVd0JIT2NLMkVzV295bVFSNDBCd2I3U1NWOVJQMXF6UEFYZjdybU9YYng0X2ZoV0wxZWtFbDBVUUlsWW5nVnRuS2ZSWDdwZ25xb256cGxuNHJUVkNvbUVtUWh0Z2RJU0ozSzRGR0x1Wg,0.0005545482,0.99944526,2.5306636e-07
2021-05-31 07:00:00,It’s Time for Ti: NVIDIA Introduces Gaming Flagship — the GeForce RTX 3080 Ti - NVIDIA Newsroom,NVIDIA Newsroom,https://news.google.com/rss/articles/CBMirAFBVV95cUxQWjFOTVFJZk5IN0R2emQycEdRNVR2YjlLRk9GS1ctY25VTFR2M1piV0t5emFEYzVXbjJhUC1rZ3F6dnp4SEgtM28ycXgwZGh5S201NXN5V3lIVkxEMnhLODFmcUdIaU5tbWVkQThKd3d2NkwwaExWZXJ1NFNiNWluR25teUQ5a2VzOEI2bl9QUGZWNTJ5U1dpWE9HUUpUQ3Vmem5wZDRFU21NV2Nj,0.9999987,1.8740865e-07,1.1128449e-06
2021-05-31 07:00:00,NVIDIA AI Enterprise Software Drives New Wave of Certified Systems from World’s Leading Manufacturers - NVIDIA Newsroom,NVIDIA Newsroom,https://news.google.com/rss/articles/CBMizwFBVV95cUxQanU5YXpuOUFOM2MtZ0dZYm5IWmptVkwxS2ltcnByVzFxTGpmTGIwMDJ5bUhLdXh2b0d0TzJ3d2lrZmo3WGNLeDRKWHlVVU81Y3B4U0s0aTVqM2ZjOEo5WUU4TzFwcTB0Q0xpS0tfVmJ6LVRzY0dNNldWLVF3R3NBLWlZX3VZOFBSX2VwU0lsenpPYzBrbmkyaWNoSDNnWUZsa1NjZVBWSjZmMnVjUXB6MlRTd1JZYnZvZ080YjdMV3p0cVpLcEd1Y1dNVkZXYTg,0.0009944941,0.99900514,3.9510826e-07
2021-06-01 07:00:00,SHIELD TV Now Streaming More Hit Movies and Shows with the Apple TV App - NVIDIA Blog,NVIDIA Blog,https://news.google.com/rss/articles/CBMiWkFVX3lxTE8tWWY4ZXdHOElNdk1IcVZvZjJ5dERmbWhud0hRMFhqeUZYR1d0RjAtQl8yRjUtR0RaX0FqODk2eEM5bWs4Z2ZvVTFwVlBuOW5lYTk1V0V3NlNOQQ,0.99419445,0.0057566394,4.894807e-05
2021-06-10 07:00:00,"NVIDIA to Acquire DeepMap, Enhancing Mapping Solutions for the AV Industry - NVIDIA Blog",NVIDIA Blog,https://news.google.com/rss/articles/CBMid0FVX3lxTE5EZVp1U3lvNzdKSTE4cl9pblNMb1M4LXl1VFJNdW9DVUJMNGI5dDRvRDdpb1d0TTgwWmIwRnhMQ3JRdVNfU0dJX2pPR01GdEpoTzU4bTZmQkthQS15dWp3WnZlV3AweE5EZzBPT3Y5SjI3NHMyWHl3,0.39839026,0.60151964,9.016987e-05
2021-06-14 07:00:00,NVIDIA DLSS Available Now In Tom Clancy’s Rainbow Six Siege - NVIDIA,NVIDIA,https://news.google.com/rss/articles/CBMihwFBVV95cUxQUU55TDJ0dE5IZ0tiRTFZbkJrd2U0UExNemVlUTRrYy0zNFIzSlVwaWlrTkJDelUxX0xVdVE1bGpIenBrNE9ILWZmWXRpUmZGcHRZbVZ2cURPXzFsT253Q3JjdUpIQVdfNUxaVmlVQ3lHNzJwZ2NLbzNBUVNkSHFBOF9RckpTUWc,0.9999958,4.5478214e-07,3.647615e-06
2021-06-21 07:00:00,"NVIDIA DLSS: Coming To Rust, DOOM Eternal, LEGO Builder’s Journey And More This Month - NVIDIA",NVIDIA,https://news.google.com/rss/articles/CBMifkFVX3lxTFBrcjZ5ZHdtUTJWU194WFRsRk8yWXgzMzBWeTU0Nld4TFJtNlFmMTczRXFiUFZIa3VWbnZjVGZNbmFIWkttaU5OWWVYbmgzbDM4RXpLTjdRZkREV2ZEYzFkNXk3WFZfRF9lZnI2dzU2T0RIU2psTnFicy1mRS03Zw,0.99999166,1.4164816e-06,6.8705504e-06
2021-06-22 07:00:00,Tesla Unveils Top AV Training Supercomputer Powered by NVIDIA A100 GPUs - NVIDIA Blog,NVIDIA Blog,https://news.google.com/rss/articles/CBMihgFBVV95cUxPMDFIaGFGTmpuMnM5Rk84bVJtS1FhbWc2aFZVVlIyWTY3bjlTM202NFRqd0lmRFpHZ01yQXZBd2pDUU9JN3p4WExEV0RiZjZleDRWemJqYmNId2pFNVBvLVMweC1pRG9OOUkxR2p6cTFyc0NoaHBxbkJIZXQ5QktoRVRwMENMdw,0.9999248,5.0329596e-05,2.4909517e-05
2021-06-23 07:00:00,As Fast as One Can Gogh: Turn Sketches Into Stunning Landscapes with NVIDIA Canvas - NVIDIA Blog,NVIDIA Blog,https://news.google.com/rss/articles/CBMiXEFVX3lxTFBzYnZqRUp2aHNmT1lGbkloQ0N2a2ZSME9VUHlNek9POVE1bHp4VVZ6bmxKQW9IWnA5cUVtc3NQRlQzd2hCZkw3U3VKU2p0X1BsRGtFRkt4cnIzYU5p,0.99466455,3.8757895e-05,0.00529667
2021-06-24 07:00:00,More Than Meets the AI: How GANs Research Is Reshaping Video Conferencing - NVIDIA Blog,NVIDIA Blog,https://news.google.com/rss/articles/CBMigAFBVV95cUxNdG40MEJTOTNxdVVEeHQzT2dIT0h3STdSdjIzWmdmUHlXX2dvclFJQk9GSjczblhpdk54NGxwN3dPXzlMOXM3RTVpNHVQMDd3YTVmUlBjeWlTZEZ4SUNvOTlvYkRqLVU1Z3pXVGlEaEI2ZTJnem1KMG0zcGdyZUhFQw,0.9997925,0.00013788124,6.962563e-05
2021-06-28 07:00:00,NVIDIA and Global Partners Launch New HGX A100 Systems to Accelerate Industrial AI and HPC - NVIDIA Newsroom,NVIDIA Newsroom,https://news.google.com/rss/articles/CBMiwwFBVV95cUxQQjJVbzFMbTE0Mi1PN2ZkT3dkUFE4RkVUNlU5d2hlZHZJYVJVUURIM2dNSE0wZFFLZ0FFdXQ2SjJVRjFRMjRwcVI5dDdrcGFDbGJ5ejhNQ0xLa2xMSVQ2QWJUYThLRXhHckxGU2l1ZnVWdWdIekVjTzVQR1NVcW9Zcm9Qa0g3LVFKNkRoT3llME4xU0o2SXk5dFhwUTdBTUs5cV9LNmhyT2FZNnZHNC1xcElvY2JXb3lJQzEzazZORG9fSVk,0.0695677,0.9304231,9.159706e-06
2021-06-29 07:00:00,DOOM Eternal: NVIDIA DLSS and Ray Tracing Upgrade Available Now For GeForce RTX Gamers - NVIDIA,NVIDIA,https://news.google.com/rss/articles/CBMiowFBVV95cUxOVS03a1ZDZTdSZThxSlh5ZjhaVm9lTlI3UXJubnNwb0tXdkt3bTEtYnNjUGVISDlvcTNaZ2EyZVc5SWpESTVZWmZHU0FLT2lzRW4yZjBpSXpZbWVLR1RNeXZmdENaUWRJZzJYR3B5RDdwbTY4VFhSMDRrYUR4aXVYaHJJMVlIbF9VcTR4R0VYeWhfT2R5OHdBNHZOTTB3S2VJeUVv,0.9999647,2.9376008e-05,5.926501e-06
2021-07-01 07:00:00,Rust with NVIDIA DLSS Out Now: Boost Performance By Up To 50% at 4K - NVIDIA,NVIDIA,https://news.google.com/rss/articles/CBMidkFVX3lxTE1UZENEVHMzSDF4aVhmbFVuVjB6LUd3WlIwSU5KNnY1ZWFqNzBZVUxkVTlXVVZoM0ZaOWVXSEI0RktKX3ZPeXRvdDlFaGJZbzcxMkJ1MnpwaGdtQ0R6Mm1GSEV3ZmFIRGRTSWJ2NktSS3MweUZMbUE,8.9937764e-08,0.9999999,2.165971e-08
2021-07-06 07:00:00,"NVIDIA Launches UK’s Most Powerful Supercomputer, for Research in AI and Healthcare - NVIDIA Newsroom",NVIDIA Newsroom,https://news.google.com/rss/articles/CBMitwFBVV95cUxNbU5maHowYlNibFJYRWNVWFNvQ2l1VmswM19fWVljbTNEMFJPaS05WkhacjJkUk94ZEpvTkNBOWN3ZnNmUlcxcjMwZmlZMGphMFhxVUlxZ0xPcHBpYTNXN2JzSzBlSngySUh1MDA3TVNGZmZJTjc1Z0hndzZEV3p4ZUV1RURmTFRQc2Jpa3lyWGNhWFg5VUs2Z3JwVGN3Z29PaEN1U29FU01ZdFhZU0VmcGR5MG9UdUU,0.054205436,0.9457882,6.279046e-06
2021-07-07 07:00:00,NVIDIA CEO Unveils ‘First Big Bet’ on Digital Biology Revolution with UK-Based Cambridge-1 - NVIDIA Blog,NVIDIA Blog,https://news.google.com/rss/articles/CBMiZEFVX3lxTE9mT0Nia29icDZMRmZuWnl2MFoxYUxzSWMwbnNBTm1PWGdYQXlENFdBMDc2OHp2YVNWS2lidE5Vb1U0a2hCcmtpWXV1bEo3TmtzbDhZblBUY0ZWWGxfTFQ1d0llV20,0.997692,0.001895111,0.0004128934
2021-07-19 07:00:00,"Arm Is RTX ON! World’s Most Widely Used CPU Architecture Meets Real-Time Ray Tracing, DLSS - NVIDIA Blog",NVIDIA Blog,https://news.google.com/rss/articles/CBMiX0FVX3lxTE1SSmNNVDdRVVpDUXRacnU5M0UtZkdiN2N0R1U0NzZLdVU2MmtoN3lYeFU4MVpiclNzTWFyLVU2SFhJMjdISHNyQTFDa0xwSjNfSFNjRlZpYnU1VjdEUE5n,0.9999845,1.4784301e-05,7.6466705e-07
2021-07-19 07:00:00,Red Dead Redemption 2 NVIDIA DLSS Game Ready Driver Released - NVIDIA,NVIDIA,https://news.google.com/rss/articles/CBMikAFBVV95cUxQdEJsakNPbFhBVU9Xc2pVUHRRdWNudW1MeWF4bjRNVThYekdGQkRWaFNYamtzbW1aS1Q5UEl2cGhJU3Y4MjVRaC1ZZmNDbXN0Q3FmdlotRlltUDAyZExaMU1uWXIxVjRaZFlUdUY1aG1WVW1Hd21RcHNyVTZtb0JMNktxYzF2UFpOYVUwZEpVVlg,0.9957948,0.0041160746,8.917039e-05
2021-07-25 07:00:00,How to Update and Install an NVIDIA Driver - HP,HP,https://news.google.com/rss/articles/CBMihwFBVV95cUxOVmwycmphM3lyMGpNNnY2c1BoVXc5S2FLTV9fYWg0czFtRHV1UjZ2ODZXMDBDN2xZb3lKRVdHSDFxZm1wOTd1WGc2NWpnMmVoZEdiaUJqa3JieFVBVzl3YzN6NzA3anBCSE1oMGJZSHFjdEJ3NGdwcWdmbW1HLXNrSzdmZHpDVUU,0.94588983,0.053925563,0.00018461306
2021-08-01 07:00:00,NVIDIA card w/ FreeSync - Pixelated graphics (especially hair) - [H]ard|Forum,[H]ard|Forum,https://news.google.com/rss/articles/CBMinAFBVV95cUxOVWJlX3dNUWJZR0lfM2RmNXV1anpYSEt3NW9SdmVNeGVmTko4VXpKVm51dnNad2dUM0lDYVVrN0FuQjRoVU4tYjM4M3JvdlNVNGxGWEw2U09xNnNlaGdtX1J3S3BiSGFVZkVadURKMkViRTBTaXg2cnVBZTBUZWo1SHVtZndXOEZWc2xPcUJTMlJHTnRnZEpJRkRtRUo,0.9999652,3.0390918e-05,4.3593363e-06
2021-08-02 07:00:00,NVIDIA Advances Instant AI with North American Availability of Base Command Platform - NVIDIA Newsroom,NVIDIA Newsroom,https://news.google.com/rss/articles/CBMiuwFBVV95cUxQckg1bHZpbUo1NTFZck5Ma2J1S3pqcVozYVFHRVpNaG1hOExpY1JXemxLeV9PT3JqMFNBV0I2Ujh3dGdTcTh6eDByVjY2VU9ZdnpnS2pzbXJsS19MaFp6SXJLZExPaG42TTJoOGU5Q3oxZ2ZOaWFaS3pYeDE1MTdmUExpOFE0QXByTG1MT3pkMkRYemR6ZjFhVEp3U3pzb3h0ZXlKc3RfMjJJclZxcGdweG5TdnpKTzhNOWhj,4.122578e-05,0.9999583,4.9515916e-07
2021-08-06 07:00:00,Cattle-ist for the Future: Plainsight Revolutionizes Livestock Management with AI - NVIDIA Blog,NVIDIA Blog,https://news.google.com/rss/articles/CBMib0FVX3lxTE84TThnY0hUbWRERWNTcXpjWkFUZmY2azN6OWJoVkxDRkVKSXRCOWNWUXFlMUNzZGVKbzN0VnREOHZNNC1DbjlQcjBMOEJJU2pMNkFJYkJPdjRzN2VnTjVmdEdqcEJFMzlCbjlibFdvcw,0.02205279,0.9779343,1.2994593e-05
2021-08-09 07:00:00,Leading Lights: NVIDIA Researchers Showcase Groundbreaking Advancements for Real-Time Graphics - NVIDIA Blog,NVIDIA Blog,https://news.google.com/rss/articles/CBMidkFVX3lxTE9XM1BIQm1QVVg3dUFVRXhPUWZmSFFoQnF6bjFUUnZWWnVSOVN2b25CU0VFdWplblF4dEM4ZkRQQnVIc29KTWN1TG5CeVN1aW5IUm9RZ1pZTGVoOWVuVVRfUVA3UXR1RzNBd2kwVkhmY1YxMGR5aHc,0.00020005337,0.9997992,7.0105756e-07
2021-08-10 07:00:00,"NVIDIA Studio at SIGGRAPH: NVIDIA Omniverse, NVIDIA RTX A2000 Desktop GPU, August Studio Driver - NVIDIA Blog",NVIDIA Blog,https://news.google.com/rss/articles/CBMiggFBVV95cUxPV0pzNHhmMTMydHRWU1NqZzVteThsWWtvSWwtd0dPSHpnblMxRXVnY1VLOHBvMHRmczh5T2J1anpNR1luVGFsbHdDRWNVaTNWcksyN0lKak1TRHpndkdUd0NBaHVYcER2VjdkX1ZMY0xYWTRfYkJNSHhBQ1c1TXl2dkh3,0.99995553,4.132494e-05,3.0648398e-06
2021-08-10 07:00:00,What Is the Metaverse? - NVIDIA Blog,NVIDIA Blog,https://news.google.com/rss/articles/CBMiYkFVX3lxTFBCaFU1ZTV0REhfRTFkTHdENUM3cUhkaGJoQnFJclNWSnVNb0JjQzV2MGNHc3FDY2QyV05vbzFsa1lJVjUxdWxEaFNGSHY4dDJIR2JkUzZuQ01uLVJ0MkhmSFdn,0.9996414,4.36442e-05,0.00031491806
2021-08-10 07:00:00,NVIDIA Brings Millions More Into the Metaverse With Expanded Omniverse Platform - NVIDIA Newsroom,NVIDIA Newsroom,https://news.google.com/rss/articles/CBMitAFBVV95cUxOdjFYNXg1NDVTbFZlNDBYZDNkUDYxczlzYWdQeFk3NWk0SW9pRzN3Zm5neDAyRVQ5aWhwMWRtYlhWZWdTQ1l3QUVZZTJmSXBfUG5FeTFSQ2lLRGI5X3o3U1dhV1NnZmExUXJOdXlBbFZlRGFhOWdkeXY2bFZuZEJUNzJnaUtabVdFRW9oRXdCTC1fd1ZoTlhjV212b05YbmlnNmVMWmh4c0ZKTUN1ek81NndPNko,0.47344828,0.526545,6.692167e-06
2021-08-11 07:00:00,From Our Kitchen to Yours: NVIDIA Omniverse Changes the Way Industries Collaborate - NVIDIA Blog,NVIDIA Blog,https://news.google.com/rss/articles/CBMiZEFVX3lxTE5MR3k3STJxRDBsSjZBd19MNTB5Qno3NGpYRUcwMUdPVU0tUVg5bXlKNjgwbV9pQzRNeFBWdEZtaGxwQlA2ZG5vYnVhbU81LXFzdlItQXVKVzdmX0tHNVJIN2JkcU8,0.99611264,0.0011256341,0.0027617684
2021-08-22 07:00:00,NVIDIA Announces New Omniverse Educational Programs - NVIDIA Developer,NVIDIA Developer,https://news.google.com/rss/articles/CBMijwFBVV95cUxOTWRnalh1T2NaV1dSVDQyWE53eDlsT0VFZF9HSURKdm01SkZUWFF2M1F6RmZpN1pYQnVIRC1BQ3BUc0oyREdHd1JuTC1yTmFOQ3ktb3ZHbER3dVF5RUpsUWY2VlZLY1M0VVBqTGZESm1FU1FSdzU1dE5MbkpzSmRyZEdaZVVzNUQ0VFZ6M0t2RQ,0.8872241,0.11273281,4.303095e-05
2021-08-24 07:00:00,"Gamescom 2021: RTX Coming To Battlefield 2042, Marvel’s Guardians of the Galaxy, Dying Light 2 Stay Human, and More - NVIDIA",NVIDIA,https://news.google.com/rss/articles/CBMinwFBVV95cUxNRnprR1RMbnVscTdaaW9xYmZqQ3ZDT3E4XzBDRlAyOE1MVXR0cHJjYkcweThHa1RBcm5LcV9tdldfUFQ3MXA1NW0ydENpUHY1VTZyV0ZENGtyejZiRTJrVmZQUXpySWZMR3RjMzZESVJfZ3BjVGlwQURoaWh2UkRpeHVpMU1VeERwUThjRzNtb21fRjZHaWRRQlFFMkpzam8,0.9999813,1.3590155e-05,5.1496636e-06
2021-08-25 07:00:00,NVIDIA Turbocharges Extreme-Scale AI for Argonne National Laboratory’s Polaris Supercomputer - NVIDIA Newsroom,NVIDIA Newsroom,https://news.google.com/rss/articles/CBMixAFBVV95cUxOZTdod1JGOW1iOHBaVzBEaDNGRTRxandleThRXzhNRHFGVmp5eDZCeGl1M24xZmlaNzF5X1I1WV9pQS1WV2NGM1dkSjZJYzI2eDZPck9PUHVfNW0tanBIRnpienlkSjFnem1seVk4TDhnbHlCR3hybWx4SnhRRnlib2ZPQnh5UFNNUWlzTzBvdl9tUlppNlc5RlB0aURDSk9vS01DSWFFNnc3T2s1Mmc2dWR0LUhDdDh4UzRTbHJSWXBnMW5L,0.99899286,0.00084097474,0.00016616797
2021-08-27 07:00:00,Here’s Why Nvidia Will Surpass Apple’s Valuation In 5 Years - Forbes,Forbes,https://news.google.com/rss/articles/CBMirgFBVV95cUxOYllOSDdaZDF1UDhyOS0tZkU2S2FxdU9fdHZ5QzlnV2JzNFZzTnNFVUJWYjhSV0N5N3RFSkliZDFyNTdjRUxWTVRIaXg1aXBCN0ZJS3pfbzBCb1VTVlVkNlFSOEgwRzhZRlFKaXdZOGN2ZmFDVHQybU5XckhmTjBjN3FmV1MyZ2EydnJwOWFYVlJnM0JkUWRKSk1nUUkyeUJ3T0FMRmI4OGlDMVlsdWc,0.030748393,0.9684579,0.0007937446
2021-09-02 07:00:00,"New NVIDIA Broadcast App 1.3 Update Improves Noise Removal, Adds Support for More Cameras, and Reduces System Impact - NVIDIA",NVIDIA,https://news.google.com/rss/articles/CBMiggFBVV95cUxNTlR2YWY1NVlnVjVSQzVGdVBiNTV0R21SMXg0b2ZVaTJwazRFamFVRTd4WUVjR2YxUlFMajJETTV2SG5ib1c4QV9mX2ZZX2VXRlcyTkg4WFF6NkllZWw1NDJDVFAzOVNZaUdITUdCV2R3S2pPT2pUM0ZZU3REZjZZbGZB,6.628484e-08,0.9999999,1.815247e-08
2021-09-13 07:00:00,"How to Use NVIDIA Highlights, Freestyle and Montage in GeForce NOW - NVIDIA Blog",NVIDIA Blog,https://news.google.com/rss/articles/CBMie0FVX3lxTE9qYWRnNHNPT3k1VFItOENfcE05Z0FQeFBzdVk0SzVYMmo2NXY5d19QWVZrZzZPNDc1UzdnZkVSOXNzZncyb2lwS3ZTazRHR29lUkdoSEVZUHE5eTVVWGowMThBY09IQmM0RFh1dTlPYUlvUGRyM2hpb2VGNA,0.9999087,7.156206e-05,1.9751053e-05
2021-09-20 07:00:00,"GeForce Is Primed For Windows 11, With Game Ready Driver and NVIDIA Studio Driver Support - NVIDIA",NVIDIA,https://news.google.com/rss/articles/CBMihAFBVV95cUxPbHo2TnZUZlhlWkZ4cE1ZcUlfQ2VPYlE5OVJrS2t2NFNxeTBfdU05TW1LcHJLVlp4dlZnb1B2S1pjNXA3UkI5Z3FiaXNPb0VYaVlmWXo1SkFXbTJlYnp3QlBaQk91bGJoU0xQNU41cTByZHo5WVVnSW84S3ZURnBncHMyZXc,0.9755704,0.024391724,3.788735e-05
2021-09-20 07:00:00,Microsoft Windows 11 Game Ready Driver Released | GeForce News - NVIDIA,NVIDIA,https://news.google.com/rss/articles/CBMie0FVX3lxTFB1aGZHaHpHRGZTSTFONjVvNnNGUW9kekJ5ZU5tRXRmRGxlN1dDMEtHVHlPR3FBakF3UHdrTkdETFh0d3h1bkFESS1paDhyVHk0NHIxWHhEZ1FsYjNHX2tQNGRqbm1zM1lqcGRwS0RoRlBfdEFGWVAxUnlKdw,0.8495704,0.15034452,8.511216e-05
2021-09-20 07:00:00,Find the Love We Shared in September: NVIDIA Canvas Update Paints With New Styles - NVIDIA Blog,NVIDIA Blog,https://news.google.com/rss/articles/CBMiakFVX3lxTE0wbVQydnhmU2ZhVlA5SFhKY2J3bG5rcEdKU3dDV0tGQ2ZwR2U3NkY4dnAxT0I4cDMzNW9yLUg2b1VjWV91ZWF5WGZBVjhvZzZmNEw0NWRuOXptb1FTd2RNTjVIWFBHOUZZQXc,0.99997044,5.87454e-06,2.3686818e-05
2021-09-28 07:00:00,Keeping an AI on MRIs: Industry Experts Share Latest on AI and Machine Learning in Medical Imaging - NVIDIA Blog,NVIDIA Blog,https://news.google.com/rss/articles/CBMiY0FVX3lxTE9ncHN3Qm5EN2xET3g3UHpZN3JzanRhMGJqVkJFd0huQXM1bjlPaHlycFdVOXNEam5vbzFPZFIzS0VGbWJRNFAwaWJ6X0tvb3dTeUJiR3lUV3l3c191OUJVYlJXbw,0.99998987,5.433882e-06,4.608396e-06
2021-09-29 07:00:00,"NVIDIA CEO Jensen Huang to Unveil New AI Technologies, Products in GTC Keynote; Hundreds of Industry and AI Leaders to Speak at November Event - NVIDIA Newsroom",NVIDIA Newsroom,https://news.google.com/rss/articles/CBMihgJBVV95cUxNdjJvc1JmTkM3eWRudGJfUUtDYkx1MFlqOHBQUkpzUFp5Z3BUMDZFOElEdGpNSEJwVl80MnRWOXQxbzJONm1sWXJ1TlFEdWNEV3VCMU1QVkcxMU9KZWVxSDRBaXY5Ny1LbGE5bExRT2s3djZPWER4bjlHOTljU3BlaW5Xc0JRNzNHbVlmVHltWkdsd2dkYUxmS0JvYXJCazdrT3VjMXVqOTZ2TUk5bXFfYjA0LW83NEJkMllYV0ZFSHFVb0U2LUlhbUpMMHBVcWRwZGxrd1NMTFNOX0o5SHEycmlLY25mNDByb0RUcFZ2OTNuaF85eXBiTWx6LWVBd3VOZGZfTmZB,0.9999988,7.577741e-07,4.414425e-07
2021-09-30 07:00:00,NVIDIA Partners With Electronic Arts to Bring Hit Games to GeForce NOW - NVIDIA Newsroom,NVIDIA Newsroom,https://news.google.com/rss/articles/CBMiqAFBVV95cUxQT0JiRFRwaEdSZW9vVDBlb3E0d3I3ZnpJV2NCemJ6blByam5fckdjaGdWZkxvUlg5RElpTXhueVFpQnZCaHMwT1RlR29aX00wN0lkd3JyQVpiTkNobTlCSTY2NW5qUHBnd2RselY5cW5EaGR6R2NPSFdsSnNSVV82ajNWSHRMOFgycGgxQnZwVnNMRFFLQVBTNE9BTEpuVlROS0t0QldSd04,0.9998888,9.25358e-05,1.868354e-05
2021-10-12 07:00:00,Back 4 Blood GeForce Game Ready Driver Released - NVIDIA,NVIDIA,https://news.google.com/rss/articles/CBMifkFVX3lxTE5RMUI1Ni11bENreS1MbmVnRFhucS1JQ1plUllOSVBfWHNRb2xPdlVfNHhLTXo5bmxPVHVaX3B2TUhvUFAxd21GdUNMblpnY3dHdzF0Y0w3dWkzMFd3MDBKSnQ3QjIweTdqYTd6RlQ4WUgxRUs4azBycVBTTkxnUQ,0.8521219,0.1469418,0.0009364146
2021-10-21 07:00:00,Stream Me Up: GeForce NOW RTX 3080 Brings Next-Generation Performance to Cloud Gaming - NVIDIA Blog,NVIDIA Blog,https://news.google.com/rss/articles/CBMiYEFVX3lxTFBndEYyQ3dVRVRoVlFhZFQtRzBGRU1UaFBrcWd2aHJFdzdiQTAyRmtfRmtLZVhrQngtUTc0NTBsb0ZFOU1KZ1BtWWZVWWlZOHZvcmxCQlV0WUJFMFBVMEVxSA,0.568824,0.43112943,4.6513494e-05
2021-10-21 07:00:00,NVIDIA Introduces the Next Generation in Cloud Gaming - NVIDIA Newsroom,NVIDIA Newsroom,https://news.google.com/rss/articles/CBMikgFBVV95cUxNVEpwd0d3Y3Z3Um16UTUxMjRYLU5kSkxfS3FsOElnZXJ4akFkWHY3Y2V3YXVaZl9NbGdFUU9SeDl6QTBzTnhoX1JuLXBTaFVKb2JsU3hPUDhlemZnbzZYNC1RcGVET3M0QmJqZnIyNFdJcG05MkNHR1hkenZ6LUlHOXVnRU92UER2VkhTWDJpaU8zUQ,0.21113063,0.7888659,3.3816007e-06
2021-11-01 07:00:00,Ray Tracing Coming Soon To Battlefield 2042 With NVIDIA DLSS and Reflex - Check Out The New PC Trailer - NVIDIA,NVIDIA,https://news.google.com/rss/articles/CBMioAFBVV95cUxOQS1iMC1LT1BKZDFhYTdfLWVwNFlUNENpYThhenVJZVJLUV81d2k3cGhwNDQzYUNSUGpFS3Nxa0pNMVZxaDRCb3pDR0lKUG5fZ2laQ1FwUjROem8xSlVDTEtsQzcyM3lrYldjQklVRmpxU3NqMTVCaTJqVWdQYVl6S3RLTS03MmNoMEJmY3pnR0dVd1hmckIwcEp0Y25OT3dQ,0.99990916,8.477955e-05,6.0400935e-06
2021-11-09 08:00:00,NVIDIA DRIVE Hyperion Combines Orin With Best-in-Class Sensor Architecture for Production-Ready Platform - NVIDIA Blog,NVIDIA Blog,https://news.google.com/rss/articles/CBMiggFBVV95cUxNYlRrNUM5OHdGeUppeXlIczlHMG1yc1pWYVd1UFQzNXN2ZWFqTWV4YVVPS2JpVlBYUEtuOG5idWNxQXJhcVJYakZIQ3d2d1NmeXNLUV9Semp5YTBUWHhWRUhnRVBMV0o0dEg0V1VWcXpBaHowTTNyRDJwSGhMQXNDMmZ3,5.0401468e-08,1.0,2.9351739e-08
2021-11-09 08:00:00,NVIDIA Fast Tracks Enterprise AI Development and Deployment with Global Expansion of LaunchPad - NVIDIA Blog,NVIDIA Blog,https://news.google.com/rss/articles/CBMiaEFVX3lxTE5rV0l2LTBzcmt0Yzg4VUJsLU4tQms1NWRjSzZpWjVEWHp5aHV6UW53SGM5bW1OVklyOVdMWmV5OEtySm5CeTNRYzlyQm5YRkNla0lVY3lma012VmtsaFZHV1lualJYWDFm,0.5518788,0.44806454,5.6652272e-05
2021-11-09 08:00:00,Ericsson Builds Digital Twins for 5G Networks in NVIDIA Omniverse - NVIDIA Blog,NVIDIA Blog,https://news.google.com/rss/articles/CBMicEFVX3lxTE5xRVJwQjlFSldhYmRIRHJLM0FxNE9HVU1xOXhZNTlHYUdLYnhQWFBjZVpFd2lVNDEzVUI5N05KcUNFVTRfS2dsclhQYmpIQVpNS1RQbG5fMHA5YkxBSGtqaXpoQnFCckxNNU5mNG9pdy0,0.99986935,0.000120205346,1.0485052e-05
2021-11-09 08:00:00,"NVIDIA Quantum-2 Takes Supercomputing to New Heights, Into the Cloud - NVIDIA Newsroom",NVIDIA Newsroom,https://news.google.com/rss/articles/CBMipAFBVV95cUxOelBzTXRkZXBpMHhoU3M1Vld5aE9USV9zXzBUZnNwdjlzNFA2eTlnM09DMGk4bWhUeFZrYWsySmZUaHJtdFNULXd2R1NXU19RYUFPY2JyemJUSWFTY3VpRVpUQ2x4a1lrZnpDU0V0cDZMWEtFdkRhSWxsLURuN0RTaWZYUGtDc0Qxb3JoaVhMMF9IS25aY0xiSGRleDByUVJHNkx3YQ,0.9999846,1.4704715e-05,7.1787946e-07
2021-11-09 08:00:00,NVIDIA Brings Large Language AI Models to Enterprises Worldwide - NVIDIA Newsroom,NVIDIA Newsroom,https://news.google.com/rss/articles/CBMinwFBVV95cUxPUldLT3VxZzBBUk02RUlld0k3WnhNQjcxNTBaNi1uU3NhWHJ0XzlEZXROSHhEc0ZqT1VGRDg3TFF3Q1d6WU44RFZxc1VYekhOQU54SnFVbVB1NVBUc0NNT1pDZk9lZkEyVDlac0FEOWJSckEwd3hwa2tBOVYxeng5V2lzQzFKeFBQTVc2cHR6ZUdzVGRpRjVCOUpjLU9WYjA,0.9999434,5.5574394e-05,1.0261124e-06
2021-11-09 08:00:00,The New Era of Transportation Is Built on NVIDIA DRIVE Orin - NVIDIA Blog,NVIDIA Blog,https://news.google.com/rss/articles/CBMickFVX3lxTE5pbk9sc1ZVTVRxYzZaTWxta0FzVFk3eThJSDFTNlJ0Q3Zsam1qa3BNVHhhYzVBRVhNVC1vMjNYODBwb25aQ0lfTFJydzJvWFphVTlPcjdselBiS3hpU0stT2xNVnJwUXM5UkpFdnYwQmppdw,0.99999106,1.8938634e-06,7.0640763e-06
2021-11-09 08:00:00,NVIDIA Brings AI to the Supply Chain - NVIDIA Blog,NVIDIA Blog,https://news.google.com/rss/articles/CBMibkFVX3lxTE5qaC1nQ1BYdS1mM0Z4LUFMUmpyYXFpeTVyRHNkaGtmWUlCOWZ0Mk1oMmJvbjhIbk1ySkVRWnM0dFdiQmdUbk5RZDFMUXdEeExjM2xTMTlWdm9DT2JaYkczZGFHbzUybjdpZm1UUzBB,0.9995042,0.00040542582,9.030989e-05
2021-11-09 08:00:00,"NVIDIA, Lockheed Martin Team Up With State and Federal Forest Services to Fight Wildfires With AI - NVIDIA Blog",NVIDIA Blog,https://news.google.com/rss/articles/CBMia0FVX3lxTE85SXlaQ1pQbnI0NUJtc29NTHFDUElLSkZ2MlB3UVJZWmlBSmRacHU0TWJQVUZTZDNkYUt4eGQyQWxoTUd4VS1sMUxlTDR6Z0hZYzFvSldmY1o5WXhfV0ZwLTllV1lQdHhweXo0,0.99963474,4.8370624e-05,0.00031691793
2021-11-09 08:00:00,"GTC Wrap-Up: NVIDIA CEO Outlines Vision for Accelerated Computing, Data Center Architecture, AI, Robotics, Omniverse Avatars and Digital Twins in Keynote - NVIDIA Blog",NVIDIA Blog,https://news.google.com/rss/articles/CBMimwFBVV95cUxPNWJiLUU4dVBFNmlueGh4Q2VoQW1US0VScDlnOWpBX0MwXzJqc0NPUzVhTVlXWGh4dlR1V1k3UWJ5RW5wck94dUtnVFpKZlcxQnVjX2psdGUxMjlZWTA4U2gxQVh0LVpIY0NZbFlFS2h2MnV5ZWRaSTVCcEk3X0hjYV95RGpuVHJvczZJai02TGQtM1hMVVFxUHA2NA,0.9999982,1.5881853e-06,2.85298e-07
2021-11-09 08:00:00,Fast and Scalable AI Model Deployment with NVIDIA Triton Inference Server | NVIDIA Technical Blog - NVIDIA Developer,NVIDIA Developer,https://news.google.com/rss/articles/CBMirAFBVV95cUxNeHNiVjE5Y0l0UzE3REtmajlTb05Md0JGY3BKV2JHck9Da3pLRGFaaVdweVY0b0lpdEJHSUZRaDVVd2I5YTBaU2hDMkxXS0FpU3NsREJOdVJMM0pTRE9hZFRtcVE0alhpTThrb0FmYzdYNEctVmo4eU95YTA4cEhiZEh5ZjhIQzdwTU1ub1g1MHg5dWswMG04X3dEMi1QbDFWeWR3YUJlaTNmYXpC,0.0017971583,0.9981981,4.817034e-06
2021-11-09 08:00:00,NVIDIA Announces Omniverse Replicator Synthetic-Data-Generation Engine for Training AIs - NVIDIA Newsroom,NVIDIA Newsroom,https://news.google.com/rss/articles/CBMivwFBVV95cUxQVlBYai01N0FGUDVuaEgta1c0SEdMQ1lDbm4tUTVUMXRyd2lFRkJnMVVQM3k1Zm81cjl2NVBrODhjeUNwcDBBTGFmRmFrdHJkdmxGYmljay0tSkdVRG4yLVdwaU9vWW1jUXBfT1FNa3FOQkRMUU0zQVhBRElaNDZ1V01SNW5ObzFDekhNZDZZMmpMRGdtcEF3SXZ4Q3V6MGUycWRlUF83OTVzOGdZY2o4eTJySWxYMU9EREkzSkdsYw,0.81278646,0.18718389,2.9681012e-05
2021-11-09 08:00:00,NVIDIA Announces Platform for Creating AI Avatars - NVIDIA Newsroom,NVIDIA Newsroom,https://news.google.com/rss/articles/CBMijAFBVV95cUxQejR3Y1dncjZIWDBhTV9EaXc4d3kxcEQ4VU5ZNkQ2R1NqUVFlUHBOMWJsWWdZc2drUGxQOEw3N0NhQTJNeW1lamZCWkNfTU03MHRQb2ZILUdHa2ZadGtNakQ2SDNPSHRKbTdkSEtjZ0lRTnZiUnhZbWl6MWR2djM3cmNCZURHWm5jNEN6Vw,0.92026675,0.07971802,1.5280137e-05
2021-11-09 08:00:00,NVIDIA Speech AI Breakthrough Enables Enterprises to Create Unique Voices for Every Brand - NVIDIA Blog,NVIDIA Blog,https://news.google.com/rss/articles/CBMieEFVX3lxTE03OFNwd19PeDVBdkZrU08tZG1ORE5TclNvbl93aUE4N1c3VnZvSjdUZ0ZqbkJIMy05VzdCTmdUVHVYbDdwS2pwNm50cnplWW8xclc3LTBWVjVDX3l2aUd2blZXek56dlZaZkRvVHRKdTV0dHl4R2NMTQ,1.0999858e-06,0.9999987,1.841865e-07
2021-11-09 08:00:00,NVIDIA Sets Path for Future of Edge AI and Autonomous Machines With New Jetson AGX Orin Robotics Computer - NVIDIA Newsroom,NVIDIA Newsroom,https://news.google.com/rss/articles/CBMi1wFBVV95cUxPTVA2cEJEYndyTlY5WFAwY21LQ1pkeWtydDN1eWo4ajVyd04ySDVVNzRUZUY4aXFJZXpza0NzeE5sY3RxMk5ZZHBuZXd2OEFmc3Nqa2lFZmxKZFdRMGpVR1JuQkZjdW5MaWdxa09IS0lVbFJOQVd5Tm44ZUpXREJndHRnN21pZFg5VlBDT3N0Vy1GdEZWaEZ0RFNMMFVMRXYxVXdJbmhKT2VOR2lzTk8zb2o5RU9RTlJmU3ZnS0xjT0pGOTF4RExKeGNaQTV0eWlGQ0hFNlVwQQ,0.99897313,0.0010239737,2.9076277e-06
2021-11-12 08:00:00,NVIDIA to Build Earth-2 Supercomputer to See Our Future - NVIDIA Blog,NVIDIA Blog,https://news.google.com/rss/articles/CBMiYkFVX3lxTE54bzBMbGpNZDdkX3laTkI1cm5jT2VVN1A2RERzZlMwODdldUJzdG11bzUtNjFVQ1ZLcUFreHdsNmNIOFlvY0ZYT3h0UkRZcTNFZ1doam9lTFFmLWRnSWd6WFR3,0.9545629,0.045227095,0.00021007363
2021-11-16 08:00:00,Battlefield 2042 Game Ready Driver Released - NVIDIA,NVIDIA,https://news.google.com/rss/articles/CBMigwFBVV95cUxPc05aSGMzUHFubTdqOE55aVdGN0FSSzVHVlQ3eHMxMC14MHJ2X09oUy13YTVpSzR1bktwQzlxVlJqV0xkblY5Y3dIQzFQS3hmUC1OWnRSLVI3S21DTDZBSU1BVW9jMERRUnRsS1dSb0lYSDRBSkpTVVpHMXNsWkJsVXptMA,0.994862,0.004887707,0.00025026308
2021-11-16 08:00:00,From NVIDIA DLSS 2.3 To NVIDIA Image Scaling: NVIDIA’s Full Stack Of Scaling Solutions For Gamers - NVIDIA,NVIDIA,https://news.google.com/rss/articles/CBMimAFBVV95cUxPd2ttM1ppdEZ5OEtHazBmVGtjdG53NXBmWFIwYlEzbkZscmEzTFhJbkNRbG9SQmQwTXBxR3pWUk12OFhMSERvUFpERlNTRjJldTdGYzBZajRRVl9NalRFSkgydnNURFNIalRLZllEdk8wY3BNZzJhazlOWmk1YjVSYmgzSmZsTlBBbHdieU1jdE9iRDZ2aGRFdg,0.9757519,0.024239372,8.738374e-06
2021-11-22 08:00:00,‘Paint Me a Picture’: NVIDIA Research Shows GauGAN AI Art Demo Now Responds to Words - NVIDIA Blog,NVIDIA Blog,https://news.google.com/rss/articles/CBMiX0FVX3lxTE9obEhTRnJJUFIyd3lqSlNDT3N1VWhlOGlhZ2V0b0k1S213RzNzTWZtWkg4eWl5RmxfYS1nVFc1SHFtNGxST19YTTlmNS1rR0Q3ZEN5OHlCQzlpSnpaelhZ,0.9999968,3.6638878e-07,2.8249042e-06
2021-11-29 08:00:00,Federated Learning With FLARE: NVIDIA Brings Collaborative AI to Healthcare and Beyond - NVIDIA Blog,NVIDIA Blog,https://news.google.com/rss/articles/CBMic0FVX3lxTE9lU29UVzExZFVzaGdZaHZkMHdHZmowM1JhLWJhZVFqZ2l3VHNCeURYallra2Q4R2xKOTZrMjZDaVhtdlRXTUVYTEFjOTZPMHdvdWVLNUREUjBTSlZIQUlFZWgyckFtR1N3S0t0N3pMQmdhS1E,0.20645976,0.7934118,0.00012840852
2021-12-08 08:00:00,God of War PC Trailer & System Requirements Released - NVIDIA,NVIDIA,https://news.google.com/rss/articles/CBMinAFBVV95cUxOdVNJT0xNVGhUYTZDLUpjeThjeTY2ajU4c1NoOHJKenN2RlpCRUpiMTVjTUxobzRvYmE4U2doOVVXbXhiNUtVUFpaLWNUMEtZanpSY3h4UG8wRVpyYUpScUtBeWEtTVBRVi1obGZFUnhrVlFxUEpMczg4bkFBN19sRFJhX0ltRExlNFdzczl0d210Ul9LeldiZUMtYVc,0.9999025,1.3442735e-05,8.399498e-05
2021-12-09 08:00:00,Latest GeForce NOW Upgrade Rolling Out With Ubisoft Connect Account Linking and Improved PC Gaming on Mac - NVIDIA Blog,NVIDIA Blog,https://news.google.com/rss/articles/CBMib0FVX3lxTE8zbUxfZ3p6bFVmU0JLbUpoWXdtVUkzaVNsU3ozYzdiN0hyRVZkN0hBZExUdjY0YUF5Nk1Qc1R0cEtiS1ZYMkhQUHFXTS01U0pycmp4TzNSMk5IaC1iU1IzSWRXdjk0RXFSajdnbkhNRQ,6.0650276e-09,1.0,7.738196e-09
2021-12-13 08:00:00,"Blender 3.0 Release Accelerated by NVIDIA RTX GPUs, Adds USD Support for Omniverse - NVIDIA Blog",NVIDIA Blog,https://news.google.com/rss/articles/CBMiXEFVX3lxTE5jQlU0NXBEQ2gyOU40ZG9WMkstQmc2bUpKRDYtVXpybkV2SFpoUW1mdEFZazd0LVV6RDhkY1l6RldwRlpkZ0JJRGlobGxRWURNTzdLX2dXZXdBXzlX,0.0003048182,0.9996946,5.925886e-07
2021-12-15 08:00:00,The Matrix Resurrections GeForce RTX Custom PC Giveaway - NVIDIA,NVIDIA,https://news.google.com/rss/articles/CBMijwFBVV95cUxQeVJ0RVVQVlo2cEhSS25GUHA3b0k5SU5ya1EtdVdDN0ppcnRlN2ZleEMwczRINmU3YXl6Wm5xZWs5NWhlbG5ScE5MaHVoMkJncm4tSWFUbVFpZ2g0TDlQMmRPX3haV3JzUHFCbW56R3plalZwZTRvRVI5dmRvRmdKc1drVXBGWXBFOU5rWHVyMA,0.9970541,0.0019951693,0.0009507475
2021-12-17 08:00:00,More GeForce Laptop Choices For Gamers & Creators - NVIDIA,NVIDIA,https://news.google.com/rss/articles/CBMifkFVX3lxTE0zOTFTc2JFLWF3QXB5TERuZVhZalBKQncxZkw2Qms0WEQyNVpldFVYb0FmTmZ6enJaS2YzcGY2b09kTU5HcElBNFZIUjZscWJla1ZnS0pBb2RtdHJrR1NHZlZkVXFRQWZDYmgwekc1MGxBdEw5LWljZnp1VjdFQQ,0.99523973,0.0047015967,5.8721434e-05
2021-12-20 08:00:00,Living in the Future: NIO ET5 Sedan Designed for the Autonomous Era With NVIDIA DRIVE Orin - NVIDIA Blog,NVIDIA Blog,https://news.google.com/rss/articles/CBMifkFVX3lxTE4wT1EtUC1RYWF5N096WVB4Q3VqWVhEMmhiWVFFN2pidEt6bDM0N0NuYWp2aFNtWXMzOEp0VUN6bFYyUVNLZkVvOVZuNzBkdkhCdS1lWldMdjV6cmpfelc0d29JYUxMZ1JjWG1scjE5YjN6Wm5BUlQ2d2ZPVWJSQQ,0.99990046,7.354138e-05,2.6020156e-05
2021-12-21 08:00:00,NVIDIA BlueField Sets New World Record for DPU Performance - NVIDIA Blog,NVIDIA Blog,https://news.google.com/rss/articles/CBMieEFVX3lxTE5DNzFtVi1iSkJRRjNlWHh0dk50cnVvRmJnbm82OXNIMGRCUTlMdzQxYlF4N1NJMUFSWUJ1d2hkVGJxRnhVWjYxTmtiNFR3dDgwb0ppQWFlMERCaFVSSE5VZTlIcnFkdHNVVld5b1VObmh1bmhmUTBNdA,5.559023e-05,0.9999441,3.9363286e-07
2022-01-04 08:00:00,NVIDIA Makes Free Version of Omniverse Available to Millions of Individual Creators and Artists Worldwide - NVIDIA Blog,NVIDIA Blog,https://news.google.com/rss/articles/CBMidkFVX3lxTE5Vbml2elFKbTV6NGFUWTFVMF9DamJCMXJhbHFqRUlNZ1RwM0pIRWxLUWJudmhVejMzdXRhVjNENUhSc1FCTGJsRWJGQTlCTUJqSGVKRHBZZ1ItNU5jWWlWSkxTV0RVMkZ5bWh4YXZyc3diZzVrZmc,0.9999896,5.378847e-06,5.0637796e-06
2022-01-04 08:00:00,1440p G-SYNC Esports Displays | GeForce News - NVIDIA,NVIDIA,https://news.google.com/rss/articles/CBMigwFBVV95cUxNdmRfOFg1c3VJcDhpWmw0VmtUOTF2MDBZS3o0MmR6dldOcGtCVkhSZ1FNTG84dmtWbU1udWxwbERfS09hZW1tSlNyM3VjYmdTVHFkb3FQT0pzRXF3Rk1YTHU5aXJPQWFqZzkyX0VSTlQ2d0FnSG1hQWpuNnFLM3V4TXk1Yw,0.99972445,0.00023352983,4.200149e-05
2022-01-04 08:00:00,NVIDIA Canvas Updated With New AI Model Delivering 4x Resolution and More Materials - NVIDIA Blog,NVIDIA Blog,https://news.google.com/rss/articles/CBMicEFVX3lxTE5WMHZ2M1dLSm5BVGlGbEhKLTBWOFJ1YjR5N1FqWEJmeHlRSUpMOEJNNjBjYm0waVlVT3Y5aE9OOUpqRW0wcXhKblNGZm9SOUdxYldzYlhHQ3VZSkRIdExCVzJRUGc5M2lIU3lCd1U3MFM,0.9998331,0.00015704251,9.767543e-06
2022-01-04 08:00:00,GeForce At CES 2022 Event | GeForce News - NVIDIA,NVIDIA,https://news.google.com/rss/articles/CBMijAFBVV95cUxPY1U1dUtJeGZKeE5tejNiNlBEalBiRHp6OXVORzN2MWdvM3Z1QnVldHpWd2twSE50YV9DOU1idTJaNERvR1ZYSkhXTG1FWWJJbHliZkFfaEFLbzRyWHVDN1N3V21JN1dJWXVFckVCRE55amdGNjBQLUdYWnJvVEx1QWN4VThBUE9PUnFoNg,0.98665917,0.013308465,3.2349377e-05
2022-01-04 08:00:00,All New RTX 3080 Ti & 3070 Ti Gaming Laptops | GeForce News - NVIDIA,NVIDIA,https://news.google.com/rss/articles/CBMihAFBVV95cUxNekc1UmdrNXp3dWxVWWhicS1RNXM5R2xhQ2g2UFZEWGpOODJQaXhoR3h2cFRib2gyd0ttOVNjSW85U0lWejJXeVRVaUU4NURJUU1oQjlHa1NkWGxGUjJaRTBYR09FdS04SWhrRkhYWm1RQk1ZTUROclBBdXI0eTFNdkpRbjM,0.9997764,0.00022240209,1.1780771e-06
2022-01-10 08:00:00,Leading HPC Software Company Bright Computing Joins NVIDIA - NVIDIA Blog,NVIDIA Blog,https://news.google.com/rss/articles/CBMiYEFVX3lxTE1xMkRnQ3lXbm9zbjdacWlNNzVMNGxfMjhtU3JtZjhGMW9SUGpaNC0ybVRCcGtRSTZRejBkUE1QcUkyeFRubExQcGdIM1BJMjhZM2s2TnA3Qy14ZG9UZDVmSw,0.98592246,0.013828828,0.0002486445
2022-01-13 08:00:00,‘Fortnite’ Comes to iOS Safari and Android Through GeForce NOW - NVIDIA Blog,NVIDIA Blog,https://news.google.com/rss/articles/CBMicEFVX3lxTE1EZDgxbjV0NS0xQm9jZHd3VHJ3N2Uza1Z4emFQLWw4dXlMQVlFNWo3NzFoOUFSYTZVNlhhUS1Lems0bENOSHhvb3A2S09WNkZWZWZtcWZKX0JiaS1sVzc1SzdpRnpIdUsxT1hCRUtsT3A,0.99999106,2.8005854e-06,6.161526e-06
2022-01-14 08:00:00,God of War NVIDIA DLSS & Reflex Game Ready Driver Released - Download and Install For The Definitive Experience - NVIDIA,NVIDIA,https://news.google.com/rss/articles/CBMie0FVX3lxTE1TdnVaaFdZOU9JeWJHMG5GSnBCSjlSdW1BXzR0ZmFmdGM2bkdJTDlGNUswOHhjOE9acHgtOWtCLS1JMk1HYUF5UlZpTGZDelRpdWNDeXdyMkwyTGc4QTg2Q1JDeTA5bXJxaHBOOXNLdEtsT015eDFyWFBYTQ,0.99972445,0.00026645183,9.057638e-06
2022-01-19 08:00:00,New NVIDIA AI Enterprise Release Lights Up Data Centers - NVIDIA Blog,NVIDIA Blog,https://news.google.com/rss/articles/CBMiYkFVX3lxTE1rOU11dE9hWlBfMURGVHNsMThWLU14OU05RjNOdDQtc00wMXRrN01ONEJ2NlNZOC1rSEJxRDlsYnNDZ21ROE9VMlFaMEpBMFRoXzBJZXBHaWN1Q1pKcko2VFNB,0.9998037,0.00017670899,1.953683e-05
2022-01-20 08:00:00,NVIDIA GPUs Enable Simulation of a Living Cell - NVIDIA Blog,NVIDIA Blog,https://news.google.com/rss/articles/CBMiY0FVX3lxTE5oaGlIOE42VTUwRW0wNlBHV3Z1SXBEWXpCUUhqNy1qaXlURUs2eDVsU2ZsNnJQSUNoSzhZNW1nazlQUzFBMFhHd0N4T0liMDViQXY5T05Ga3Fvdy1CYkFSMlpaVQ,0.9666331,0.03331887,4.8023972e-05
2022-01-24 08:00:00,Meta Works with NVIDIA to Build Massive AI Research Supercomputer - NVIDIA Blog,NVIDIA Blog,https://news.google.com/rss/articles/CBMiZ0FVX3lxTE15V1pLY2xPZl91cXRETHh0cmV4czJmazdHTmg0ODFWWTVtNkw5cW4zXzBlbW9OTHhPMUlDLW9IZGNULXR6ZWFna2d2YVZfdXBaVDlNNjFfS0hUY0p4MkdXdDNQSE5yRDg,0.99764025,0.0022673174,9.242453e-05
2022-01-27 08:00:00,GeForce RTX 3050 Out Now: Step Up To RTX - NVIDIA,NVIDIA,https://news.google.com/rss/articles/CBMidkFVX3lxTFBDa3gtZVotbzllS0hqcXNfd09rS2pKOWdveFBEd0R3amVzWE8ycFV6ajJpUWVFQW9YbG5qbUUwOEJFckRDbnFWa3hQd1BOTXdPY2NoeW5vNXNJMXl4LTNyMWpNcThubVlmbXNpMTE5aGw3MXRuQVE,0.990455,0.009486171,5.881507e-05
2022-02-07 08:00:00,Get Started on NLP and Conversational AI with NVIDIA DLI Courses - NVIDIA Developer,NVIDIA Developer,https://news.google.com/rss/articles/CBMirgFBVV95cUxObnE1N1dsaHNFZkJHb2xGSE9jbmhCeDI2b3NXOXdrWEI4aGY0N3VYVmFadkJrLWtlanBVVHVqZmItdkZqRjJMREdodVh2RXdCcVVaa09CVmdITENRb195Q0dmb0NTMndCWDRNM0VmMVM4TklHWkVnN29OUVA2QmdGRWhIYjNlZDlycU01T3dWclZ0aUNsT3ZCTjl4b0QtbFItOERKcFp1RXBRdW9rNFE,0.99999833,4.805673e-07,1.1956488e-06
2022-02-07 08:00:00,NVIDIA and SoftBank Group Announce Termination of NVIDIA’s Acquisition of Arm Limited - NVIDIA Newsroom,NVIDIA Newsroom,https://news.google.com/rss/articles/CBMiuwFBVV95cUxQbGt4dWNveXpGcmF2a3c0emJzU1hHX1BTMWZMZGE4dE96cGR5SXF5TDRLXzJpNnVoSHRqSy1TNE1yQWFKZy0xRlozbUFKalZfbDRHM3VWT3ZZd1BFSUQxNktCckdpMl9RR2N2QlQwZWluSG1tTkdxUkxBWXlJbUR3RHVJZ1ZoVy1ybEpfSWtiSERPbzhTNUJxVDNBd0VkWnBGeUFGckRnVlNOajE0WFBFTm40MVFZUDlTUE9R,0.9998771,3.483966e-05,8.802661e-05
2022-02-11 08:00:00,How Advanced Optimus Delivers Max Performance With Optimal Battery Life - NVIDIA,NVIDIA,https://news.google.com/rss/articles/CBMie0FVX3lxTE1kaEVMQzB3Q3VFX0hieE5uY3hfQ01qWjM0N1ZwNTVVNEJnQkhYX05xMjFQanFOdk5YZ19nekdRRngtd0IyOGFrS0U0NURPQkxwcl9falVpczBtZ3dYUTM1RkpMc01ib1lCd2dpclVDajZGUFpRQVF2d3BqMA,7.473935e-05,0.9999238,1.4552509e-06
2022-02-14 08:00:00,"Download Now - Game Ready Driver For Elden Ring, Destiny 2: The Witch Queen, and Total War: Warhammer III Released - NVIDIA",NVIDIA,https://news.google.com/rss/articles/CBMitgFBVV95cUxNbk9WMDAzMjFjV05LTDVvNHpOR2otSGdhRGhZUTZPbzk2cTdqcXd1UW1vdnlzSVMxSEhYQkk1LUZGSHRCOXg2YVJQTmhqeGdyZ1FFMlA2WE5TYV9HT1Y1YlVScDhCWjVaSHVScnJGS1hQMUc5OXhTcnppNWRPNi1WNTFnckxTaExPdi1qZHlYTTZOYmwzSjFzVGo5TW5NQVRSd2Y2ZTBxekltYXdKVTRzWEF0Z0NUdw,0.99992216,3.3898603e-05,4.4044322e-05
2022-02-14 08:00:00,Introducing The GeForce RTX Keyboard Keycap - NVIDIA,NVIDIA,https://news.google.com/rss/articles/CBMib0FVX3lxTFBsRGQ2b0NnTlQwaGtZaE5RMnVjTmZXVjIzZjY4Y2JYclZpTWhrSW1BbUFQSU43S25HTjZBbEd2TzdfQTBCeEtpeE9oZ2dJTVMtc0NTS2VUcVFjRmdpNFBMamxGYTRnUGV0STZEZVVvMA,0.113350615,0.8866165,3.2890675e-05
2022-02-16 08:00:00,NVIDIA Announces Financial Results for Fourth Quarter and Fiscal 2022 - NVIDIA Newsroom,NVIDIA Newsroom,https://news.google.com/rss/articles/CBMipwFBVV95cUxNbG51alQyWExxYkpQUkhGNG5oeDRHOXB3dWp2NkU3M0JMTzlqRnA3WDkxRGxrODJsYnRRSnd6VHlmclFCVzNqUEFkVFlvRmxLd1BZTmhIMmxrQUVQQjBnVXhtWFZUd1pMZTVmZ2ZnZlloV20yN0w0QWtkLWwzYk1ESXZXXzBGcHQ5UEx1WHJZVVFpNi1JQ3dEMEt5UmtqbUdwYjBhRkItcw,0.9998066,0.00019120122,2.2339086e-06
2022-02-16 08:00:00,Jaguar Land Rover Announces Partnership With NVIDIA - NVIDIA Newsroom,NVIDIA Newsroom,https://news.google.com/rss/articles/CBMijwFBVV95cUxQbWY0bkJGTTlvVlpCaS1udzhOdW04NFVUeW9HSDdnREVHQ05TakdkWWFEWkVkOVhRQU1DU1dnT1E3a1V0Tll2QWRnSG5EZVJqRDVEYnpBOXhYczZkY3lrZXF3RGNEZ3BxVlJlV0pIdmZuWktyakdVNjVBUTJBWEUtLVJVRWdxa2E4Ty03T1dCSQ,0.9967253,0.0032706119,4.067765e-06
2022-02-17 08:00:00,What Is Edge AI and How Does It Work? - NVIDIA Blog,NVIDIA Blog,https://news.google.com/rss/articles/CBMiWkFVX3lxTFA5U0JtcjNxeE5jQkE1TWo4QWpQdmtOOVJFb2R2Qm1aWFRqa1pubkdxUDg0ci1LY2E3dl8tNnFnLUxPR0tqeFlFME1sWnZhZnZVRTlrNnhTcFNVQQ,0.9983209,0.00027037665,0.0014086597
2022-03-07 08:00:00,Storage Specialist Excelero Joins NVIDIA - NVIDIA Blog,NVIDIA Blog,https://news.google.com/rss/articles/CBMiZ0FVX3lxTE5tcGFYVXExRlZ0Wkh0em9NN1NyQWhvdzBheXVOdjhtRjlvWkxSYzU3dnVieFRPYWh5MXBkRFBLdjRTNUhvQkliV3VZQzJDcGpTYzVxTTFGMXBsemg1bDFDS1hwelhHbDA,0.99981827,4.974492e-05,0.00013200936
2022-03-07 08:00:00,How to use the NVIDIA Reflex Analyzer - NVIDIA,NVIDIA,https://news.google.com/rss/articles/CBMikgFBVV95cUxNRXhKeXhsdUdXcnZ6eDJnbFhLQUY3aWF3RDI0d2w1bDhzZl9FelMwUmVLTUh6S2hNbWRORE13U09GZEVUX1RCUDlTc2JZb0tzUmdLZEMwcTRTNlNDaFU2eEs0VDZHUHNiMXJLUnhtOVZJR3BhVnhzMjRWNVl4dWpWM013WFE3TEs4ZGpEVTRidEcyUQ,0.997546,0.0023210563,0.00013299692
2022-03-22 07:00:00,NVIDIA Announces Digital Twin Platform for Scientific Computing - NVIDIA Newsroom,NVIDIA Newsroom,https://news.google.com/rss/articles/CBMinwFBVV95cUxNVEY4dU9OTTB0bjZibEE4dFZLSVJNQzZrNUVlT0t5QlFfbW5YRnhoWGhMd2VCdGI1UEVJTnpSa3hpOEZsWGZCSHNMcDlOellSYUYzTEp0dVlvMFI4Q0ZMVUtZWXNMOEF0T1hSSVp2TFI4UnRtWUo3c2hyYV95Mzd0aDhtMkd6NHhCWVBLQW52a0RYQzhDSmJfTGtWN1BvQ0U,0.8222772,0.17769219,3.053672e-05
2022-03-22 07:00:00,NVIDIA Announces Spectrum High-Performance Data Center Networking Infrastructure Platform - NVIDIA Newsroom,NVIDIA Newsroom,https://news.google.com/rss/articles/CBMiwgFBVV95cUxPMVpGWS1JOFdrSW9QbVJ3eUIycVc0SDA1em92YjRGdk9qWFJqbE5yaGNSWkpER1dnMFVLbDZMdUNYTExEeXcwQ2dWcWZkUDZuczM0aWxLczA3Y29TdXNtQmtmZE55a2wxX21SdnFsZmlCdUZXR2RhSjNFQm5aMDBwb2JWblNta0JIcmhsREhWdW9QODljT2VwTHZoeC1qcUI5QUFyS0tHOGR6aERUU1AwTEZWTWFFY0lnZjJfbmtLZGowdw,0.83969784,0.16027899,2.3179347e-05
2022-03-22 07:00:00,NVIDIA Opens NVLink for Custom Silicon Integration - NVIDIA Newsroom,NVIDIA Newsroom,https://news.google.com/rss/articles/CBMijgFBVV95cUxQWUpSelRrUm5SX3liTXFCMFdHUHBOU1RMM1FHWFVCRGdDNnFmZHNxRklPVExBMHkxMWxzLUZ6eGR5VkNjYklVVl9CaDlqLXoxQk9EQXRmdGJzNW9SNmdRT1ZQNnp3eWdjbFB2WnhaTC01MnhJR3lmUU85TkhXVWMzckJuWDBuRDVjd3RXenNn,0.9999647,3.4898378e-05,3.1238852e-07
2022-03-22 07:00:00,"Kroger and NVIDIA to Reinvent the Shopping Experience Through State-of-the-Art, AI-Enabled Applications and Services - NVIDIA Newsroom",NVIDIA Newsroom,https://news.google.com/rss/articles/CBMi5AFBVV95cUxQNkx3LTNOcXc5cXBIMzVqbm9PZ0tETUlWYnV5TC02LTJxUWZ0bjhJeDMtVUUzQ0JZS1YxX3YxREVTZS1kbTREQkI1V1hfNkRhWnVBajByQ2U3djJBRWpNamxzblBUd2t4bi0tS1N1eV9SeXpQNnpRTzJKTWdKTXROaXBrNW8wUVp4MFE0QkRRQmtjUmd2eGpVZ0ctYXYzR0pqb3ZvcmFPT2NhTFdLU1hBQ09jMkJEaEttR1pUeDVpaS1rb0ZQdXB2REdEYWVGd1h4UFdMZUxJdVpnNUwycVVHd0pFR2Q,1.2256181e-05,0.99998534,2.335117e-06
2022-03-22 07:00:00,NVIDIA Launches Omniverse for Developers: A Powerful and Collaborative Game Creation Environment - NVIDIA Newsroom,NVIDIA Newsroom,https://news.google.com/rss/articles/CBMiygFBVV95cUxPRDA3cGlRZ1p1WTlfbTJxNDBwbnY5ZVpISWxzemkyTWRKZFRxNUktTlBIbUdKWlJ5eTNvbk5wdllxaTFodU1pVjNMek1xV19wZkk5NFZCWWpxeXhVRFdRbVI3cG0tMmxGN1daanY5S0Y2ak5NbURuaFAyaktNSjd5c1h6amlGajN3OUt6cVNvZ1h4cmVrNXI2NEdLVDdidzhNS3ptTFhLd2lGNERkVTRfRmJxMEdKaTNCVm4zNjB1S0pPSm1tdTlRVTBn,9.101065e-07,0.99999905,5.239729e-08
2022-03-22 07:00:00,NVIDIA Hopper GPU Architecture Accelerates Dynamic Programming Up to 40x Using New DPX Instructions - NVIDIA Blog,NVIDIA Blog,https://news.google.com/rss/articles/CBMioAFBVV95cUxQV1IzYVQ0VTI4dHdRbkNCSy1xNzlRNVo5cF9JOFVlNmg3WWJLM2VOb3prS012U1phNV9zazVPNDRsVG1wbWJaZHpjcUx1QXdOYWFhc2gyWFNmcnFuUWJGM2lCM3ZYOGcwTnJmWXRLMEF6cER4cnV3TmFhNjVZSGtlMDA2Q05yZVhacHRlTUM2RWw0UUdWNHExN0VWMnBrRWhi,4.445412e-05,0.99995553,5.279195e-08
2022-03-22 07:00:00,NVIDIA Announces Omniverse Cloud to Connect Tens of Millions of Designers and Creators - NVIDIA Newsroom,NVIDIA Newsroom,https://news.google.com/rss/articles/CBMivgFBVV95cUxPMWgyaDhnY19vRUNEWTV2eWJWaXp2VXpnQjQ4d2JLMmluQ25sVTBNcDQyYnN0MWFwemRlajd3U00zd29kN0c0ZVNnTEEzdk5rdXFIVmY3N3pRRGEzaE0yTDF6aTRnd0ppUm9EYWw1Z1Nvcmw4bHFRUmlod1Z3Wjh5ZmpHWnhIX1R6N2ZXQ0l3eWJZdHFZQm15eFFyT1hxUER6eExscERVZWUzMXNsQ0lmWWI0VnpOdVVYNTByVURn,0.95240086,0.04758961,9.506452e-06
2022-03-22 07:00:00,"Announcing DRIVE Map Scalable, Multi-Modal Engine - NVIDIA Blog",NVIDIA Blog,https://news.google.com/rss/articles/CBMidkFVX3lxTFBPWERXRnpZVThhbGZCWXNKb3J4OEN5ME1aZ0cyVXY4SXo3MGFzM1JaVU5ic0dXcVV2QkpweVFtM1hsRi1tMEc3Wm1WTldUMV9jTmo4eTc1MWxkRVQtZjZJTWpGWGhQLWE4d1JJaHE3M09KaDRod1E,0.30367178,0.6961741,0.0001542054
2022-03-22 07:00:00,NVIDIA Announces DGX H100 Systems – World’s Most Advanced Enterprise AI Infrastructure - NVIDIA Newsroom,NVIDIA Newsroom,https://news.google.com/rss/articles/CBMiugFBVV95cUxOWmdMR0hIWWZTMGtNcnlDRDNBT0Q0QnNYTE9BZUs1Q2hnQUFUQks2d1F5ZVdNLW5JUjBKWGZKWUREOElXQTdOU2tLUXdLcHRGRUFBT3FKUzdmaUs0bGNNMjNJMkw0bmpFSjM3NFktRnVmbGo3WXFGdWM5S2x3R2hBSktFSG5JZEpIU2hmeDYxUC1iS0o3dTI5YUcxN3lXclJuTnhhRGZtTFpRejFZTmdXX0I5WlEzbzdneGc,0.7091081,0.2908792,1.2671447e-05
2022-03-22 07:00:00,NVIDIA Introduces Grace CPU Superchip - NVIDIA Newsroom,NVIDIA Newsroom,https://news.google.com/rss/articles/CBMifEFVX3lxTFBvZG1ydnViX3lYZnhDcXB4cVBSSmNZYmQwcjBpdlMxLTBkSVI3X1dzeGV6OUdybWRaV29ES1JMNGJSTEowVFFaYW5NQ3hYbkN4aHRPV1hZNGxLXzVOWmIxT2o5ZWJpWWVpRDlaYUQyYnhZR3o2TTktdnNtRGw,0.99855703,0.0014313349,1.1718021e-05
2022-03-22 07:00:00,"NVIDIA Announces Hopper Architecture, the Next Generation of Accelerated Computing - NVIDIA Newsroom",NVIDIA Newsroom,https://news.google.com/rss/articles/CBMitwFBVV95cUxPZVd2dFc4VW1yM1dkM2k5MnZRNkdrbzgzOVRPbmZwODMtU0RIR0JocmVOUjhCTkswbUlGRldreWNQS25KX3puOTBOc0tiekJHZ3hLa01yeDhNWkdpdV9wTzlCUEkzV1V1Sl9pcVhxZUl4UFY5a2pXQUtLekt3YXlQYmRIR3ZlNGFPZHdZS1FUeG9rUkNPWDJqR2wzSm9HRktRc1FYVVdnYWJrSXhWUE8yUHM0MDhMS0E,0.97705907,0.022934124,6.8372883e-06
2022-03-22 07:00:00,Ghostwire: Tokyo Game Ready Driver Released - Get The Definitive Experience With NVIDIA DLSS - NVIDIA,NVIDIA,https://news.google.com/rss/articles/CBMiggFBVV95cUxON3hjS2RyQmZReGFacExQd3dxdVAyR1BVbDJRQ3J0TmtQUlJPQmpDb2JtbzN0VWRqVzBJYVlaN25TcVB5ejZMdjRMM2dwWmpNaktndlNpUk1pbzh2LUFRYVI2Ymh3Tk9QV1J5UlZsamJMSDJWUllscjhHT09LOHY2a3pn,0.8740903,0.12587129,3.8460355e-05
2022-03-22 07:00:00,"Keynote Wrap-Up: Turning Data Centers into ‘AI Factories,’ NVIDIA CEO Intros Hopper Architecture, H100 GPU, New Supercomputers, Software - NVIDIA Blog",NVIDIA Blog,https://news.google.com/rss/articles/CBMihgFBVV95cUxOMzByVkNuUUlUVTI3c2sxWnpjMjRMRHlxVldBSG1xSExKMHhIMWZmX1ZhZElWbUxsMWI5Z29NcTZBRVo1NHl4VjdmM0JfeWtkckRaSW0xamtKYVlCZmlHd2UtQjZFVzdGXzRRY3lmOTZGM2V4ZWI2WkNPU2ZPYzNWVi1yV3pSQQ,0.99999,6.4159062e-06,3.603606e-06
2022-03-22 07:00:00,NVIDIA Hopper Architecture In-Depth | NVIDIA Technical Blog - NVIDIA Developer,NVIDIA Developer,https://news.google.com/rss/articles/CBMiekFVX3lxTE1zZU9Wb1Vkc1ZxeEFsckU0WWdpM0w2N3pBQ21ZbGFUb1Q2Nk41WHNJSEsxTWVJWkVXZk0ySTZUUmZndURmWC10b2R6VXhxbHp5UzZGbVpxMFZIeThfSm9odmNDcVBnUzBXV2ZucmxNUDdvbFB3dEw2UjF3,0.99999475,4.4829853e-06,6.6043117e-07
2022-03-23 07:00:00,What Is Path Tracing? - NVIDIA Blog,NVIDIA Blog,https://news.google.com/rss/articles/CBMiYEFVX3lxTE9TQ2xfRW1HVG05T2lBRVV1T1ZIMzJCUzFaVVBDLV9fMmh3T2s4S0JKaFlMdU9XVUR6c1RaQVZqQlYzU0RzbFI0QTRjNVJMdU9VTG16el8zVHpUbVluN0NoYw,0.9996166,4.6887868e-05,0.00033657395
2022-03-29 07:00:00,GeForce RTX 3090 Ti Is Here: The Fastest GeForce GPU For The Most Demanding Creators & Gamers - NVIDIA,NVIDIA,https://news.google.com/rss/articles/CBMiekFVX3lxTE50NzNUWkV6MnhRYzcwR09kVEEzSVR4dnh3b1JxQkVuVG9EZzlGQnZvQlB0QzhxbVpsc3hCckFNLXcwWTJ2YmVqa2EwclhzS1UxTFNHOWRlSUpUTHNMeDNSZEhhYWM0NFIwdjFncHhveFdsWFRoM2loTVVR,1.6858927e-07,0.9999999,9.419353e-09
2022-05-05 07:00:00,"GFN Thursday Caught in 4K: 27 Games Arriving on GeForce NOW in May, Alongside 4K Streaming to PC and Mac Apps - NVIDIA Blog",NVIDIA Blog,https://news.google.com/rss/articles/CBMiakFVX3lxTFByMWF6dWpYUnZGVk01RTVaWWFOeFZxbm5ZckxFT3dBMnlLazRhTHhEN1AyM29sN1dLYmJXelE2NDhSdWN1N2EyZlFZNWk5M0t4VmphTG1la3B6d0NlSnJWd1VCVjhHQm1mWmc,0.99999225,4.711236e-06,3.0140409e-06
2022-05-12 07:00:00,Getting Started with NVIDIA Instant NeRFs | NVIDIA Technical Blog - NVIDIA Developer,NVIDIA Developer,https://news.google.com/rss/articles/CBMiggFBVV95cUxPckNQa3diZ3Jod1l3ZWRtUlhaSnZXcU5nMmNibm9wNEN4b0lHYTd3S3c0bkJQVVZsZEZHNXlXbzFwSFkxSEotTGhEc3hhb2IzSzhYOXF2Q0d4ZkxmdVVSUW5lSmJJNmFjTWZDYzZGRGk0UFhDYmlRb0ZZZ01jU1FIUDdB,0.99985945,0.00013302495,7.459999e-06
2022-05-17 07:00:00,Concept Artist Pablo Muñoz Gómez Enlivens Fantasy Creatures ‘In the NVIDIA Studio’ - NVIDIA Blog,NVIDIA Blog,https://news.google.com/rss/articles/CBMiakFVX3lxTE5LVTdtMm9TUGxnZ0tKV3FKUXE0bU0xZE92TFd3WXprWjRhakJQeUZyN0dfZHM2VzdzXzJ6cHVJWkJ3aklpY3hhVTFZN1dGeUlrYkJTcFYwNjY3VGxkTjlCS1I3S2RsUi1pekE,0.9995944,0.00039045108,1.5191077e-05
2022-05-19 07:00:00,NVIDIA Releases Open-Source GPU Kernel Modules | NVIDIA Technical Blog - NVIDIA Developer,NVIDIA Developer,https://news.google.com/rss/articles/CBMiiAFBVV95cUxOQlY3RTAwektfTUZWMEdfc3pMdzFCNFhqaFU2V3pGSmpQUkFQUHkzOGxxV01aWHpwSU9Eclh1U3BOaGdDT0h5RDNEMVoxM050dmpfc3NvV3F0VFgzNEF6bFozQWpyQTc0aUduRXQwczVIcHVyNDFyUkYtVzN6ckVGXzAwdkI3MHJH,0.9995061,0.00049023156,3.7306643e-06
2022-05-23 07:00:00,Taiwan’s Tech Titans Adopt World’s First NVIDIA Grace CPU-Powered System Designs - NVIDIA Newsroom,NVIDIA Newsroom,https://news.google.com/rss/articles/CBMiswFBVV95cUxPMnhNbGo2WkZ3b1lra1luV3hRbnNfOU9BX2RYNl9LbEQ4QlZKQW9TZkdtSVEzVE9WbW83S0NoQ3htbW04ZlExLUVabHVTa3luclY1dms3Snd3SEk1Y3JCaUNmY3FHLUw5bkk1TTdEdFhXanZTdUR3Y21KN1hwbVY2VWJzVVdIZEpoS0tqWF9jMlpueWt1endmc3Jzbk9YUklsaVA3YTJXQXYyZWJnQ2EwMTJzcw,0.9396096,0.060376246,1.4126498e-05
2022-05-23 07:00:00,"NVIDIA Brings Data Center, Robotics, Gaming, Content Creation Innovations to COMPUTEX - NVIDIA Blog",NVIDIA Blog,https://news.google.com/rss/articles/CBMiUEFVX3lxTE9RMXFVZWZJRy0weTh4SjZVb3lSSTNLVDY4eVEwMXVrdnFySjMwNVVhSTRlWkxPb2lnQnJ2eEJSTkZmbGkwc0k3SHhvVlljb2pi,0.5784214,0.42154908,2.9530871e-05
2022-05-23 07:00:00,"NVIDIA Reflex Coming To Four New Titles, Including ICARUS, And The First 500Hz NVIDIA G-SYNC Display - NVIDIA",NVIDIA,https://news.google.com/rss/articles/CBMioAFBVV95cUxQUkhHZXJJaHhqS2F6MFJiUFgzU2ZSQmhzMEJVVEhwRm5nRS1HcjRYWng3WDU2QU9tdldCNXVTdGFWdzUzVUYtUzdrR3E5dnNSWEJmVV91UVAwbkdEUERXRElPS2JuUkN0M0lKTlM5aGxfMzF4Nk9HM1ZPNjZHaE9QTzVwN3Jrb3lIbVRXYW0zZzdBSzNmNFZiN1NtQVhaWm9s,0.9999541,4.1726245e-05,4.1195563e-06
2022-05-23 07:00:00,"12 More Games Add NVIDIA DLSS, Including HITMAN 3 and F1 22, Giving GeForce RTX Gamers The Definitive Experience - NVIDIA",NVIDIA,https://news.google.com/rss/articles/CBMihAFBVV95cUxOTkZtUXBLeUtTakNNRWFhaGdCRlhEdVRweExhRDRObFJPOVRJUUZiZkhTQnBId0hqSDl0NWtzMW1hZFZTVUZVeVYtV1hCVVNmVGxrcll0azdkMHk4Q1ZNWk9tTHJTYUVSRFdwdkp1Z0k2VGRDU0QxU3FjMFBGMGdSbkM0cXU,0.041569594,0.9584161,1.4303151e-05
2022-05-23 07:00:00,"NVIDIA Adds Liquid-Cooled GPUs in Support of Sustainable, Efficient Computing - NVIDIA Blog",NVIDIA Blog,https://news.google.com/rss/articles/CBMiakFVX3lxTE5QcmpJb3gtVDEwb2ZidEFYTUlzV2w5dTlPUC1fbnN1WF9iV01paHdXYUwzc2NUUk1ZajFqc1VyaTRKSU9UNm1jN05KLV9OZkZWcm0yN3pxLWxaYUxfYTkzalJxUmp6VHNTMnc,0.001162169,0.99883634,1.5154224e-06
2022-05-30 07:00:00,Scientists Building Digital Twins in NVIDIA Omniverse to Accelerate Clean Energy Research - NVIDIA Blog,NVIDIA Blog,https://news.google.com/rss/articles/CBMibEFVX3lxTE5EazZtTGpVRXNmZXlsUDRSakpVQzc2WThLM0F0SHhtaVp5WjBTekFnWGVkVENWa2tuTFR5bTFjckowRERpUHUzU05zZnBvYV8zX0RMdHpUTXRJUkJ3cFpOOFY3RWNSRllHTFgyRQ,0.8256801,0.1742143,0.00010556539
2022-06-01 07:00:00,"Solving the World’s Biggest Challenges, Together - NVIDIA Blog",NVIDIA Blog,https://news.google.com/rss/articles/CBMiVkFVX3lxTFAzbnBtY1pRU1hLN2RoN1o2WkVUakdLNHJoemZwU29ZQzdQRGIwaU1WZ1ZGbGJPbmhfMUFHTWhRN21peUFKYnBKNzFSSTcxOFRXUWlPUTB3,0.059982117,0.92117155,0.018846408
2022-06-21 07:00:00,AI in the Big Easy: NVIDIA Research Lets Content Creators Improvise With 3D Objects - NVIDIA Blog,NVIDIA Blog,https://news.google.com/rss/articles/CBMic0FVX3lxTE5EZ25zRHQyUmVHSnFKaHJrUzFTNVVwRThheDF6NW1kQkplSUo2ZS1jWTc4UVJiNGVGcTg3ejJzUm42bGdBdFFremtBRk1GYy1fZmlEY01iVGJmTFJaQVE0UXREN2hhWURGcmtIV0tnVVdGMTg,0.9669312,0.00020973096,0.032859016
2022-06-28 07:00:00,F1 22 GeForce Game Ready Driver Released: Rev Up Your System With Support For DLSS & Ray Tracing - NVIDIA,NVIDIA,https://news.google.com/rss/articles/CBMifEFVX3lxTE5rOTdXeEhOLWc4U042X2N2QUJHV1VieFgtaGh4THBGVFJWU0NrNU5VT093b2wtRXVzb1hRSnBTZ2tzaFltbjI4SzVmQ1RHNjlMZHdJZXBySDJIY0NUN0laTFVpZHNlVEJjQ0NHRGJDTDhtYjFXUTM0SERZeEw,0.9994349,0.0005616186,3.4919913e-06
2022-06-29 07:00:00,Siemens and NVIDIA to Enable Industrial Metaverse - NVIDIA Newsroom,NVIDIA Newsroom,https://news.google.com/rss/articles/CBMijAFBVV95cUxQdFJ1eVk4Y3ptM2JMSzBIa0dTNGlEYWxlQ2IzWWlVcnNmY0IyUER0TXBDRHV4ekpMLUdoM1I1OWtfdkFNSzZvZ2dYdDREWXZYYy1Na0Fzek9Rc2Y3b1JRdVc1OGRJQUJFVHk4NnNXOFhDbEItNk96Q1pwMmlCM21tc2dxTjlkeUZVNklfdg,0.4450786,0.55489576,2.5631005e-05
2022-06-29 07:00:00,"The Metaverse Goes Industrial: Siemens, NVIDIA Extend Partnership to Bring Digital Twins Within Easy Reach - NVIDIA Blog",NVIDIA Blog,https://news.google.com/rss/articles/CBMidEFVX3lxTE5uSnF3VTFqX3VYT3d3dG9LV3FmcHk1Ynl3UjBjbHBqcl9IOGxRRHZySmJMbkJRZ1pjMzd1Z3hNUzVEbDk2QWpwODlMNmlRaUNJMGpZVC1Cb2xKVV9ycVJhbGRwbXUzeURPQlU0ZWFRT3EydGZO,0.9709317,0.028961277,0.00010704741
2022-07-08 07:00:00,Designing Arithmetic Circuits with Deep Reinforcement Learning | NVIDIA Technical Blog - NVIDIA Developer,NVIDIA Developer,https://news.google.com/rss/articles/CBMingFBVV95cUxQRGNNdGJVYVNZekk2VTJDcVlzamdkUk5UR0tIOVdyX1RrNlVrclBCWnlTbWE3TmFtQ1ptUy1jeTdmeGhKUk00LWI5Wlk4QjUySXRKeTQzRHE2U016TlBlZFU3RTJsbUl0MkJTTnZnS2pDQllCTTdNUi1yUFBCZVR6MUE5UU1WNWg5UHl2b0gwOUNGSWRVRGQ3eEJnMm1ldw,0.8734033,0.12618694,0.0004097953
2022-07-12 07:00:00,NVIDIA Announces Hybrid Quantum-Classical Computing Platform - NVIDIA Newsroom,NVIDIA Newsroom,https://news.google.com/rss/articles/CBMimwFBVV95cUxQNjg4OUtDcDJzaE5lX2FRYnlDbkp3c3JyeEV0VFk2bWdxM3VNZW9wY1dLaHBZLVl1VDVxMFNvZU9tZklGTE9tYk9uVEZDQk9PdURaMU1wN1NoUXJGQkNUZ29FaTZBTGtvWFJGbk5pN1RvNE5jZUpXWVJmalJXX3VyQzVqOTFCUURtQy1rWVdsT0l2T0Z4Vk9pV1RwSQ,0.9217535,0.078193076,5.3412004e-05
2022-08-09 07:00:00,NVIDIA AI Makes Performance Capture Possible With Any Camera - NVIDIA Blog,NVIDIA Blog,https://news.google.com/rss/articles/CBMiY0FVX3lxTE1UVHlkTkNFVGxWcktPZXJWbU81MzNnekNOeXZrQU4wVDRvWW1Ia2dQRHkxQVU0Y0kwQnlheHhPbjFYZFVFc1VqSDhoRks3Q2tmdWQwWnhMcncyR1FlNXdYRVhmWQ,0.83675313,0.16262823,0.0006186572
2022-08-09 07:00:00,Virtual Assistants and Digital Humans on Pace to Ace Turing Test With New NVIDIA Omniverse Avatar Cloud Engine - NVIDIA Newsroom,NVIDIA Newsroom,https://news.google.com/rss/articles/CBMi3gFBVV95cUxNRjU2c0p4RmZpQktGNlRDTVRaeXR0MTl0VFBUbEVkN19wcEVIdE45azRGX2lYYjN6RDA5dk8xa2loU2RZanZDaDBRaVlXQnRNUElOalVpeWI3STdySkZBVy1LM25DbmtWV3VRNzFndDA1ck1tN0VBRUprZWFiWG5Lc3g0TVhidTg2X21Xb1JOWEM2R0JyVHhmbVBxZWRtd0RyN0tGM0ZRcG9CYU9lMkdoUzNWNzQzakpGRmljUElhNnIyb0NSQmc5OXpZeWZFZnhpUWF0WjF2MExzaVh1MGc,0.1327629,0.86722565,1.1495562e-05
2022-08-09 07:00:00,NVIDIA and Partners Build Out Universal Scene Description to Accelerate Industrial Metaverse and Next Wave of AI - NVIDIA Newsroom,NVIDIA Newsroom,https://news.google.com/rss/articles/CBMi4AFBVV95cUxPZnlaTi1fRDJLNkIyMkdackVwNzAwamg3ckQ4bmI1N19zMVB6Nk5kNTdWeHNwVndZV1prWEtmYkRidzJlbmU5bjhvTng0a21FUjRvSXcxcW5MTG11Y1dlUGN1bVBrOUNVNWpLaFE3cnl2cGlkY0JRdFF5Z3d3R0EtUVRNdnNWelhyTWUzVkZyMGdnaHpTVlhmRHV5SGNzZVMxVkhVamFMNzc0TTdobHhmeTdWV3I1Z0JHdktPZlI5ZS1YYjNNaFF3ZTIwV2liNHdlTmtlWDdrY3d6eEU2S2JNXw,0.017193444,0.98280567,9.466776e-07
2022-08-19 07:00:00,"NVIDIA to Share New Details on Grace CPU, Hopper GPU, NVLink Switch, Jetson Orin Module at Hot Chips - NVIDIA Blog",NVIDIA Blog,https://news.google.com/rss/articles/CBMib0FVX3lxTE5qdTZ6emdvU1ZjYzFjMzJMeTNhSjNFckhyVm1tRFdILUg5VVhkdmpocUozZS1KMDNtRVFieV9fTlVSdHk3dlhUb3U3dVB5Sko0b0szTElDa1Q5d2ZyNjF4ck1BS0FlRXdVNmYyamZFOA,0.9999486,4.2918502e-05,8.49116e-06
2022-08-31 07:00:00,U.S. officials order Nvidia to halt sales of top AI chips to China - Reuters,Reuters,https://news.google.com/rss/articles/CBMiugFBVV95cUxQQTJyNTZBY1I2eDAtNXppNVZNaEo5YUdaN19LUDNaLXhhTzR3T2VvZHZMNTJoTEVIUWQtOG5jdmQ2T2RJQ1F5dFN0N1BpRnp4WjgtenloVTREaGVDZmhucTBFb19YRkM5V3NXdlBleEtnVEY1V2NPalVJTHFBVGJqVmhVWWxBeC1OWUZMMk1OamhsZ2lmbWlnMXhJSlBrMkdQMjRZQW1VQkhJc1hYMUpNM0hBeHduY0pYZ3c,0.0065344675,5.3294198e-06,0.9934602
2022-09-14 07:00:00,"NVIDIA, Arm, and Intel Publish FP8 Specification for Standardization as an Interchange Format for AI - NVIDIA Developer",NVIDIA Developer,https://news.google.com/rss/articles/CBMizgFBVV95cUxPeXhGWl9INTNjNFZSY2FXTUU5WE0xR3lyTU10UWFCMjR4VmI1MnhpSlhhWUduVjFUWXNjV0hYZlI4azhRR0tRbmtuSGVMeEJua1R5X1cwS3JvbVg4cl9lZEVuTzB4R2VjSGEzdGZTNXhVQ3c3c3NSYml6STcwVkFaQ1R5dlNaZEdadTZ1WXBsNm5BYjk0V0VKb3NkMm4tOUtwRWltb1FvZFZEZ3JQdTE5Y2hKYlhiUUx3a3pYbENBN2ozOWZlVEFucy1CVVEyQQ,0.9999994,1.5406522e-07,4.1984399e-07
2022-09-20 07:00:00,NVIDIA Launches Large Language Model Cloud Services to Advance AI and Digital Biology - NVIDIA Newsroom,NVIDIA Newsroom,https://news.google.com/rss/articles/CBMivAFBVV95cUxQbjRiVFVUT0tzVDhBVHR4bldBUWR3WWJTVG4zaG1mQjhfZzJrQ2xKMHBISzVLZ2IwZHdMdUlEWHE1SGQtaWVkTXNnQUdjQUZtUmF4TDEwS3hlem96RGVrYXR4NFVYamRiWFNISFlKaF8zLURzN25kNDd4VVdkeW84SjVWZDU5bmtOQ1FPVjBqWkdiTWU2andzWkhUc19udlFGNm5Oc1htbU80NWZZTUdQRjN2ODZPV2NreHV0aw,0.97592807,0.024036063,3.5929064e-05
2022-09-20 07:00:00,NVIDIA Launches Omniverse Cloud Services for Building and Operating Industrial Metaverse Applications - NVIDIA Newsroom,NVIDIA Newsroom,https://news.google.com/rss/articles/CBMi0gFBVV95cUxNOXJYM1FFTHE0SW5RNHBSZ0prNEN0NEVmQTJ2al81a0ZOS1MxTUNtcW9wZms4bE9scDBvS2VfdWhuXzJ3S0NtZGNHcjRjcThmX0ZIV3lzOUV3VExSVjN6U181Yk5XVVNBMUJJTnZTLUxhYjd6VU1uckdUUlI0VnRUUjF4U3BJUlJoYVlkQ1pfYnAydThWTmxNSXBKQml2MExtM3FIdk1JaHZrVVVYcEd2MlRYSWFnVkxIbHI3VVM2YmRsR2VJQ1M1cGZWcTcwRnNVNHc,0.9852114,0.0147766555,1.192801e-05
2022-09-20 07:00:00,Experience the Future of Vehicle Infotainment: NVIDIA DRIVE Concierge Brings Customized AI to Every Seat - NVIDIA Blog,NVIDIA Blog,https://news.google.com/rss/articles/CBMibEFVX3lxTFBUaHVJdVFFQnhJVjJMc1VmWnV0cEhNUUhCeUNqVzQ3V3FtZ1FYd0RuOGRjbnZVeUZWRDNVSkhDakNBWHRwUjlpN3dIbUxrZXRpUkJheHR3aGZBbjV1cnU3R01zVURUeG0xMzJyNQ,0.086454414,0.91350555,4.010359e-05
2022-09-20 07:00:00,NVIDIA’s New Ada Lovelace RTX GPU Arrives for Designers and Creators - NVIDIA Newsroom,NVIDIA Newsroom,https://news.google.com/rss/articles/CBMipAFBVV95cUxPOHFRRm9Sd0d6Z0lGb3lNdTFUZW9sMHNqNU82bmV3VEhRMWRYN2dUbl9vU2thdnlMQm9rZ3ROZUhYaHBtZnVmRm1peVhzUGRFVjJMUVI5M2FnaU12a2JJbWxSR0xrenBtVlhZcGg1RGZ6Smp6aWhaaXZaVlpuY01qU19xa05zMjZTendWQlYzRDR0UTViWkhKS0UtMEhYU3F4STVnQQ,0.9999645,3.3937333e-05,1.5710492e-06
2022-09-20 07:00:00,DLSS 3 Supports RTX Over 35 Games & Apps | GeForce News - NVIDIA,NVIDIA,https://news.google.com/rss/articles/CBMiggFBVV95cUxNYW9NempsMV9OZExwMXlKOFgxa0lfb0UyQlRUdmZZcHJZbTVHU2lKaHlGeUxOeThZVnJtTEt2bzFsLWtwWjd2endkalZSa042U29fQXdVQXJ2cWJtWDlFUU1LNjZjRG0tYVhJRFRFTUozQndLaWJ2YWYzemVIUVdXWWlB,0.86526275,0.13470513,3.2180047e-05
2022-09-20 07:00:00,"NVIDIA Unveils DRIVE Thor — Centralized Car Computer Unifying Cluster, Infotainment, Automated Driving, and Parking in a Single, Cost-Saving System - NVIDIA Newsroom",NVIDIA Newsroom,https://news.google.com/rss/articles/CBMihwJBVV95cUxOUkFvUVNSMmZ6RjlfMFVlbWUwcTQ1Z2VLTEk4S1BLYU5QalNReWdzYjBrbWZNaml4aWw4UlZBc1VsSExCeW9KWE0zWGZyZ1pJVndKeGNmbnotX1ZOLVFDWU14MVlWQkxmX28tY1pabTBOQ2ZnUzRRX0syVWN1ZHluOU1VQm4zWm1zaEpabjB1WGhvZi1ZSFcwYkp4ckhOVGhSNFFvVlBjRVJMaTBqM1gzb3V4TXBLWXRNTVZSUWtFU0NkendqVElIYlNSWDA3eVFubTJEWExWaFhvMjFDWmttdWNUOU92MUdZRHBoME00eDZuWjAwTXl0dlFTUHRJQjk2ZTd0ZWhGQQ,0.2954933,0.7044483,5.843178e-05
2022-09-20 07:00:00,NVIDIA Hopper in Full Production - NVIDIA Newsroom,NVIDIA Newsroom,https://news.google.com/rss/articles/CBMidkFVX3lxTE9VZ0gyY19wUVNvRHhIT3RsVjRYVHRIR0ZYcWNjMzBBZDI2TnB2VHpwYmFDbWJqbGtIeHFwTm5DZ3QyNjBia1JkdzB6TjBSREhGQjFMQjJzRUNqYlVJWVVvT1dMUGdld0xXc3dRZ0JKVzVKcndjU3c,0.9999918,6.5616364e-06,1.6835307e-06
2022-09-20 07:00:00,"NVIDIA Delivers Quantum Leap in Performance, Introduces New Era of Neural Rendering With GeForce RTX 40 Series - NVIDIA Newsroom",NVIDIA Newsroom,https://news.google.com/rss/articles/CBMi3AFBVV95cUxPbTdmeXVlNXBYU0RlSVdDNGotdV9iNVFEd2ZSSE8xOGt1QjdFc21iRXVQWGZTN1ZCaXZfS084Q0NVMEV5VzQxbElKU0pxR3BiOEZlVG1MbFZEaWhrRm13d1ZDR0NKV1VXaDJoTlhZc2VNOGpPeEpvRjJiZnIteVJTdFhxdEs0di1DM29hZXhvV2lVUmtmRFprUFJOcmYySE1VbHo2ejJmZHNRLUIxQ25pYjVhY2tvbHJ5RThtRWVEcmpVRVRfc0NLanNKWnlqOS12U1BRUUtyOWZtdm40,1.3003884e-07,0.9999999,2.518318e-08
2022-09-20 07:00:00,Introducing NVIDIA DLSS 3 - NVIDIA,NVIDIA,https://news.google.com/rss/articles/CBMikAFBVV95cUxPWkdtVWNxSXhWZWVXVmhpdzJsZXFXN3BtTTdhZFdMenl4NVFfMWxLRU0tXzgwMW15NzA0SlYwNXZrd2Jyd3h4ZlpZQnhPTDVGY3lUU1Rib1hMelRaV1ZtUDhyUmowVnoyS01yQjAyMWJabGNmekhPVi0tdjl1RUNMQTNsU3RWRW9FTmxocmpuUzE,0.9414673,0.058057703,0.0004750771
2022-09-20 07:00:00,NVIDIA Introduces DLSS 3 With Breakthrough AI-Powered Frame Generation for up to 4x Performance - NVIDIA Newsroom,NVIDIA Newsroom,https://news.google.com/rss/articles/CBMiygFBVV95cUxQRnduYUVtdTZmdHhUYlpkSzF0NDdzTVREdmYzakVKaU5zRjNzVXRSRXlLTWxaTWFtaFp3SWZFLWExZmNmZlJRb2VwanZCdGJhdFZrVm4zSHB0NTBEM2hHWHFfZF9Vb3htZGw5RkNTTUJLSEdYamp6UmhJMmJPRUZ2SjdNbUJ5YU8zMWkzTVZMc2hzemk4bGp2N2FwSmcxb3lLdW5uNDNOcWRJTmJ1SWE0TTJHU0VKalpFT2FtU3MwZU5yWjdnUFJUeDNB,0.0004974463,0.9995017,8.35835e-07
2022-09-20 07:00:00,Introducing GeForce RTX 40 Series GPUs | GeForce News - NVIDIA,NVIDIA,https://news.google.com/rss/articles/CBMijgFBVV95cUxNN2ZJSnF6M19YY3o1NzdsSUlkVlQ1eGpZbVlEdUtUak1fdmtuZWFXYzd4N1F6MGUxQlIwYnoxQy1TenhYcjd0RDd1TlEtcEY1Nmt5LWNSTmZwcTltdGRXUTZxYTBBaXE5dUozQUwydzNudVp0aDdTUGwwZXQ5V24xNDJyZGpiUmp2RUtWY3h3,0.009632628,0.9903593,7.993032e-06
2022-09-20 07:00:00,Creativity Redefined: New GeForce RTX 40 Series GPUs and NVIDIA Studio Updates Accelerate AI Revolution - NVIDIA Blog,NVIDIA Blog,https://news.google.com/rss/articles/CBMidEFVX3lxTE9Pb2ZXQzNDcEdXOEh5anJGaHdCVjNEaE9yd08zWWM2dGhvVTZKSjNlRWRPSXpMX3Y2MWF3TmR4ZjZ1ZV9nSUx4di14WnRkckpkQ215ay1WTlRiVWFkQlVxS1d4Y3JwUFBIQ3dzUE4yZWN6a1RS,0.00014840443,0.99985075,7.8769494e-07
2022-09-20 07:00:00,Portal With RTX | GeForce News - NVIDIA,NVIDIA,https://news.google.com/rss/articles/CBMiekFVX3lxTE9xa0RLQjdRZWhiaDFib1RtMmxaQktyR24zS2ljdjB4WHo1SV96UE9TWko0VzR4NU9nOHdwNk9XaXJrSUhwNHUxX2twbHlWNkZ2bHAzczcxNDdpMkVqZmdyaVhxcWc5TjJ2VTJrUjI3NjRhVEhuMmhmcDBB,0.99971753,0.00024779112,3.4737663e-05
2022-09-20 07:00:00,NVIDIA Announces OVX Computing Systems — the Graphics and Simulation Foundation for the Metaverse — Powered by Ada Lovelace GPU - NVIDIA Newsroom,NVIDIA Newsroom,https://news.google.com/rss/articles/CBMi7wFBVV95cUxOTmhXTS13WUlYZ1Jvd0E4Z05pM19tV2wtZVBiSnN1eTRDRW1SZWt3dGNwVndWX0RaU29vUzVlWi13UTZhcGM2U2tTZUlpWDNFSS0ycU1CM2NBS29SOFFyRW15YkM1VG15QXFTNzM0cWVVN2JKaGxJdFpGNWVUUEFfcHRwODM2T0s0b2JWbWdEcnNpdm10VDQ0eHZFdnhQWlROZlE3XzMwaEFaS1BUUzQ1aHZNZXFaQ01BY0hOSEJJSjFXaVBnbWhtbWlITHpFVlMtM0Z1eTBYRVM5TkFSRTJ2NGw0VFMzYks1R19SRU96WQ,0.9759839,0.024008332,7.812461e-06
2022-09-20 07:00:00,"NVIDIA DRIVE Thor Strikes AI Performance Balance, Uniting AV and Cockpit on a Single Computer - NVIDIA Blog",NVIDIA Blog,https://news.google.com/rss/articles/CBMiU0FVX3lxTE9DNkNGN2g4em1FY2JZNmNpbkVoa0xsc0JkSWpKTDdPQkpRMGtTWHMyNDFQeHN6RVB3SjhFWG5tMW5aQlJBeTFBcUpqdG4xamNGamc0,0.999464,0.0005075958,2.8417995e-05
2022-09-20 07:00:00,NVIDIA and Booz Allen Hamilton Expand Partnership to Bring AI-Enabled Cybersecurity to Public and Private Sectors - NVIDIA Newsroom,NVIDIA Newsroom,https://news.google.com/rss/articles/CBMi4gFBVV95cUxOc21YLVA0LUtXUk9GNzlwVlFYTjlPLUlaUGVTVThaSV81QVBhQ0NnSWNRZEJpdGtpNXBxamY4RU9KcGV1cU9MSlcwZW1YMFNjNkxnSHdOSnV4TEszVVlUUW15Z1ppOFJQdENON1pvbTRqNjF2R28xdEl4bXJlbkRLeG9PRU9UYXY5RGhUY3UzR2hZeHVDMlhxNFVwYktCYmF5N256WHRzX3NqcHZic2NmbHlDdjJLcXF2Z0Mtd1g4X0FUdnB3bGw5ZFAxTFVHVkxTbmlIaHZlaGZSVnoyS2lsWGZn,0.10840118,0.89158154,1.7302169e-05
2022-09-20 07:00:00,NVIDIA Jetson Orin Nano Sets New Standard for Entry-Level Edge AI and Robotics With 80x Performance Leap - NVIDIA Newsroom,NVIDIA Newsroom,https://news.google.com/rss/articles/CBMi1gFBVV95cUxNWUFrdTc2ZEJRSG5LTjRhcGdxODlUaVNaN0ZnbmhtQ21YQ25kajVIQU9BVXJxRHIyaXVkR0dFZTlYT0VfMU5fbmRUT0p4QjFHUEZfSFUxM2lKUWZ5S19kQ0xXNzNTelNERkEwUURyZWZLZEZRY3doM0tnWXpaQlBzQ3JXVG5SblhIdXdqX0ZsY1g4Smp5Y1dPQVVMdnBqbFN3bXBBMkVhMFBTR1pQT2h0aE4teXM5T2RJWVlkNllXNjR0aFhxTTFoT1dpYURyWnprbGRGVlFn,0.9728836,0.027109494,7.002643e-06
2022-09-20 07:00:00,NVIDIA Expands Large Language Models to Biology - NVIDIA Blog,NVIDIA Blog,https://news.google.com/rss/articles/CBMigAFBVV95cUxNYjdZRmRoRHFVQVFmMHZtNUhSVGo3WFFtRTEzQnhXTUdoM1RiUkFQWEhISk5kMHRKUGoweThTRDR2dTcxdGJwNUxBQ3p1T0pneVpCWVVtLXNPbUpYT2NHMnV5d1I2bXI5dmtnM0JqaDE4RkQ5OEp3dDdfbDhsazN1Yg,0.6314009,0.368567,3.202922e-05
2022-09-20 07:00:00,"NVIDIA Launches IGX Edge AI Computing Platform for Safe, Secure Autonomous Systems - NVIDIA Newsroom",NVIDIA Newsroom,https://news.google.com/rss/articles/CBMitwFBVV95cUxNeXlNNV9fMXV5QkZzaEtRZjAzN2pLckU0WHZDV0tBNTkxVG1kV3RRMVZpUS05bkpnSkFOZjZLMzlfYmdHVDd6UlpSZ013d3BoRml2NG40VVl4MVR0X2FHM2hEZUVNWl93V0RjNlU2N1YtU1R5ZVp3U1l1NExOVGJLSXp4Mi1ZdThuNWJGWS03TWswUVRWWVFqUmdabXZyUFhhQWZqTV9OZmVSNTVySkR5WHZuNW1kV0k,0.730131,0.26982278,4.6346606e-05
2022-09-21 07:00:00,"GeForce RTX 40 Series Community Q&A: You Asked, We Answered - NVIDIA",NVIDIA,https://news.google.com/rss/articles/CBMieEFVX3lxTE1DNFcxU2JVdnl0X3A1b05QNTljemVUSXpOWmFsU2w0QUtFc1VMYXduXzVIM0kyTjhFSy1YZ0pZNnEyV29ZMzctYnJVa2dGWWMyVHlkTF9yRk1qVGw2Y2ZvZWt5S1E4TjJ5eEp5NzBIQUduVXdMR0lkbw,0.9997004,3.9744345e-06,0.00029567338
2022-09-27 07:00:00,GeForce Game Ready driver for Overwatch 2 - NVIDIA,NVIDIA,https://news.google.com/rss/articles/CBMihwFBVV95cUxQS0ZUY2VYVlRPcXcwbGQ0bTk3ZEFtWWR0TVJRejBBUV8zdzlmdmV3U1Q2eDEyZWtCT3BCSnlYUjlFTThWZ0FTdDFsMHRvcjdudlFtV1h2ZEJpSVRZcWFFRWpMTEFhN1A4cmdzWG9td2owSFZ6Um8xeTl0b3MtbUVobG9EbF91bVU,0.00047221026,0.9995258,1.9677425e-06
2022-10-03 07:00:00,Why is Nvidia better than AMD for video editing? - [H]ard|Forum,[H]ard|Forum,https://news.google.com/rss/articles/CBMijwFBVV95cUxQQlFWNGZpc1JTamFCd3Z3NTg2cW00YkEyUTFsSFlYSFdieEtyWU1MR0ZCQWtNaW85bG1lSkotVHFsaXpGMHJSR0xKbDM1R0o0cHE0UUxaMmpOVC1CUUd3d21mUUhYRXRpVWh4SnBZSG56MGVrWE1tdEtpY2lGcUk5Nllld1NjZUxiVlNrcXNTOA,2.0257731e-08,1.0,1.1571185e-08
2022-10-04 07:00:00,"Overwatch 2: GeForce RTX 40 Series GPUs with NVIDIA Reflex reach 360+ FPS, 1440p - NVIDIA",NVIDIA,https://news.google.com/rss/articles/CBMilAFBVV95cUxQb2NHRzlTOE9hSHlDendGeU5yMG5hdThiT050TE8xWEdXVWpHLWlTbmV0Q3RCVS1GRU84MXNVenIyMF9QeTBEZlNwc182dVRRUkp5dGgwLXFYcWNwM181Yl9PTHl0Q3RqTllYZUJCMWhVOG9mZFZZWGhYdzZqTkdzVGdfOURza3JLUWlCSjFud2JMVmtB,0.9991078,0.00088127103,1.0915432e-05
2022-10-11 07:00:00,"NVIDIA DLSS 3 Games Start Shipping This Week, More Coming This Month - NVIDIA",NVIDIA,https://news.google.com/rss/articles/CBMigwFBVV95cUxQdnNvZ2JrNGNFQ2pzOEV0TE9TYjZiYktCT3VCMVp0aUFWR19iSG9JNEUzM0NhQm5hZnhMYUZOSnJScjI0aFNzZTBBWGdTRHA5ell6dzkxSm9RazdPdm9pYm5yYXNBdTJPemJ2ekRiamtPOUdnaWtuZXdJcWNOeWstQWE5dw,0.9999596,3.7902348e-05,2.4468734e-06
2022-10-12 07:00:00,"GeForce RTX 4090 Game Ready Driver: Beyond Fast GPU Unleashed, First DLSS 3 Games & DirectX 12 Performance Improvements - NVIDIA",NVIDIA,https://news.google.com/rss/articles/CBMigwFBVV95cUxPU2JZOVdRZlU4aDlCa0xXRDIzVzBaandfUC1SaWNhdzZmc0lYWlZnZmdDb196LWIybzlMZTRiS2ZZcXVMSWlJR0ZnY0VEeEFZUm5HVk1kWTR3N1RKRE9XR1RWR1ozRU1LMEhWaFg0a3U1OXhLTHVNTlV4SHhvNzhUUHRkZw,6.136216e-09,1.0,4.273902e-09
2022-10-14 07:00:00,Unlaunching The 12GB 4080 - NVIDIA,NVIDIA,https://news.google.com/rss/articles/CBMibkFVX3lxTE5VcDVjQXVrRDBmbXRtZkd2Yl9rWHl2eTJ5cGFfQ3FFYmJwaVp6cTVJMXBaemdHdmZKUkFOT25wR3NheXBEaVpkQlhpdWlHLUc2VFgyU0t3OC03ZW5DanhqRHJtTnF3WVhrbDRsZ3FB,0.99986994,1.6869699e-05,0.00011314277
2022-10-14 07:00:00,$50 Million Gift by NVIDIA Founder and Spouse Helps Launch Oregon State University Research Center - Oregon State University,Oregon State University,https://news.google.com/rss/articles/CBMixwFBVV95cUxQNVdXYnZBanRMZWdvMDhTblN1RjNRS214cllZVk5JVk1jTXFfT2pCb1dtWGhSbFVtZHZPRm5nR3NzNDBvUTFFWWFFWjNtMHZIYXBhcFVYZmJVdHJfSmhtamgwakppaVE2QzVPbDJGSWFSVGMwdWpqRHRuZG56b3c1WWIzZVlJdnNfYnFjTmZjbC1VSDVMeXhCLUxqaW1vSDVnOVVxLUwzSGlZYUV5U0VQMmJQaGctVS1BRjNCeHI1VUhmTV9QX1pV,0.999877,0.0001198585,3.0863853e-06
2022-10-18 07:00:00,Oracle and NVIDIA Partner to Speed AI Adoption for Enterprises - Oracle,Oracle,https://news.google.com/rss/articles/CBMipgFBVV95cUxQd0hQVmhSMUZWRTM3UTdDY0JrMzFpTm5qVG5PT2lleDNZMjh6VmYzaXh3RGo0cVkxS2dIUWdJQUc4MnltVkhHSFVQTkVCdEwweGRuTmR5X2NmbTFfTHZfWnExX1VIWUZEUHhJcC1PNGR5OUxsQmozQlJvT1dMTHk0dkVQMzkwVklkR1Y4WTlPWGpTeEdEcGoybHJlcllvY1hPY0V0Vl9n,0.12151514,0.8783593,0.00012550397
2022-11-07 08:00:00,Accelerating Load Times for DirectX Games and Apps with GDeflate for DirectStorage | NVIDIA Technical Blog - NVIDIA Developer,NVIDIA Developer,https://news.google.com/rss/articles/CBMiuAFBVV95cUxPZWpyMUQzS3BfZElaY0FXMENQUDE5NVdFT0ZrZHpIZ1VuZDBtU2Foa0lZOGVxVVBCYlZCeVlmUXhGbXd5ZVo1UHppT1hCVjRTWmRhNm5JZGJlaEpFNDlXcFR6d2ZDZERWUDBCTzh3RVU2Uk83UE1DdW5LUGh4blk4X0JZbmhsTExCd0xMcGEyTGNnaTZaZjN1cGRINDBEZ3lIeHlRQndXSGJoUC01RHdMMm14ZVpFT2Q3,2.0193208e-06,0.99999785,7.140301e-08
2022-11-08 08:00:00,Call of Duty: Modern Warfare II GeForce Game Ready Driver Released - NVIDIA,NVIDIA,https://news.google.com/rss/articles/CBMioAFBVV95cUxNNUcyYzg3SlFIM19hNjhLYmJ4RFptSGZETmMtZHZBQVRFSFhiZU84SEhKcUkxVnZ3cmxvbHhPSEQxVnN3RXFWRHR2WE1wTGJNVGttMWJBUEhTMTJacndRSm1tYkU1RFRhWlloM0lwQlhJSEhROGNDcnN4dUxjdTVyc1dyazJVZVVUY2NQeDN2YUFXYzhzdnZ0TUliOEhCZWl1,0.96974856,0.029871695,0.00037979428
2022-11-10 08:00:00,NVIDIA Grace Hopper Superchip Architecture In-Depth | NVIDIA Technical Blog - NVIDIA Developer,NVIDIA Developer,https://news.google.com/rss/articles/CBMijwFBVV95cUxORVhWU1VRRGw1V3FLa0pnZ2l6Q0s4VURSNVlKUXVmYXVheHJFMnpIRTVqXzNidHpQLUc5aWRkQ3hnSHpBTU0zN2tweHlISTVsZXNxUnRXYUFNYXI0NkhLWlNDTFNSaGZVZHhqSUo5QVNkQTV2bV8yTGEyRDVxa3YzY3kwU2RZd0o5RWFTQndDbw,0.9999963,2.5758345e-06,1.0788198e-06
2022-11-16 08:00:00,"New Game Ready Driver Released For GeForce RTX 4080, Marvel’s Spider-Man: Miles Morales, Warhammer 40,000: Darktide & More - NVIDIA",NVIDIA,https://news.google.com/rss/articles/CBMigwFBVV95cUxPUlhYZkZLajNySHBrb0FLdnFYb2FqRlVGZndnZE9lWVpIX1NNbTA3Y2V1SzFoeGdXQVNkT0pkN2pCM2oyOGVsVUNhaGtNNlo0TFladE9xOV9ZbUdqYlczQVdlQ2NSbDcwbGJSSjVYNEUxdkxBb2plOFpwdkIwa05YcmRfOA,0.99986815,0.00010238525,2.9396879e-05
2022-11-16 08:00:00,Continuing The Verified Priority Access Trial Program - NVIDIA,NVIDIA,https://news.google.com/rss/articles/CBMikwFBVV95cUxONmJ5bFN4aU1nMXItVzJmd3BZT3g1V3hFUWdKYmNIblVVdjE1YUJJM1hWSFpwT1hGUjZzbzZkWmwwYnBsYkZsUWtZQWl0OFRNSVVvOWpuSWJiN0xyZ3prdjZGRDA0NmZNTDg3TUliT0F0YkdvSVNRZWhfaW9OTVYwZjE5Nk5ZelFrRHFCcFBQWHhlQjA,0.9892936,0.0063503603,0.0043560704
2022-11-16 08:00:00,Students: Learn AI and Data Science on GeForce RTX - NVIDIA,NVIDIA,https://news.google.com/rss/articles/CBMikgFBVV95cUxPdU9GZk9KX1BWN3RCYVcxQ3VUWi1GRzdhNjBaWGFYbUJzLVY3WVNwUW5fRzdwX3hrRWIzamZFRXhrZnZvRUw3OGdWbkdMWTBoMF9hOGdmQjdtblgtUVhJRjlZODZUZUh1TnJUVjRBWE1zZ3dUSFYxZGRMV19EMzJmZ3lybjhCTXNmcUV5SHlBMDdwUQ,0.99992204,7.152816e-05,6.45793e-06
2022-11-17 08:00:00,"Lockheed Martin, NVIDIA to Build Digital Twin of Current Global Weather Conditions for the National Oceanic and Atmospheric Administration - NVIDIA Newsroom",NVIDIA Newsroom,https://news.google.com/rss/articles/CBMihgFBVV95cUxQTjd2UWlIQVhGWm1rNFA0c0NfZXFScnZLRXhwd3I4T1FIWlpoUW5Tb3E3UlBLZGVfcHE4RnBibHU2dFRFZ2Y4dUViNmpCb01PVWNnRFNwZWFqX1dXVEZEWjJVX3BOcDFUU0Q3aDA0Z3UwbHE3aVRLbll2MHMxS3EtN2NUc3JPUQ,0.99972934,7.961416e-06,0.00026269868
2022-11-29 08:00:00,"Portal with RTX Free DLC Available December 8, with Full Ray Tracing & NVIDIA DLSS 3 - NVIDIA",NVIDIA,https://news.google.com/rss/articles/CBMif0FVX3lxTE5TQ0NHYWhNZTlRMDNYdXMtS21sTGR1NmYtTXZGd3EtWURvWkpFTHFWRmhkMzk2TmFuVXkyTEdSQWhWWWFLdVJ3RlQxVWo4enRLLW8tZ0RLVUNmdExTZjl1ZWtrR1NTUXUyN0pzWGlzbXRMbUlZcWJPR2tHaDBvTFE,0.9999987,5.899552e-07,6.685503e-07
2022-12-01 08:00:00,NVIDIA DLSS 3 Available In 14 Games & Coming To December’s Biggest Releases - NVIDIA,NVIDIA,https://news.google.com/rss/articles/CBMihAFBVV95cUxOeEYxSUVlbW5hX19zV0gteEdqQjE2a1pZSE5fdEplTkNrQkhtc1A0cXlPVkk4aW9yRUkwZl9yMU9RT2NnelRxaXVob3Fnd0xncEZzQ2pHV092QWtCdWU5SjU3TlBOZmNycXZpZjBaMkRmZm1ub3FON2g0TVBiWWwyY0J0Szg,0.99998987,4.537867e-06,5.5892992e-06
2022-12-08 08:00:00,Portal with RTX & The Witcher 3: Wild Hunt Next-Gen Upgrade Game Ready Driver Released - NVIDIA,NVIDIA,https://news.google.com/rss/articles/CBMiggFBVV95cUxOcW4xOXV5RXUxcXYtMHdnanZjSUtZU1h4d01HOFpkOXNrdDVlT3dDdHpIN2lEV2lqVWN3SkJENmpVSEV6UEc2cGFIaDYwSzVhWWxHbFRiTkJuc3hZUzFUVzFxX3R5OUg4bUR6dUdhMXBtOVZHQVVkc3BGbHlGVUVHZ1RR,0.9832941,0.016641121,6.474808e-05
2022-12-22 08:00:00,Toy Jensen Rings in Holidays With AI-Powered ‘Jingle Bells’ - NVIDIA Blog,NVIDIA Blog,https://news.google.com/rss/articles/CBMiZEFVX3lxTFBmbFhQX0c1TW5SZkVQeXN4M3pFVkZ2X3FmLVRjcl9kV0RQSHZncm96bTNOZXdVaGZGTTNKbnlIQ2d5V182eEhDUEhjTm5yWnJPeXpEX19WOURfa3FiWTJTZEJfay0,0.99998724,2.6609848e-06,1.0146634e-05
2023-01-03 08:00:00,Manufactured in the Metaverse: Mercedes-Benz Assembles Next-Gen Factories With NVIDIA Omniverse - NVIDIA Blog,NVIDIA Blog,https://news.google.com/rss/articles/CBMifkFVX3lxTE1KLU9yRnFrQldVZXB4YVYta08ydzAxMlE2UE9hX2Q5ZFJ0a0hnMG5YTU5UZnd6X2FfOWtQUC0zMmFKOXozenVFRW9OSm1jZWpjUmZwUWQzOW1sV1NCQ1liVGZlZGl4QzVmLXJDc0ozVWxhak1YcWNDaVRCSlpwZw,0.999997,8.632576e-08,2.8354477e-06
2023-01-03 08:00:00,Creating Faces of the Future: Build AI Avatars With NVIDIA Omniverse ACE - NVIDIA Blog,NVIDIA Blog,https://news.google.com/rss/articles/CBMiaEFVX3lxTE1nNmlTV1owbXphZFh2TW9SaVh0M1doUjhPSENoLXV5S2tiTk5yeTJ0MzNBYXRSY3VBRFlGNXF4OGhPWlI3ZmJ4RE9WYjBNZ1c0R3FyazBXT2xwN0R0d21hdmFOQ042Sjlp,0.9957318,0.004198342,6.988764e-05
2023-01-03 08:00:00,"NVIDIA Ada Lovelace Breaks Energy-Efficiency Barrier, Supercharges 170+ Laptop Designs for Gamers and Creators - NVIDIA Newsroom",NVIDIA Newsroom,https://news.google.com/rss/articles/CBMitgFBVV95cUxObzFscmptcTBxYWdoNzJKWnFzcFJoWW9Pc1UzVENZZ1REUTduaFlsWElWUDZKSFZIdXQwRURoOXZVWVB2dTRMaHdDeFlRYmh6U0EtSG4yQlkzQV8xQmhHajctUklSYzl0WjNlOFJfeS1jcXUzTG4xaHdjMGpGWmVPVzFJcnVRcTh5UHBrUEV4WGZzS1haT0pZdWpTcm9DbDUtYzdrZjVYS2dDTU9wUTQ0V3IwSWtKQQ,0.9723379,0.027623946,3.8100687e-05
2023-01-03 08:00:00,"GeForce RTX 40 Series Studio Laptops, Omniverse Updates Accelerate AI-Powered Content Creation - NVIDIA Blog",NVIDIA Blog,https://news.google.com/rss/articles/CBMia0FVX3lxTE1TRWxFN2lJeUltTWt2RVBCbVllNm9DS2F5NzN3aTFkeXBPUW5fWTZ3eThxaUczR3VfNE9pUGJBUzdxSmcyb20wdl9GQW4zMVcwbFJCeEtzS1B1ZjJzMU53V01famZfSDYta040,2.555188e-06,0.9999975,4.050951e-08
2023-01-10 08:00:00,"The Greenest Generation: NVIDIA, Intel and Partners Supercharge AI Computing Efficiency - NVIDIA Blog",NVIDIA Blog,https://news.google.com/rss/articles/CBMieEFVX3lxTE5KdmZRLTZFV1dwcVRoSXpsWUdHdVYybjJCVjg3dGt5WHRrQXgycU9pcV92MW1uanhwUDhtNnQzT1ZXd3A5dF9PbkJQMG5iZXk1NW9kQ3VZaUp3ZFhzLW9INmptOHRrdjRIMDgzaGFXbW9WejRQU0x1bw,0.99365026,0.0059999,0.00034992667
2023-01-26 08:00:00,What Are Large Language Models Used For? - NVIDIA Blog,NVIDIA Blog,https://news.google.com/rss/articles/CBMiekFVX3lxTFBZRGc3YWYzRmRvYzVlTkV4ZkhJUmt4bkpmWllFbks4THN4Njl4cGEzOGV2dGlSUDU3eDc1Q3ljeTJ5QU5IX2pLa241YWZ6ZnhDQWdxdTBlT0M5ZHhaWGFaZ0lZZDltdHMwelB5VDlTSUdjbTdnYUhXSmlB,0.9999757,2.217151e-06,2.205391e-05
2023-02-21 08:00:00,Microsoft and NVIDIA announce expansive new gaming deal - Microsoft Source,Microsoft Source,https://news.google.com/rss/articles/CBMiowFBVV95cUxQLTlHUFpjbS1HNlB2TE5qR0N5U0ktWWY5UXdyR1RBdWFtUXlBQkhmNWMxcl9GYVZ5REJvZ2tLZElHMFN5eS1uWVJmTFR1OWU2SUdTclNfOFdVZFQ4eDN5U1ZZaU14UGxqM2hXWkFWNnllMGEtbDlCZmhpdkM4eUhQdDJId0xBWFVvRG1ObjVXR25rcnVWN3JjTUJUQWpOdDQ1dEk0,0.019464415,0.9805233,1.22999645e-05
2023-02-23 08:00:00,"Meet the $10,000 Nvidia chip powering the race for A.I. - CNBC",CNBC,https://news.google.com/rss/articles/CBMimAFBVV95cUxQYVpqZ1BXeHZPOEhFbmt4ZUJHUTNjcVZSLUpGZmt5VXVJM21aTE1YajNLRmdWSW5SZlRMbGU0V3N5X3lLRTBkQmM1VUxwOURBVjVHbnp6M0tOa0tNbm5GYWYzbTNuc0hPTW5xdjMyUzBLV0RaZUlvQmhleGxVTUlfeTRWNF85ZlhnRmxrX2lwWHZhRXRVaGNNTdIBngFBVV95cUxQcmlNQ1NiMWpYOVZaQVhSZFBwdUpOSXNLZWdOc1V2LVNnVWpiaFU1NWliRXpfai05NVVxQXdhTEpjYWo2bktQN25RanlDS05vOXpDcy1obER5bDlXV1NJbWljekFrOEVIeTdzNHFoYlR3TmkxWkE4S25XaFpPUHhxczdnYzVIQnFJRXdiTWRyMFdiZnV5Wk5EeEFNN2Vhdw,0.9168151,0.08311271,7.2144e-05
2023-02-23 08:00:00,How Nvidia dominated AI — and plans to keep it that way as generative AI explodes - VentureBeat,VentureBeat,https://news.google.com/rss/articles/CBMiqgFBVV95cUxOcnpYSVhQRTM5bHlHZmVGVU10Ym1qdXdVOFNtSk9VY05YTEFGM3VQZjJ4ekpETU1IVC1USXNGSzBERUswSzlFT0huRVB3QTZNSjhqT2xVaTVYOVlMb1Y3SW1MQ29KbHZPSlJJNVE1Uk1nZExGZk9QOUplNjExRi1ZcWd1Xy1YNXdjM0pjdWpfbXM4Q1c0MXpHSGpTa1YyRXVtRzU2dTA3U1FOQQ,0.9925223,0.0008552014,0.0066225347
2023-02-28 08:00:00,Pixel Perfect: RTX Video Super Resolution Now Available for GeForce RTX 40 and 30 Series GPUs - NVIDIA Blog,NVIDIA Blog,https://news.google.com/rss/articles/CBMiaEFVX3lxTE1vTUZRTlJROElab3dpcmpBN1Q1SUszMVBaTVVEdmd4LUIyUlZOei1WVHpLSVJoYmozbmxnUW96OE0zUW5nd1Byd04tT2RQd01nWmFGZ2xKWUw5dng5VE5zS0Zkdm8tUXJX,0.99994373,5.5338747e-05,9.655142e-07
2023-03-06 08:00:00,What Is NVLink? - NVIDIA Blog,NVIDIA Blog,https://news.google.com/rss/articles/CBMiYkFVX3lxTE9nUzFWYWxkdWxrNUo3NUQ2VVZYSERDbGFEUHVvX0d5RVpWcDZhV1JXeUQwZlowMUZiUHh5WU5rMzhtdEhsSEkxbWhud1hYQmtJdW13QjRJMTBDbE9yOWRpMDV3,0.99989176,5.9996987e-06,0.00010228286
2023-03-07 08:00:00,Nvidia CEO Jensen Huang's big bet on A.I. is paying off as his core technology powers ChatGPT - CNBC,CNBC,https://news.google.com/rss/articles/CBMingFBVV95cUxQNUhfNTduVTRIOFZCQmJDVEJ5V1psc1lhX1ZINmI4eGYtYVNwWlhhRms5c19hZjUxMS1QYTFwY2lkQnFLcm5FdEt5SnRZeWNyUUVQUWZaVkF6cGJsdEpBQ0c3a1JrNmkzclhkUFlhUnpZbFQ3YjU3OVl4TmVHbnBxcHBOUVoyOWFTX1YxWXgybmotbVJfUFY5dGotWWVJZ9IBowFBVV95cUxQSXRmSFdYNnJ6TllrMTNJVFVuYUwxcG5ERkpDNC0xenpyblNOd0ZoM1ZOemdYTFNBNzlyS0JsNlJUY3VzTjR6eHRDZEplT2N5RHVlbnlGbVlZMGFTc09NZjZCNkhPMzVoNllaWGRoVndnRDVBcTVYbEFJcVpKdnI5V2VpS3ZwcUJvUUxiRDVBRFkzOTNvYk9UREtTaEJsNjBDTTdJ,0.98377293,0.016016144,0.00021101205
2023-03-21 07:00:00,Adobe and NVIDIA Partner to Unlock the Power of Generative AI - Adobe Newsroom,Adobe Newsroom,https://news.google.com/rss/articles/CBMiqwFBVV95cUxOWVdCYVVSY1ZFSEwyMkZKNkZVdExNM0JZb0JkWXRfbEd2R2laWWpIYU9BVEtLNHN5VDZYMFdLODQxQWs5aEt4ZnBZTTFBblF2cENNcDFFa1U0V1FGdFozbm5FNUNaem9ldllZeG5pV0xHME1RanR1OWJocnBsNko3MTgzUjlsNGJLSmIxWVpSZVp1YWJHa25GbzA0RDFyVGtqN19iS21JTUR1V2s,0.0003478558,0.9996517,5.2050166e-07
2023-03-21 07:00:00,Fresh-Faced AI: NVIDIA Avatar Solutions Enhance Customer Service and Virtual Assistants - NVIDIA Blog,NVIDIA Blog,https://news.google.com/rss/articles/CBMidkFVX3lxTE9LbEY0NWIwYmIyVFVFS1NOSDlKZ2FrLUlhci1BaHFYOEMzZzhsSHZ2d19BNDZjdmV2dzVvX2xiQUszd2tSWjFXOHdNcHBiN18xYThiNHVmMXZZVzdtbDQyVjFoTEZsaVNPY3VjYkNVOXV2MEIxcXc,5.122327e-05,0.99994814,5.836918e-07
2023-03-21 07:00:00,"Moving Pictures: NVIDIA, Getty Images Collaborate on Generative AI - NVIDIA Blog",NVIDIA Blog,https://news.google.com/rss/articles/CBMiaEFVX3lxTE01R1l0RHgwcHk5cVlWSTFjZ214WVBkU1JXd29FMW9YZ1BpcUU3YmdMRmtmd0JKVnY0X2VMT09tUGF3MktONFJvOGpLQ3B5Tm5yVml0SEV6Vi1EU0hKUHpVU1Z5UU50ZjF2,0.9999888,4.0960995e-06,7.2117173e-06
2023-03-21 07:00:00,NVIDIA Chooses Oracle Cloud Infrastructure for AI Services - Oracle,Oracle,https://news.google.com/rss/articles/CBMisAFBVV95cUxQMnJ1T2lEOVhodklmcnJyMTlOWGcxeFlzdDA5Vm1LY01mRXFVSHpzZng0UVBhbmtJc3pmTnN5ckxfQXhKUHhSVmJTMUQ4WHNZemdwU2RzSXpoSUpjZHZLU2dIeUY5aVVpZTZXaFNrZXRtQWhZaTktbmlRb2VUQl9xMXFIaEZiblo3TlBtTDFUZWVyck9HazVkMU44VzVYY0V1UUFQSnEtRk1pYXczQkxrbQ,0.9999535,2.5883603e-05,2.0638057e-05
2023-03-21 07:00:00,NVIDIA Omniverse Accelerates Game Content Creation With Generative AI Services and Game Engine Connectors - NVIDIA Blog,NVIDIA Blog,https://news.google.com/rss/articles/CBMibkFVX3lxTE5hck55Rm1DWnhVWVIwZHhDU01VeExhWURzb1U3RUlRN2F0bUZ5Y2JaeXJUUWZDNlI0dDJHUmVRczMwN3RQVUVTNmllZTFiSldMdTdMUzR2WlBsN2JpM1Awc1RScUw2bVlDdHZ4QndB,1.9092522e-05,0.9999808,6.663203e-08
2023-03-21 07:00:00,"GTC Keynote Wrap-Up: NVIDIA to Bring AI to Every Industry, CEO Says - NVIDIA Blog",NVIDIA Blog,https://news.google.com/rss/articles/CBMiZEFVX3lxTE12cE9rZHdDdWN3RXRnRmhfZFlZMXJmaEtpSVNQWUUzWlFzX05nN1RfeHNEWV9EdnBXNlRiSlJqV3lubGR2RHhmYjdrSWdFV1RhYm9pVFZycnMyZVVpMG8wMkdCbDA,0.9999449,4.0833635e-05,1.41343535e-05
2023-03-21 07:00:00,"NVIDIA, ASML, TSMC and Synopsys Set Foundation for Next-Generation Chip Manufacturing - NVIDIA Newsroom",NVIDIA Newsroom,https://news.google.com/rss/articles/CBMiugFBVV95cUxQcnF1SlZ6eEQ1UFRka3pONWZRVWhabm9Ha1JWV05ZelBubXQ2SDh5STlfOGx0Yy1HSTRFVUthTktiRk96YTJOYTg4YW81aU5KZU5FUXY0RTRCUHRwa0JLU29TUU9rZ0k2NHFscFZ1ajF2TFM1a2llVVc2RFkyb2lub2RpSllvX3d0SVFfWmZIU1h6Q2pDYlpiNEp5ZTcyeThYMmF0dDJNaUlNZ0lGX09BOEJtZGpwNGowSWc,0.9684693,0.031529624,1.0210466e-06
2023-04-12 07:00:00,"The New Standard in Gaming: GeForce RTX Gamers Embrace Ray Tracing, DLSS in Record Numbers - NVIDIA Blog",NVIDIA Blog,https://news.google.com/rss/articles/CBMiW0FVX3lxTFBXWTVITzRLQVB6OGxuYkZJcEpfUHg0UHgyay13cnZQS1FodG5ZUC0yeFoxa2ZuSWVtSnVFS3ViNFRrbERsQ09oeU5Fd3hsNWEwYUl5OWhWY1hiVjg,3.4112696e-07,0.99999917,5.328167e-07
2023-04-13 07:00:00,New GeForce RTX 4070 GPU Dramatically Accelerates Creativity - NVIDIA Blog,NVIDIA Blog,https://news.google.com/rss/articles/CBMicEFVX3lxTE9wYmVlTV93RmRZT05SNzdObVY1YzFsT1E3SGk0dWQ0RWo4Q3ZIeF9BdFh0dlNNNElxV3pqZDd0NEp4dUZCbmo0WVBFZjNSYlAwMTRVV3N1bVlGYjU0ZDcwS2lvNmxURHZFcV9Faktoel8,1.2585745e-09,1.0,4.438979e-09
2023-04-25 07:00:00,Right on Track: NVIDIA Open-Source Software Helps Developers Add Guardrails to AI Chatbots - NVIDIA Blog,NVIDIA Blog,https://news.google.com/rss/articles/CBMiaEFVX3lxTE5KV2w3U3JwT3ZlZVhUcXdNMjBQRlFPdmptS0RKSG5DNHUzMlhJR1o4N3p0ZFdFSnRHTlh3X3NvT3JFUFdCN2Z5U1ZIS1NqOXNWZUhxVmFxUVAtS0MzMU9vTk5ob2Nwc3BO,5.0310416e-07,0.9999995,1.0103137e-08
2023-05-02 07:00:00,Latest NVIDIA Graphics Research Advances Generative AI’s Next Frontier - NVIDIA Blog,NVIDIA Blog,https://news.google.com/rss/articles/CBMijgFBVV95cUxNdkpMRGF0WW5XUV9WVWpUbElRZ1FsVFNNT2JQN0VRdmxYUnJhaTFKR1V2ck1XTEJaM1NBTHU4alJYZnhmU0hTcFY0TGhDZ2Y5Y3BOd21LSkdLR0JacFdLU0NGcTNCaWd1NE5Pc0R4M1JSbFcxdk0zVUIxZU5Xb25UNUVza2FwSms5R1NQOGhR,0.0034281209,0.9965675,4.3412483e-06
2023-05-02 07:00:00,OBS Studio 29.1 Adds Support for AV1 Encoding - NVIDIA Blog,NVIDIA Blog,https://news.google.com/rss/articles/CBMiXEFVX3lxTFBSNWY0dTVaekN1VnlyVWtEWmwzMHl6S0pJMm00N2ZyTVh1c3lqczVBd1ZaaDQ0MEJOT0RONnRMZ05sai1mWjE5XzZIamQxbGtfV1k3RHZxUWZ2OEU1,0.33773494,0.6621579,0.0001072283
2023-05-11 07:00:00,Startup’s AI Slashes Paperwork for Doctors Across Africa - NVIDIA Blog,NVIDIA Blog,https://news.google.com/rss/articles/CBMiakFVX3lxTE9vTmV2ejBzUVFacHBocHBOZ2s3SWRLV3dMUHEwbE5pWEFLV2R3UFNMcEpSN1BTV2toNVBuYzRMSTNlUG9jaFlJMFQwMDJSNUlxNy1sam5jcHcyeWRhd2dFMFNPSjlCVTBWT3c,0.999985,1.6441694e-06,1.33880085e-05
2023-05-18 07:00:00,"First Xbox Title, ‘Gears 5,’ Joins GeForce NOW - NVIDIA Blog",NVIDIA Blog,https://news.google.com/rss/articles/CBMiakFVX3lxTE8xR2xUMVFPbHZ0S3pXZU9CNHJOSURQZ1R0c0J5ZjZLUkdIY2ZtMFFxemR4WEZ6ajd3ejkyYm44NUpSaXlsejM4c0dmTUpoU2t3OHRLWThJVFF6UHRCRkpqRkNNaTdDTEZyRVE,0.9998938,9.7756616e-05,8.455793e-06
2023-05-23 07:00:00,NVIDIA and Microsoft Drive Innovation for Windows PCs in New Era of Generative AI - NVIDIA Blog,NVIDIA Blog,https://news.google.com/rss/articles/CBMid0FVX3lxTE1LLTNIaUl1cmJlWm5HQXB4cE1rRWxZZDlGU3RTM000eHFmaTEwdEpaNW5PbDFyMGhfQV84NGNCYmZYanRBd0k4aldHYzlTa3Q3cFM3T0xMX0c3MkFmTlNtS0FuTWZOUHdEVjAxTlFpNl9aMTBTVkVJ,0.00010642892,0.99989116,2.3314126e-06
2023-05-24 07:00:00,Nvidia shares soar nearly 30% as sales forecast jumps and AI booms - Reuters,Reuters,https://news.google.com/rss/articles/CBMipAFBVV95cUxNNlNFY24tbWl2Zjk1VGVlbkhMMEpiSzVmTEdOa3dmam55S2EzRlJpNFVZd3dQRGpydEhOVE1XRU0wNFRISXBLbDFuekZwU1lOSGhLREdkeEYwX21BQjdsbGdQU2xwWWRIeXVuSVZ0WmFhU0pteVloLTczSnBJQ1lsM1J1My1QQVFhRGN4ZmN4QndjY082bHFDdDFxdmhzbzhTbXJrZQ,9.4456965e-08,0.9999999,1.4973482e-08
2023-05-25 07:00:00,Cool It: Team Tackles the Thermal Challenge Data Centers Face - NVIDIA Blog,NVIDIA Blog,https://news.google.com/rss/articles/CBMia0FVX3lxTE1qdzBSVTlnd1hfWWVwNlZFRzhrekoxcU45ZVI5ZnpQcEdPOXF0YmxnT2pYWnM5UFgwMndaMnR6ZTljVFJVRHBvdFd4bExMMTROdmQzVG9UVTdPbE5nMVhjNXNmQkp1ejB6Q1Vj,0.019514717,0.9763288,0.0041565653
2023-05-27 07:00:00,Nvidia RTX 4060 Ti - Editor's review by Nick Lear - ProVideo Coalition - ProVideo Coalition,ProVideo Coalition,https://news.google.com/rss/articles/CBMid0FVX3lxTE40SGRIMkd1QlRiOHBiSHd0X29TTmF1bXY0U0F1Mmd2ZUpNWXF1Q0ZSbTlsQzJsd2pmY2JwOTRRQ1l3RWVNWF8xMW54ZllxQ3Z2akZ5WUxmblRhZTYwdzc2LUlha3BHblZUWjhiUU15c2N4NDVBLUhn0gF8QVVfeXFMTlQ5WVppQnNnX08xM3B5VnFzQXROOXBTVF9SaGl6eEdqVzZnVGRJX3BXcWdLOUota1lGMnBQM2F2aHlMMzQ2dFZNeUhWNnByNDR3UUFiTExpOUVuTkxuRjdRVlpzV21hc25rN1prdE9HRDd4X1dPWnJCS3dLMg,0.99999225,1.0417493e-07,7.685827e-06
2023-05-28 07:00:00,Live From Taipei: NVIDIA CEO Unveils Gen AI Platforms for Every Industry - NVIDIA Blog,NVIDIA Blog,https://news.google.com/rss/articles/CBMibkFVX3lxTE1ESGVURmVDSk9UMmQ4am9CZnp5bWpXcFdSVXhBa1ZrdXpaOVRKOGdXUUxkSEtZWTdoUmJwRnhNandNa2FfOW5sdGxtdXczTDlPMlVlZDJLNjlJa3lZZG1LaU1qTmI2elRLY21Fb21B,0.9999876,1.0794731e-06,1.1329511e-05
2023-05-28 07:00:00,"New Generative AI Capabilities, Performance Come to NVIDIA RTX PCs - NVIDIA Blog",NVIDIA Blog,https://news.google.com/rss/articles/CBMiaEFVX3lxTE50eVluVDVxeVVKb1A5WVJMRHhWU21YaEFlRUJ4U2lHY2JSRTZEX0Y5LVhNajN4QmxibnE3Y2gyZG9ORE1TeGh6czIwaXRPZHczUFlDb3g4bnFpc0ozY1FScnBIdTZzWUxK,0.0133836195,0.9853867,0.0012297028
2023-05-28 07:00:00,MediaTek Partners With NVIDIA to Transform Automobiles With AI and Accelerated Computing - NVIDIA Blog,NVIDIA Blog,https://news.google.com/rss/articles/CBMidkFVX3lxTFBBcUlDQlczcHczWkR5ajJDN3pTNUdDNmQ2M0QxUnVnUFhmQVNwbGRGdUdfM0E0ZXRucHBERzBEeUQwSFNjZmVKRzRfd05TdzZMcTJYS1hFNmxuYmM2OHpOTFVlTnY2OC1PMmN2N1hKYUlPeGRNN0E,0.99921036,0.0007346255,5.4991924e-05
2023-05-30 07:00:00,Nvidia crosses into $1 trillion market cap before giving back gains - CNBC,CNBC,https://news.google.com/rss/articles/CBMioAFBVV95cUxOMGpOaXNrWEtaejV1VnNOcEN0UGY2OEdGdldnc0NUcHhzWG5SSEpBSnRSWUVfTjJkcHNVZE5yengxbGpRdmFDT01NMkYzMG1rczBLQjFQcVUwV0E1ems0cU51T3dyWks0YXVvdklQazJGSlRiUWdndHBYUG9SYUU4bHFxVTNpbG9ZaUVEOXoxQ2JTMEpQd05kazlyLXJWd0Fw0gGmAUFVX3lxTE5KSVJKOS1vT1Y3Si0xbHBlelVQc1JDYVlVZS1mTjBfX2RvaXlqWGNDekpkM0ZSNGVaODRuSURmSjVvVm9RaGxxa1dlWTJnV2lkUmwxZlhNWnd1bTFfYVJzYk1wX1hHQnFDTTd3bEVMeEM3TlRISkhiTWhhWU5Vb2dCQURtWU1DajJpX1Z0VU1iT0E3cG5McTd6ZUl2cjlfZDc0YUVjc1E,0.99991226,4.9638456e-05,3.81127e-05
2023-06-01 07:00:00,Digital Renaissance: NVIDIA Neuralangelo Research Reconstructs 3D Scenes - NVIDIA Blog,NVIDIA Blog,https://news.google.com/rss/articles/CBMifkFVX3lxTFBlMVc3bVRJZTBPSHVWQzMtNFROOXBRa3dTRG9pMXlhRlNYVWxnQXp0cG5Mc0R6N2o1cUN5S2tJbUJ5VDFJcFc4YlVFaldtUnlTZm1Zak0tRU1nMFRpU2Q0V2JRa3JUNVROdnNMOFItSDRTUkFwbkJyV2VyalBMUQ,0.9999726,1.6137236e-06,2.5744364e-05
2023-06-14 07:00:00,NVIDIA AI Red Team: An Introduction | NVIDIA Technical Blog - NVIDIA Developer,NVIDIA Developer,https://news.google.com/rss/articles/CBMieEFVX3lxTFA5X09LVXp6b3VnV25SZEVkR2RkcExIOTR6U1J1WjBxOW9jOXFua3ItOUtTT0NxbXV0RmVCMEVhTC05ODRHazhoVmNsUkk1TkZON2VqaXlJUmdWb2VfRkk2SkNMdnhHVGhkSWlqaGpXSXJ2ek1WMGZpaA,0.99882597,0.0011591109,1.4824489e-05
2023-06-15 07:00:00,How Nvidia Became ChatGPT’s Brain and Joined the $1 Trillion Club - Bloomberg.com,Bloomberg.com,https://news.google.com/rss/articles/CBMisgFBVV95cUxNSTFTOGhNNlpYcmJjcXh2QlZzeUVFU2VzZ3NwM19JUjg1QVZ6bXd6NnhiY0hUM18zbVc3NWhmZUJRbUh1bEZLYnJaTVBMaUZUT0tYem5pNjVCYzh3MVp5YWIzTE5hTDRRRm1PRktpRzQ2RlNGY3MtZTBBSUdUVk5OVkRYdFFCTjY1bHRMNjlERXVrVkk1UzBtTlBjVEJMeEVsMVRrcHptT245WmUwWXhibG5R,0.9998702,9.558914e-05,3.422616e-05
2023-06-27 07:00:00,Quicker Cures: How Insilico Medicine Uses Generative AI to Accelerate Drug Discovery - NVIDIA Blog,NVIDIA Blog,https://news.google.com/rss/articles/CBMinAFBVV95cUxPazdUaVFBUEUxZWxTdnUyYVRDbWtDeEZDdUs0dzNrUkhyam5lQ0g0OVctTlpDcFNWcDhPWHgtV2tCLUZfbUhqM3VjaUhpNFNTUS00X0wzR2dwcVo0RlowcHNTamxJTjFaVWs3SWIxNGc5RElyZy14elJJNWdyWlY0TndjeC1sR0xQUjljSEtYT1FWTXpKVmZnZ0xBaDk,0.48301503,0.5162245,0.0007605653
2023-06-29 07:00:00,GeForce RTX 4060 Game Ready Driver Released - NVIDIA,NVIDIA,https://news.google.com/rss/articles/CBMigwFBVV95cUxQUWlqamlsRjNQUlIxc0lrckY1MThnRHRKTGd2NlFpSjB1alM5eTZCcC1CLW1OU0VXTXloSGpLM2RNOXNBdHlhbGg0bkdHUzdhc2NHZnBaMEJ5bkVraXNWTkNUOV9IY1M0Zm5QQ1Z6dWhpNHpUZnluV3ZCdEpkWWZQY2REOA,0.3369775,0.66266876,0.00035364463
2023-07-03 07:00:00,"AI, Digital Twins to Unleash Next Wave of Climate Research Innovation - NVIDIA Blog",NVIDIA Blog,https://news.google.com/rss/articles/CBMiaEFVX3lxTFBqZjBmak9iTk1VTlNvVUZYcExpUXJlSldLZGplT0o3eFBIUUJzblJ3ZjVVMlRIcUplN2J0VUVIUjhRT0wtWkR2YlY5YnpBRG1nM19yMEp1MDBzTzdidnFhYkh6UC1YVUNV,0.00011463664,0.9998815,3.786613e-06
2023-07-07 07:00:00,Train Your AI Model Once and Deploy on Any Cloud with NVIDIA and Run:ai - NVIDIA Developer,NVIDIA Developer,https://news.google.com/rss/articles/CBMiqAFBVV95cUxNVE9WZkd1dHA5WGJhc0xacDJIMGxobEVxX2FVdGtXUU9lVHBnNHhOcW9qcjdlRnlLNUVQOE9waDFLODBjOEdRaGlHRjJYZTJDRmRmSGlNb1k0SFJjd29RNmIzWHRpQUVKblg1b1JBRkRkcUo4Q1FuWmtCUlpaYnpfVGF0aHhHWG9HYkJweG9pQnRhcml1V0dwOGJHaTRvTE03ekJSUjBwd3U,0.9999385,5.2705163e-05,8.797666e-06
2023-07-18 07:00:00,NVIDIA RTX IO GPU-Accelerated Storage Technology Debuts This Month In Portal: Prelude RTX and Ratchet & Clank: Rift Apart - NVIDIA,NVIDIA,https://news.google.com/rss/articles/CBMihwFBVV95cUxOdHpobHN4aGRhR2h5QnA4RUhNbnZHQXlzNFVPdHJIT2ZBOENxUXhDZlNkZ2dGRlJxLXdLSGYzZ3g3bnBGNVBtYy1nMjJiNmx1WWhtb0RNVks1QnhHWjAwRkpuUWZ0Q3hzUFBjY3FIYjZ6WUx0NGJnWVk5WXItdXptY2tqMWZZZjA,0.9895672,0.0104132695,1.9444595e-05
2023-07-26 07:00:00,"ServiceNow, NVIDIA, and Accenture Team to Accelerate Generative AI Adoption for Enterprises - NVIDIA Newsroom",NVIDIA Newsroom,https://news.google.com/rss/articles/CBMiggFBVV95cUxPLWFMN1R1MVJydW1RSWRLRzV1SDRtU2EzbjlLMWRtc1RLeUdHQWVscU1qa0FTd3VTSXRSNlNUZnVJaGxuOXVYV2lfeUgxM1J2cEZwNnA5TFVrUTJUZXUwcGJpTWNhaDZ6WUh2QlphbC1xbm1PMzN6Yk5HSEsyZHZrUXpR,6.958911e-06,0.9999931,3.9860986e-08
2023-08-01 07:00:00,NVIDIA Helps Forge Forum to Set OpenUSD Standard for 3D Worlds - NVIDIA Blog,NVIDIA Blog,https://news.google.com/rss/articles/CBMia0FVX3lxTE8zVFB5bHVfY3k2WnBCbGV6R2JRSnNQRXg3UXZuT2JYT0VGT0xneVdDdkYyd3dJcUVOeVN6SlZxRXRUaWFMZmJST040dW1QWjBFWk54dDZBemo3M1FBZVFSNE9laWhzVTZMYlUw,0.00016346716,0.9998363,2.6618332e-07
2023-08-01 07:00:00,Baldur’s Gate 3 Launches This Week With DLSS 2 & DLAA - NVIDIA,NVIDIA,https://news.google.com/rss/articles/CBMimgFBVV95cUxNeFZ4VUdiSVVsREtpTkw2YzlqX0pUV3NXR3dZUUxFZ1hmRklUVkZMREppSXlUblNYYkl6N0NEYkMxOVFwTlNVRHlrbTBRcWhYSkRtamdfbGZBZ2ZVXy03TVl6VnBqT0FianhPR2NkNmdaVUZocnlZbi1PMkYyR2ZIekxYQjVVU2xrbGFtODFMQ0tUM0Q4VjlGU1dR,0.9999596,2.3900584e-05,1.6454225e-05
2023-08-08 07:00:00,NVIDIA Releases Major Omniverse Upgrade With Generative AI and OpenUSD - NVIDIA Newsroom,NVIDIA Newsroom,https://news.google.com/rss/articles/CBMiqAFBVV95cUxOa3Vmbzk2eGl3OTh5bnVIVHJvbTExNjBfX1NxTFV2Zi1EZnhhME9DemVDRzFwSlJ4Qkw2ZFFDUlVUWUlaUldfOGhmYlhMSHIyWUp2T3EzVVFKbzY4S3hkVWY4ekFIT2NNempNU2ExN2JKUENoeVBKLTQ1bXd5VWw5V1ctemJCLVdWUzlhdS1iQ3FMR3RiSjV0M3NBb001V255N3JZYnJYU2s,0.9895662,0.010423697,1.0202459e-05
2023-08-08 07:00:00,NVIDIA Omniverse Opens Portals to Vast Worlds of OpenUSD - NVIDIA Newsroom,NVIDIA Newsroom,https://news.google.com/rss/articles/CBMilgFBVV95cUxNNFVUcXNuakhCM2pCNXpCSXZ6WFhjdkNFRHlEMVdkeXdkQkdFX292RlJqai1sMGxUVGZ1Y1J3RUo5ZEYxdUxfa1Y4aFd1SXhwbHNzT2NFZUdsNXl5QWh4YmY5Z2E5cmEtdHA5clNEQXIwdDFHdzBjY1RSRmYtWnU5YWFfcFBWQ19qNDdRaUJ3dUNOLXpFOHc,0.9999448,5.3724005e-05,1.3806541e-06
2023-08-08 07:00:00,"NVIDIA, Global Workstation Manufacturers to Launch Powerful Systems for Generative AI and LLM Development, Content Creation, Data Science - NVIDIA Newsroom",NVIDIA Newsroom,https://news.google.com/rss/articles/CBMi_gFBVV95cUxNeHhNRlB6c3lFc21BczY4WURURU8tY2dUSXpRZzdaQ2ZYbm5iS0hxSGF5bkRxOXR2T1BlMHFhcEVTa1I0dVlrTzB4UDI5b19tWlJrQ0pRamFuUXNQTk5xNDE1OW03LW9PYXBpZkZ5dXV0aU9BSlhyd2JxYnFnZDd2dTJmdkh4cWQtMmdnbnRFVk51OXp3enFld3M3Z2VEYXZfWWZOWm5KZGdpalRDQVhmM0QxOUhxUk5mNDlVcW1yMlIyX3BoYWs0dFhrN1RFQnV4QzlMQXJxN3JkWE5VaXVQZjhiZjktZXhwbDlLaG80TUJDSlladHhNTzkzWFdOUQ,0.9792812,0.020703055,1.5809559e-05
2023-08-08 07:00:00,Baldur’s Gate 3 Game Ready Driver Released - NVIDIA,NVIDIA,https://news.google.com/rss/articles/CBMigAFBVV95cUxOd3NjMTJBc2NnZEVvZVlvdno4Wl85aHhTeUZGamViRG42Zndpa1hIcFFwQUMtb0xMZE8yUWxHdnlac19Ic1J5bUdPajZqLW1UYzNMU2d1QTM3VUFMaG9vel8wTHFLbTVXelB1U09iZkVDbEpKZWY1SGpuUHRnblpueg,0.9725458,0.026724434,0.00072987546
2023-08-08 07:00:00,SIGGRAPH Special Address: NVIDIA CEO Brings Generative AI to LA Show - NVIDIA Blog,NVIDIA Blog,https://news.google.com/rss/articles/CBMibEFVX3lxTFBjbEE5M3FkczBVRU9fbkFyRHh6eDFORmxQMDhvSHFEVmpYdDFGRzdkOTUtZk45Q05DYS1DS3lSU0lleTJvZnRZMUhKcE9KNDBMdUR0NnNrRUtUTk5ZSFBEMmdLVEUxdlRMMG5aNQ,0.9998598,8.302015e-05,5.705565e-05
2023-08-22 07:00:00,"NVIDIA DLSS 3.5: Enhancing Ray Tracing With AI; Coming This Fall To Alan Wake 2, Cyberpunk 2077: Phantom Liberty, Portal with RTX & More - NVIDIA",NVIDIA,https://news.google.com/rss/articles/CBMigwFBVV95cUxQMy1NNHh5LV9zSTBpWDlFMTdCN1FMMFZfM2NfRlhTaWpjNkh6c09RT1BwMm03N3dHRDVZRjNKNm54b2lPSmdUYTRkNVozT00zWWJFRnAwZWV0U2dOQ3JVVnE5NURnT2FkN3NEUjdpR3RHbE5sVlZnaXJUQzJwZVl6TjQtMA,0.9999409,5.751905e-05,1.5184282e-06
2023-08-22 07:00:00,NVIDIA Debuts AI-Enhanced Real-Time Ray Tracing for Games and Apps With New DLSS 3.5 - NVIDIA Blog,NVIDIA Blog,https://news.google.com/rss/articles/CBMicEFVX3lxTE8wdXRzSG5yeC1tWUhCQUtvVHR2MWRlY2QwemlVV01nN1FueGp4V2s1NHNhTUMxYXpBWjh2MmVTUW02UlF2dVo0Y2RWcHBNSGotbkRDeGlTU3dQS2FHWHQzc1VDdmFBX2xvek8zQmxsbzg,0.6990642,0.3008817,5.4061333e-05
2023-08-22 07:00:00,VMware and NVIDIA Unlock Generative AI for Enterprises - NVIDIA Newsroom,NVIDIA Newsroom,https://news.google.com/rss/articles/CBMikwFBVV95cUxOREFkZU9OTFJvbnRHanVyNmk2OG5qTF94S0xjMjNYTTh0R0tqSjkxc3EwdUxEOV9Ydm9aaGllend3TDMwNHpkYi1EUjFpSkplQzctREY1ZUxYUXpLenFHalVOTkZWUmI4RHU3YUpmalBHYS1YLWxhdnNHeUdXZ1dqdzNQcEVXMmt5eWxnQ2NpSk1qNEU,8.545456e-05,0.9999144,7.021269e-08
2023-08-22 07:00:00,"Announcing Half-Life 2 RTX, An RTX Remix Project Being Built By The Community - NVIDIA",NVIDIA,https://news.google.com/rss/articles/CBMihgFBVV95cUxOS2tTWDl1OXhVblpOcXcxLXZYNGYwdUxNZ0lVcUdTc2dTN3o5TUpadE9QSFA0cjZnNm81RkRPNFptN1JUWWFVV01tbXp0ZTZqT19wSVBMWl9wRHRWV0ZNQUtkRVFvOEFHNmVESlpnSDhIbHZoVkNvVUFNRmhJSE9EMG9XMmFyUQ,0.97289747,0.026997024,0.000105492654
2023-08-23 07:00:00,NVIDIA Announces Financial Results for Second Quarter Fiscal 2024 - NVIDIA Newsroom,NVIDIA Newsroom,https://news.google.com/rss/articles/CBMiogFBVV95cUxQdTZ2SjE3MlZEVnRScnctOTZfUWFUSmVOX3Bnd29fWXNqYklEM2kyd0EzZVd6RVczMDd1STRoRXdnYTJGLXM2UGNXTU1RTEJhNzU2bURPN2N0SG1SMFNhek13WlZHbzM5X1V5ZlhFbVRxaU4xQUVvU1BYY2hwd29WX0RkdXhuTUxHcktER29GTnRETGg4dHQzY3NwT3BKbVB1T2c,0.9998555,0.0001414298,2.953672e-06
2023-08-24 07:00:00,"Game Pass Comes to GeForce NOW, Along With 25 New Games - NVIDIA Blog",NVIDIA Blog,https://news.google.com/rss/articles/CBMiakFVX3lxTE9hZmJCX1d1dnRkREVtY25ZQXpKcFo5TUl1WGMycTc3dHFyX1M0bDJnbTJFbUhUZDF6UVVEMnpSczdjWGdHNEoxOTBTLVl3U1JCU2JOOEpfM0RGZV8xaWtIbkk2YzRCQkVaelE,0.9999943,7.0814775e-07,5.039657e-06
2023-08-29 07:00:00,Wide Horizons: NVIDIA Keynote Points Way to Further AI Advances - NVIDIA Blog,NVIDIA Blog,https://news.google.com/rss/articles/CBMiZkFVX3lxTE5Hb2RQOEdyNFpFWEgzbUVKd2oyZ1JGR3pkaHQtMUxuWXAzXzR5QXJWc3BJMzAzZkNVUXZhaDFORTBxQV9jZUoyYmJYZm5xQ0xpQW9DX3FsdjdlRk1NOXlGQ3pxVDk2dw,0.94404423,0.055215165,0.0007406267
2023-08-29 07:00:00,"Google Cloud and NVIDIA Expand Partnership to Advance AI Computing, Software and Services - NVIDIA Newsroom",NVIDIA Newsroom,https://news.google.com/rss/articles/CBMiwAFBVV95cUxQVnMwMUVJOXhONVhIVGk4cS0waGtwZmtqYkl6RGphQ2JJRkpfQmxHNFp3M0pJVk5PNURXZzVRS0dTRTc1c2FLaDg4MnI0cWdIZGYxMmZCb0ktZXRLd0pHUnZ0dFZVQ052TmZuS0U2RkFLc1hFR3pFQ1JFaE9HaW5CSGhSREpUMnlzNU1XaU5lRVdnMVhTWVdmbXMtVVdJYVMwWkp2TnM3WE9yZDRMOW5KdHh3WnJEUDV1dFJZU1N0M0U,0.1319648,0.86801964,1.55638e-05
2023-09-07 07:00:00,The Secret to Nvidia’s AI Success - IEEE Spectrum,IEEE Spectrum,https://news.google.com/rss/articles/CBMiTEFVX3lxTE5tV3ZDT3g0SjlwOGRNVUFkZmtESlU1SllXRFl5eTFBUThnNFRYMW5KR05zbmtsNy1CclNydi1seGNWTTJlVW5nNUpjRlLSAWBBVV95cUxQTmd1UGN5ZDdONTFWTWU1VnlOemswdHBkMzVDZEZLTmJKRjQzMkxRaUN1RFF1ckJCajRaamhGeFRBaWxQWHZnZmxHYWJOdEMyY19HSTNUT1NjZXNmdVdYc0g,5.782164e-06,0.999984,1.00916905e-05
2023-09-08 07:00:00,"Reliance and NVIDIA Partner to Advance AI in India, for India - NVIDIA Newsroom",NVIDIA Newsroom,https://news.google.com/rss/articles/CBMimwFBVV95cUxQcVNGTWxFbmJxTjB1UExXcDgtNkpYYnJOV0k4VlhLOFRNNU5CSHJSMzVHMjFmMmVKS1NLR1JwRndzN3hZRk1aZDZkMlR0VGhuX25rbTFndDlzdm1oempNZ1FRbWU5NWtremtkVklzcjBjcmF3TXJrXzRPOElZZ1A3dVpjek5kUmdZQXNveFhqeXBjNjZKR0hManFXYw,0.99998975,5.2529144e-06,5.019254e-06
2023-09-09 07:00:00,NVIDIA TensorRT-LLM Supercharges Large Language Model Inference on NVIDIA H100 GPUs - NVIDIA Developer,NVIDIA Developer,https://news.google.com/rss/articles/CBMiugFBVV95cUxOU09BMUhFV0RUYVp3eDZoeXVwM2otZzR0NnBZaVFIampVaHFTMVoyRXh6eGpya3F2X2pxUUhRdE94bVRNcmY1QjFOeV9ENXYwcEVrSUtmODJLY2ViLV9mNHF3QzdjQm9VcndvZWhCVlYzb1NLaGprdDVqd2VKaUhqX1BFVk1CVzdPSEpuUVVMNjNHNUpOT1ZVZ3FnV2piM0M1VFotcE9od0c1M2FZRGU2Q1RpZkpmd2VYQXc,0.99996114,2.9872417e-05,8.945672e-06
2023-09-11 07:00:00,Accelerating Vector Search: Using GPU-Powered Indexes with NVIDIA cuVS - NVIDIA Developer,NVIDIA Developer,https://news.google.com/rss/articles/CBMipwFBVV95cUxPRm94ZTA1RmRZOUpkU0EyRUtKbWFlTEVxbWVLbHFwU0tVZWFvT25rOS1GSHpQV0NXLVdLeTBlSU1taEVzcHpvWUI0dTJrMEVvTW1lRHhTWFNIeW5tUXI2UUJOQThBM3RVV1BFTXV3Y2w0NFFtQ3FSdnRLUndsN0JNNWYxOWVjS2ZVbFBmbWJ4RmFUTXozUm9uSTY4YkU1S1A0TGRSUzlQSQ,0.0031006841,0.99689686,2.4817834e-06
2023-09-12 07:00:00,"Lies of P & Mortal Kombat 1 Game Ready Driver Released, Plus Starfield Performance Improvements - NVIDIA",NVIDIA,https://news.google.com/rss/articles/CBMijwFBVV95cUxOZG1yakt6c3UtZFM1TU1jbmxFWWo1ZnUtQzVySkI0MUdacFlrbEJoRnlibGpfZkxrUGtzMDJGOU9sdW9aVjB4RndsRG5CbEwwWmFJcWlzblhlNnM0OVdsLTk1QlEtbi0yV1RjeTJkeThNQnZBVllvUkc2aHBvbzFmcEFtajlrb0tOT0pWWXNDRQ,6.5257746e-07,0.9999993,8.152858e-08
2023-09-14 07:00:00,Software-Defined Broadcast with NVIDIA Holoscan for Media | NVIDIA Technical Blog - NVIDIA Developer,NVIDIA Developer,https://news.google.com/rss/articles/CBMilwFBVV95cUxOZGZ3ZVhVRGNPN1Bsa01JclhEY3Q2Z1dwMG10WU5wZGlVNHZYX0oxdmZycV9hei1YamNFOTNDMTRtR0R6M2k4UVZyaTdSWHNXNDZOWnQ3a2k2RU9NUjFSUl90WVo2Y3NSMS00NE1EM1RpRWRHc2QtakV1bjhUaUM2ZW9aQndqQS1Id292RTRIV3pzOUhDZ053,0.9998554,0.00013695889,7.5747585e-06
2023-09-18 07:00:00,"Ray Shines with NVIDIA AI: Anyscale Collaboration to Help Developers Build, Tune, Train and Scale Production LLMs - NVIDIA Blog",NVIDIA Blog,https://news.google.com/rss/articles/CBMickFVX3lxTE13ZlJNZFR6ZUF4aXo5ZEJyV29oOHUxMm95OWFWTFZWTlplQ0NudU0tM1RSMHVCZnhPemxTYzMtN21HMU92OUl5V1FxcEU4RFRFUE1vZTJnQTJsM3JmUC1rQ2otcGtWbVhzV3Y3bGV5MlpEQQ,0.8811616,0.11847866,0.00035975137
2023-09-20 07:00:00,Infosys and NVIDIA Team to Help World’s Enterprises Boost Productivity With Generative AI - NVIDIA Newsroom,NVIDIA Newsroom,https://news.google.com/rss/articles/CBMiY0FVX3lxTFAzbWJURVFGUTVFTzhNWXFLdVQ2MTV1dzc4RkI5a1ozRW5aR1FhcHZqVEF0UE02V2hLcF9SOUpSdXg3WXJnSi0tV3NrVlZmRXVHbzVURUN1MjdSV0s4VUFqMU4ySQ,0.00023484003,0.999765,2.475585e-07
2023-09-21 07:00:00,Cyberpunk 2077: Phantom Liberty NVIDIA DLSS 3.5 Ray Reconstruction Game Ready Driver Released - NVIDIA,NVIDIA,https://news.google.com/rss/articles/CBMiuwFBVV95cUxQUmhpcXRadTRRZE9ibXI3MWFLbThTQ2VPMGh1RExzRnNCM0tHSk1qc0VxTWZQRTMzcW4tY3NNbTdvUWVGbWV4dFNlNkxoaDVsRmJOZkw0NFFjMGZfNXI1cHU2WVdieEZ3dUJTcW1iR0Z4akF3UEhmdFlmckg2WkRuUHgzQk5SWU1JYVRPNTBRamdyRDJ3dm9XMUVfMmFseC1ibHh1QU0xOGtFcGNObHNZQkpKZzJqRVI5T1Iw,0.9999677,2.881956e-05,3.4853235e-06
2023-09-21 07:00:00,Run AI on Your PC? GeForce Users Are Ahead of the Curve - NVIDIA Blog,NVIDIA Blog,https://news.google.com/rss/articles/CBMiaEFVX3lxTE1EMXBxRVNPNk52dnQ4Sy1Bamg1TnR4aFA3aHkyQUJzZlNMVXF3NVlKYW52YURDR1M3c1JmRWJMRlYtekpQXzNEbVlLWHd6dUs1OW9Ja2lDdE9FQVpkUDdaSllReVVrNGxV,0.7516071,0.24820456,0.0001883705
2023-09-26 07:00:00,Enabling the World’s First GPU-Accelerated 5G Open RAN for NTT DOCOMO with NVIDIA Aerial - NVIDIA Developer,NVIDIA Developer,https://news.google.com/rss/articles/CBMivwFBVV95cUxNMWl2V1VqWW1oYW80TTJlZVdkYjVlYlkzblJ0T1liYTU5a3R4OUVZVks2c0I0ZWplRVZxQnNiSVl6ZGhEX3VTYmhCTlFkYmxWc2JKS1lFR0RvOG8tNmtqV0dGQlhYdVBybGR4cV9mQzNJUk5kdzZxdXgtQXBxTG55LVJ1R2I0SlZNaF9nS21VSy1JWEZfVzltcGtVbno3b3owa2pfSlltODJZRnRtdTBpSnpKd1RFR1A5VlVKR0Zuaw,0.00018230655,0.9998173,3.339212e-07
2023-09-26 07:00:00,NVIDIA Founder and CEO Jensen Huang Returns to Denny’s Where NVIDIA Launched a Trillion-Dollar Vision - NVIDIA Blog,NVIDIA Blog,https://news.google.com/rss/articles/CBMiY0FVX3lxTE9MM3JjMzRpcEFlMmZtVmgzeFFEbUdqRFNiUml0TmNvS2ZGOHg5ZTFrd0lfem5GWENoTU8xd2VRbXQzZWhsSS1DY2ZMLXdGa2hnaWxYN3prSVFMaG95cjFyVzVYQQ,0.9998209,0.00010299552,7.612869e-05
2023-09-27 07:00:00,Counter-Strike 2 with NVIDIA Reflex and GeForce RTX 40 Series GPUs - The Lowest System Latency & Highest FPS - NVIDIA,NVIDIA,https://news.google.com/rss/articles/CBMilwFBVV95cUxPWURHLVhPM1Ywd3p1ZER5YUJGOUtlNDlUWDdudGtjOUdwLWl2aUsxT2EtVEJrLXRFMVFBS1IxQm9JMXBSbEE5NHRJT3ptNTlGV0xUMlBtUDJITDhnRkJtUTdaUDdnVV82VGRKNVJBVndrMFFfUXJPMHhRaHhNN3p4ZmtvN25zdlhOZGd2S01JYVhRY2Yxeksw,8.487524e-06,0.9999876,3.956374e-06
2023-09-29 07:00:00,Heeding Huang’s Law: Video Shows How Engineers Keep the Speedups Coming - NVIDIA Blog,NVIDIA Blog,https://news.google.com/rss/articles/CBMiaEFVX3lxTE44MV95Z01jWk41eG1LTEFyZV9pNV9qU1Vfd2hOay1mM2k5MnVNMGE2RVdPYVNkZ2w0WEd0TE91NjZVUG1HdG90N1JGVXdNdXl0NFZtUHhfU0hjYld1czhXZ3h6NWM2Tk5J,0.99987817,7.226516e-05,4.9536466e-05
2023-10-17 07:00:00,"New Game Ready Driver Released: DLSS 3 For NARAKA: BLADEPOINT and Warhammer: Vermintide 2, Plus RTX Video Super Resolution Enhancements & Stable Diffusion Is Now Up To 2X Faster - NVIDIA",NVIDIA,https://news.google.com/rss/articles/CBMimAFBVV95cUxQb0hOWklvNTdGSFhSVElTM0trbGVyYVhOZzFlVWZuODZsNnJDNEhCWk83WHJyWm1UMVZiNVNxR3RTSGJIMVJDWG5DQWVwZENGdS0tc2o4bmJmN1ZYVW1sTnJMZFJNcXFDQVUyejNJY3IxYVZtZF9vLWtOQzFiWEY3TXowWjlUYjVINUlrdXVuRXBCbVMyN1hCMg,1.2513652e-06,0.9999988,3.3347945e-08
2023-10-17 07:00:00,Striking Performance: Large Language Models up to 4x Faster on RTX With TensorRT-LLM for Windows - NVIDIA Blog,NVIDIA Blog,https://news.google.com/rss/articles/CBMifEFVX3lxTE9mTzRib20xRXZlQ3Y0cU1SZjRraTU1SF8wWHpkdFhxcU1DdzVRSFFidXN1MWR4WUpEUFFINjdSNl9Yb0VEZVk4NFFZRFY1QVdnWGlfV0VIc2FwOGd5VUhfczdpYkNTU3BjZzR4TldWTnJDRHRfNURNMEhYcF8,1.0600041e-06,0.9999987,2.1036165e-07
2023-10-17 07:00:00,NVIDIA Partners With Foxconn to Build Factories and Systems for the AI Industrial Revolution - NVIDIA Newsroom,NVIDIA Newsroom,https://news.google.com/rss/articles/CBMixAFBVV95cUxPakFuTEJDUjBtMmdVRF9Jb1JGdHJUMElHOUNMNW5DekJvd29hSlBZQlJrLVVvemI4d1lCRUViOWlWNURvVTZVb05lRmR3Ti1HeUJmeGRQai1NVVdhbVhfZmFrM1F2TEhSQzF1ZFM1V0hRb3dmNUdNLWRjaXcyUHR1VkY5OEFZdTQtS0tucFNuZzQ3enFsVzJRUjB0bi1pdTY1TkIwelZoV09sbWRVb3dsRFNleGR0amFLU0VNcnZpOHRHNUc0,0.99987364,0.00012197523,4.442185e-06
2023-10-19 07:00:00,"Next-Level Computing: NVIDIA and AMD Deliver Powerful Workstations to Accelerate AI, Rendering and Simulation - NVIDIA Blog",NVIDIA Blog,https://news.google.com/rss/articles/CBMiWkFVX3lxTE9GMkhkQTM2RlZPTUNMZ0RJWnUyQ1ZYbUN3OXFSOUtPUHZ6MUJ6V0dTUXBHclZxRUVFZXYwRUIwc1A2YTFqZFhFeWQzbEx3TXk3SThOT0QzaDJzdw,0.033124074,0.96687126,4.5672696e-06
2023-10-20 07:00:00,Eureka! NVIDIA Research Breakthrough Puts New Spin on Robot Learning - NVIDIA Blog,NVIDIA Blog,https://news.google.com/rss/articles/CBMiZkFVX3lxTE5Qckpuck9pTVpJelltczBsU2dabllQS1FtekIyRTliVTlPX3pzaDRjUlEtYm4xYVNpa0RtcTV5LXVyWXlxRXZCYkV3a0hvUndNaVhXRlFmUlZkaFIwRi1WTThnTEJRQQ,0.98293936,0.016911808,0.00014878828
2023-10-24 07:00:00,Alan Wake 2 Out Now With Full Ray Tracing & DLSS 3.5: Get The Ultimate Experience On GeForce RTX 40 Series GPUs - NVIDIA,NVIDIA,https://news.google.com/rss/articles/CBMimgFBVV95cUxQMmNXc01YQmVPa0xmRXVnamFkOUdNQUFRZWdzUmc0Zzl2NGxlcWM3SzhJV1AxeGJ0enhrUl82QTRhSHpfcHJLZHEzMTNXVVE1SG02a2FFblZEb21XcElabW95SEhXNmdvcTZDN2ZGRWNBbV85bU1DX1lUaTQ3YkRMSGxNLUk4T2E2R0lMSDVnZGlLcnFZeEk5QmV3,0.99954396,0.00044581818,1.008019e-05
2023-10-30 07:00:00,Silicon Volley: Designers Tap Generative AI for a Chip Assist - NVIDIA Blog,NVIDIA Blog,https://news.google.com/rss/articles/CBMia0FVX3lxTE9EbER2MVVlRHdHM1hJVmYwY0pYS3RncUYtcjZKZXdBckFwaGdsTWktbmJJdE5BUGYteGdRWjhDbDFuTXNYRUFqYk1PVTA3am9ndi1QQVc3Um5lRHpfOTJieTBzR0N2a0lFU2tr,0.99957997,0.00035457453,6.538029e-05
2023-11-01 07:00:00,Turing’s Mill: AI Supercomputer Revs UK’s Economic Engine - NVIDIA Blog,NVIDIA Blog,https://news.google.com/rss/articles/CBMiakFVX3lxTE9yemxQMGp2cS1EYjZVblB3OEpOODI4c1FXTFMzMWdQcTdZdDFnSWFFN2xrRGVzbHBQYUg3Mm1Fa21fM1lWWXFFWlh2V2gwVGRYVzBodHVlQ0FxRFRtWFJTTHZHUE5FcXREaXc,0.9999342,5.5323497e-05,1.04794235e-05
2023-11-02 07:00:00,GeForce NOW-vember Brings Over 50 New Games to Stream In the Cloud - NVIDIA Blog,NVIDIA Blog,https://news.google.com/rss/articles/CBMiaEFVX3lxTFA0QjdsMWxaZVdxQ3E0UU9YTjd4TEZtb1NJS2FyZnFZbFpCdGpCaGJyRmUtTkUwNVEyb3lGZjgwM2xrbl9RWGRQWjI4Zk52b2Vnb1UzMjVJTWFEYld4VXpWSU5pallrV0ct,0.87344,0.12648661,7.337824e-05
2023-11-07 08:00:00,Amdocs and NVIDIA to Accelerate Adoption of Generative AI for $1.7 Trillion Telecom Industry - NVIDIA Newsroom,NVIDIA Newsroom,https://news.google.com/rss/articles/CBMixAFBVV95cUxOaldBSldtcm1rYkJnQ1JtY3BleHZNZzQ0NFNzMUZzVnZ3QlB6eTR6VUhlTjlPTlVjRFNJamVNNlJoaG16dEFsTGNyd0RDVTBHd0pFRXZMRXFYbjFabl9xRXZELWVLSEdCWkZ4cExTbWlILTlVaFpZT3BGbUJlWHZ5dnhxYUxNWXMyRHVEMVVuek5nYmp2NS1fQXZCeXVLWkVTTWdmX2NKZDNkYTVmZHB4cFRYNGpzV0xfaldOSEwyOXdzZzBH,0.00012838712,0.9998715,1.0715157e-07
2023-11-08 08:00:00,Acing the Test: NVIDIA Turbocharges Generative AI Training in MLPerf Benchmarks - NVIDIA Blog,NVIDIA Blog,https://news.google.com/rss/articles/CBMiaEFVX3lxTE1JaXhMU2gwbzJmbmktcG8xVEVVazJlazZPQ1gyZkt6ZTg4U3VCSHUyOXc3Wk0wcFpOeTF5SjVwRDBXbHZ1dlJRTnZ3M19ST2hfSUZjZmFqWUZ2a1dLcHNMRG9NZWVzMFZP,0.9884786,0.010470737,0.0010505804
2023-11-13 08:00:00,"NVIDIA Supercharges Hopper, the World’s Leading AI Computing Platform - NVIDIA Newsroom",NVIDIA Newsroom,https://news.google.com/rss/articles/CBMipAFBVV95cUxPendCQ3B1THR2ejgxVFBiT2NfZ3NkeVdOTVlBeVRlWEdDVmloeXE3MW5RVWdIeTFjOW1TMExzSnRVTE1YazBOMmVYZ2hIVEYwQktRZzdaZXVkYXczLVZEX1B1YkJfYW9SYm11RHUxLVdRVXEtdUF1VF9aR3ZmSTd0cEhQVnFzZTlkZzlKSEFnZXg1TklYNkUwbDJvQWhiMEtqTi1NWQ,0.018748567,0.98124725,4.2119623e-06
2023-11-13 08:00:00,"NVIDIA Grace Hopper Superchip Powers JUPITER, Defining a New Class of Supercomputers to Propel AI for Scientific Discovery - NVIDIA Newsroom",NVIDIA Newsroom,https://news.google.com/rss/articles/CBMi7AFBVV95cUxOOTdISmJSdXBuZ000VXUwTF9MTENjT1YwWU1YaExqOEZnQ0lTMHJGZFhDZ3lySzNpMG5aS3BQeGNZeEd3ZW9pX0drQXNxb0d6dE5HMnNpaVZqdEgwVmU2N21fcktIaFVGenRxUHprWUhpemZtM3c2ekluQjJOS0dnSmkzUDhRSFpBQ2Z5ZDY0VHoxcndndHhQcVJSMmNoT2NwejYxYm1oWU0wREpEVWRLM2xxdC0tMEdnQ1FJV09FUmdWdk8zZGJXbURpaTRBT3RCTl9xNTFnNTFtLXhud2xLRl9yRVhqdkRCZzhXdg,0.13359809,0.8663964,5.4794286e-06
2023-11-14 08:00:00,Call of Duty: Modern Warfare III Out Now - Download The New GeForce Game Ready Driver For The Definitive Experience - NVIDIA,NVIDIA,https://news.google.com/rss/articles/CBMiogFBVV95cUxOc2FXVUVSaDdiSDZqMndjTDl4RHZWUkdxdE52QXNwc3BfRlc2N3R0TC1kdTM3UXdvY1BOeWhnYVMtS2tJeW9YN1dRdlFTNGY1WXFBTm1YM2gxNFgxZWZRMjFocFRRT1hybEExenc1NVhXUW1XWVNqZmZlY0FnZk16S2JlUUlmOHZWUFg0MW1KVGMtRmhuTmJTbG53S2NmWk8zVnc,0.9882532,0.011618106,0.00012876939
2023-11-15 08:00:00,NVIDIA Introduces Generative AI Foundry Service on Microsoft Azure for Enterprises and Startups Worldwide - NVIDIA Newsroom,NVIDIA Newsroom,https://news.google.com/rss/articles/CBMi1wFBVV95cUxNVGwwZzc4SS1QNk5OdnJJa3lsQkxnYnBjRUlUVVFsamx6d3ZOVGpldXFPTklxdzBMdXJWYXRQU2ZCSEpaYlp4Qi10R2tiWTJieGhlcDcwLXZLZ0V3ejRfNWJhN1RfTkhVVnlUQTllMmFOakVIVWt6QnYzSm90X21zREFZaUZ2ZEJ5NUlZbC1reW1vRm55eHBMZVFZUzAySFRBOEt1LVlwZm5Xa1YxQXh0Y1dnNFQ3dUdzanFnMHZ0M1dZZ2ZBcTRLQ1AtU1A0RXdLY2JsR1Z3Zw,0.9834869,0.016507078,6.0533653e-06
2023-11-17 08:00:00,Dropbox and NVIDIA Team to Bring Personalized Generative AI to Millions of Customers - NVIDIA Newsroom,NVIDIA Newsroom,https://news.google.com/rss/articles/CBMiuwFBVV95cUxPX05YNF9iN2czWDRMeXFpTTVEZGtiRGtOeGVza05rRkF3djVOUFBxMW9tUHlxN2NOR1VJdHBVUjFWRkg5b1RuRGhoR3RXQUpYNGU3SWJ4UnFmTlJKYmJjcmh6akhkUXZPeEo5eVFNM3hfUFZ0ZXhnZmR1NTg1QjZZcEFObDhPcmN3SktGSzIwYm94TW5LMGxUUXdSZk5keTRtNWdKNTJCQ3hKcmRUNTdqOUNNMW9Yc2h6cXVn,0.5231497,0.47680563,4.460365e-05
2023-11-20 08:00:00,"NVIDIA’s New Ethernet Networking Platform for AI Available Soon From Dell Technologies, Hewlett Packard Enterprise, Lenovo - NVIDIA Newsroom",NVIDIA Newsroom,https://news.google.com/rss/articles/CBMi6gFBVV95cUxNdHdsRklNZHJOZkd6endFMzlGWXV3MjZxb2VOYms3WUx5NkRRSUd2MTVGQW1HYkUzTUpKOXZrczB0Ty1CVi15MmNxZlc1eTN4QnJiUEt1S3BPVDZzV2xVbDBfZ2lBdlVJcnF4XzFkeTc5QU9qREdrWExZM0xfTWNCdEdSMzFVTE9lWWpZU25VNVpZR01VaEUyMjhoVWpyNWRFalZ5QW0wd3Fta0NhOXNaaVJvamZ1MXRkalpSbmkxRk1rQVEwN00tbUMybE9NVEIyWU9pSU16V245eG5aaE5QVVYyQ3hnWExGZlE,0.99944466,0.0005459398,9.420999e-06
2023-11-21 08:00:00,NVIDIA Announces Financial Results for Third Quarter Fiscal 2024 - NVIDIA Newsroom,NVIDIA Newsroom,https://news.google.com/rss/articles/CBMioAFBVV95cUxQc2VyekhqWFJLLXIxZWF0c0ZLS0pNTUNRblVyQlNhc3JydkZ5QmM3Z0F0cS1veHZIM1hqNHBjV3l2X1FUbkdBd0Z6ZkNqWlFNTzB2Q0RULThqZ21HanZEYVotWjBiUWR5OHRqTkY3QlMtenhMTE1YejVBM2JnVUdYYkFCV1ViY1J4X0JucW1KeVAxQTh2cUdxVU9CUHNULXFn,0.9998815,0.00011577189,2.7047668e-06
2023-11-28 08:00:00,"AWS and NVIDIA Announce Strategic Collaboration to Offer New Supercomputing Infrastructure, Software and Services for Generative AI - NVIDIA Newsroom",NVIDIA Newsroom,https://news.google.com/rss/articles/CBMikAFBVV95cUxNR1hkMTNndTJFaHlLWWIwMGZwVWFuMWsxczZWN3gxOWVWWFFodmRsMFJyckFiMGNPblhIRjdOVnZHV0swT3lmVVR1U1h5NFF1elpIOFlRdGdPQ0R2eU1aQ3RuU052dlhjSWpza1kycHVYeDFNWGxUV283MVNBb3k3YlRYVU9fb2VrODB4OEpPcmU,0.5221114,0.47784027,4.831191e-05
2023-11-28 08:00:00,NVIDIA Powers Training for Some of the Largest Amazon Titan Foundation Models - NVIDIA Blog,NVIDIA Blog,https://news.google.com/rss/articles/CBMiXEFVX3lxTFB3aDBKdlpCaXNUaDV5b1QzZHFjam1nSWhVYmtCZE9aUDBHaVRucTFCME1fNVlXTG9jdHBwRVNvZS1LUk5xYnVBeW5fVVl1TGctTUhDUmFSWmNHSkQx,0.9959246,0.003968812,0.00010655607
2023-11-28 08:00:00,NVIDIA BioNeMo Enables Generative AI for Drug Discovery on AWS - NVIDIA Blog,NVIDIA Blog,https://news.google.com/rss/articles/CBMif0FVX3lxTE5rSzdNNHJYOVJ0cWtjXy1HNi1aQ0VvQVJzZnktV3ZkbENPbnltb2h6Z0pPaXhMTnA4WVBHWXhXaDdpRUtCeXZJc2Qxb2dNRl9LTVJoZlFuanY1VjFOVl8zbXFOQ3NDcjNtVDBVajJCU1NlLU5QNmladHQ2NVkxckE,0.00024636343,0.9997527,8.9756395e-07
2023-11-28 08:00:00,"NVIDIA Brings Business Intelligence to Chatbots, Copilots and Summarization Tools With Enterprise-Grade Generative AI Microservice - NVIDIA Newsroom",NVIDIA Newsroom,https://news.google.com/rss/articles/CBMiggFBVV95cUxPZ053SWdEck52ZEhwMVNyZ3l2U2Y5ME1BMWZ3c01hYVJsTjhqQTMzOXJBeUV5dlpxZm1GOFdNOE1Gb0RLd3dKckhqSXVWX0VOYTdtV3d1U3NjbUFGU2NPNmZBV1hpYU5kbUx5ZUMzcHV5T3ZoN2twTks4TEFyVWlCb3Z3,0.97863936,0.021353595,6.9823527e-06
2023-12-04 08:00:00,"500 RTX Games & Apps Are Now powered By DLSS, Ray Tracing & AI-Enhanced Technologies - Come Join The Celebration - NVIDIA",NVIDIA,https://news.google.com/rss/articles/CBMioAFBVV95cUxNNmNVelBiWTN1OXpHMG5WU3NsUWVhS3FKMUtkWWhvYnlTX0VHVDlOdDVBWXVxbXNWT3RGaDlKTDQ5cnJKdWc5bktsTGlaYzZGNzlnSWZtTXlXc1ZlMlJjdFBtZjgtQzFHY3k0c09yaFIxVkhzSWdORlYtS1Z3ZVlJcGFtblVwQVNGVS1OQmtUVGpRNGxQVGZIVkUyQlJoMHd4,0.28544617,0.71452117,3.2603275e-05
2023-12-04 08:00:00,Why GPUs Are Great for AI - NVIDIA Blog,NVIDIA Blog,https://news.google.com/rss/articles/CBMiZ0FVX3lxTE1YTENYc1pmUFBJbFNJbWhYcHZNRGNtMFBxNFMyUkhpZE5GZEhORVRweEVNSldiaTlpR3hTVUstR25fMElVd3BnWkJucDIxMTRkNTYzcmdKaVZJM0lEYjc0UnMxR0x2ckU,0.2131274,0.7844306,0.0024419564
2023-12-06 08:00:00,17 Predictions for 2024: From RAG to Riches to Beatlemania and National Treasures - NVIDIA Blog,NVIDIA Blog,https://news.google.com/rss/articles/CBMiX0FVX3lxTFBVR3BNZDNyTGd1V2hKR0x2N1ZpQ3FhVHpTellJNng4Mm9jSFNUWmJvVGZIWTBKU3A3LVpYbXh3VUV6bVE2OEdCWFNpcC10VVFGUjJMelZGaDBxZDlOcGlv,0.9999825,5.075044e-07,1.7048007e-05
2023-12-10 08:00:00,"Nvidia to expand ties with Vietnam, support AI development - Reuters",Reuters,https://news.google.com/rss/articles/CBMixAFBVV95cUxNQzB3Zjh4M2lTRVdCTUFzWTJzU3I0OTdReVpNT0FOeTNBeG1BMEZsN1pTRExhcnVBN2pBSUdlVWdwUzNrSW1vbmpGRWFnUTIwR2VNN2NKVUJzZjh5bFZ4QkNJZkhkWTRCbklkbVEwQ2NXOEFEQXJZRWVzSmo5Ym1Caktoa2szNTRpSU5BN2t2T2MzVm96Z0EtNFdTUzhRNHpkOEFnSWp3OXNOSzNaaUNVWGdNWWNpTGRkeDhFN3lfSHp0ZkVq,0.9404889,0.059432488,7.8557394e-05
2023-12-11 08:00:00,How NVIDIA Fuels the AI Revolution With Investments in Game Changers and Market Makers - NVIDIA Blog,NVIDIA Blog,https://news.google.com/rss/articles/CBMiXkFVX3lxTFBhUlZlWEZGcUVtRGdSZG5fMEV3UUNmOUh1T00zTVRFTy1lNThwY2JRYzkwSDRWUlhpcFRGcC0yR2lUZTRmTlNGbWtoN2R3RHBtM3dLdUFfOWYxeVh6T1E,0.8181023,0.18148492,0.00041278708
2023-12-12 08:00:00,"THE FINALS GeForce Game Ready Driver Released - Install Now To Optimize The Fast-Paced Shooter, Which Features DLSS 3, DLAA, Reflex & RTXGI Ray Tracing - NVIDIA",NVIDIA,https://news.google.com/rss/articles/CBMihgFBVV95cUxQM2NlcnlIM1pSbE9uQWZNemsxOUpZXzB1cmhKNGNTM0M0c2FXdENzaW5hUmZ2SnJlb3gtcW9VMF9pbEh4UXFyY0tib0RGQS0wczlZdHlHdWhuOV9jNkNleU5HYkQxZzdhX0ZONTNjV09hRkJYc1B5NmJTczMwOHR3Rzk2WUFXdw,0.99364954,0.00633867,1.1813632e-05
2024-01-08 08:00:00,Picture This: Getty Images Releases Generative AI By iStock Powered by NVIDIA AI Foundry - NVIDIA Blog,NVIDIA Blog,https://news.google.com/rss/articles/CBMickFVX3lxTE81ZGYwdUNZeENyZV8xOGFqNllvN0tMX0s3ZG56VXNwRFoyR2VNdGUxZ1czUVZUaHBJRzlwdlZ4ekZVTzMyQml6Ri04cWJWa1NhdnJPZGFSWVEtMk1HS3d2dFVUdzc4NXZsS2hGMy1BM3VoUQ,0.99998105,1.2887896e-05,6.0658936e-06
2024-01-09 08:00:00,I spoke to an Nvidia AI-powered NPC about his ramen and his responses were frighteningly good - PC Gamer,PC Gamer,https://news.google.com/rss/articles/CBMiugFBVV95cUxPM3NQV3ExcTA0aDZaTFc0TVcyZzNIMVk4Rkd6Mm9VY242dDVRVGl2M1V0WDcyR2FiY1JBMmVORTlOa3dwbXFLSDZpVF8zcGxXMHp4cU0xY0ZQRzl5Z0h6RGdPT3pOb0RndXl2MnBYQXhRbnQ5MHhCWFNFYmdpV0Z1S0FjMHVZcEMySXNpa3RiQ3VUV01tT1h0bUc2a2ZqZ1B4VE5mMmlBNW5Hc3JMS2dRQ01JZk8tTW5KTnc,6.4975175e-06,0.9999919,1.5552694e-06
2024-02-10 08:00:00,Exclusive: Nvidia pursues $30 billion custom chip opportunity with new unit - Reuters,Reuters,https://news.google.com/rss/articles/CBMisgFBVV95cUxQUkVGWXV0R2gyMEN2VkxfQnQta1FOUUZad09nVHRQX0NkbjQzd0lacV9VRmNjRnpCN2k0VmJVcXNJbmZVNDVpSkdlZHdLTk1KRUN3ZXdfNk9lckpobjdQTXNQRmVqeVlOMnVuYnNSZUNIVkNsUkVFXzFWbmlKelJYWWQ2WFMzbUZxdUxlbjU1RGdxemY5ak9ZV2s1Q0pReGgzaWg4bzNPUVNhTVJaWGZqaVVR,0.1946868,0.80528075,3.2410237e-05
2024-02-21 08:00:00,Nvidia Is At The Top Of Its S-Curve: What Next For A Company Of Reinvention - Forbes,Forbes,https://news.google.com/rss/articles/CBMixgFBVV95cUxNb3hqb05PaEJwOG9aWnVqZk9KcmVRajVBamxiYnNNVWlON3dsM0RvT0k4TTVFUUpNQkF0cnkxSk1vU01UMGVlZTNsWnFsdnlWS05jbTA4X0pSZy02ZlE5Q0NLT3BVcmt5TGp1OEwzeGx2aXpQZGdlMmZLY1hhWVk5MlN1R0Zncmt3NUh3QVJhLWZUUFpKTHZqNy1OdXBkMy1KTWZFNjZpSS1RdFN5MkhydTJiZE9MTjduSm9NY1RwQ3NxeEVtQmc,0.96791047,0.022551933,0.009537672
2024-02-23 08:00:00,There's No AI Without Nvidia. Meet the CEO Powering the Future - WIRED,WIRED,https://news.google.com/rss/articles/CBMigwFBVV95cUxNV2IyZzg0d3dZd0djX1NkZExLWjRmNWpoUUItbDlpRjFDd2pUX2ZUR2ZaWVBNUk9KemNPbTZXc0IzRk1zMElYWnBfazRGNzBzY3haUEd1NnczS3FLV2dJeVhNTkdhZVRxMzlfVVUtNWRLazlSN1kzZHliVU1hU25LLVc0MA,0.88551354,0.10904181,0.0054446193
2024-03-18 07:00:00,Microsoft and NVIDIA partnership continues to deliver on the promise of AI - Microsoft Azure,Microsoft Azure,https://news.google.com/rss/articles/CBMitAFBVV95cUxOMVI1TGpYSE1aNUZSdVZUTktnaUI3S3NySnFKbWhSUGVJWFNlZUJnQlJzajExY2MzeGpjMV85cW9QMmhHRHZwSWRjODJkWEFrVlZ3d1FMQVlDZFdObDFveWgtQVBlRi1xalVKQWkySS1DZ09lMGdGcnlhbGFobkQ3aFIwbnR2WlRwQTR0Sm9IWUV2aG9FNmhzVUp2NEtXOFdWSmQ4cDNkU0t3U1BjZnl5Q0ZyOFE,8.595909e-07,0.99999905,8.918589e-08
2024-03-18 07:00:00,NVIDIA Blackwell Platform Arrives to Power a New Era of Computing - NVIDIA Newsroom,NVIDIA Newsroom,https://news.google.com/rss/articles/CBMiogFBVV95cUxOczF5bzhxRFgzM1lwaC1reFBBdV81VzFpM1JocmpWRVBFMlM2MHZRdGhCVEk5YzBkRXR4NTlWSk5WN29qVXowOWtzeG5lX01ma1RpU2tRU3QzMGFUQmpLelBLMEtlSEc0X3VPU3VneGRVclhxSHRZc2lYLXpQbjJja2kyTVZWZDJ0X2RQUVVPblZLbFMxX2U2RGNGNmZMT3RMRXc,0.59318954,0.40676665,4.3794313e-05
2024-03-18 07:00:00,AWS and NVIDIA extend their collaboration to advance generative AI - about Amazon,about Amazon,https://news.google.com/rss/articles/CBMid0FVX3lxTE1FVERiY0dwa3VHMUtlYlNrTldfcUJuZjRBUWQ5S1U4ZXNkZU00SEhPNWc2MzJ4aEo5RXRvS2tmdDVSM3YtYkx5YlI4VGh3Z1hBeks3WUU3OXo0OEJHcEx2NHhLRXNnX0FtLV9fVjdRWFZEZTI0c1Rz,0.0058517572,0.9941453,2.9893936e-06
2024-03-18 07:00:00,Accenture Teams with NVIDIA to Showcase AI-Powered Immersive Client Experiences for Defender - Accenture,Accenture,https://news.google.com/rss/articles/CBMizgFBVV95cUxOOEVuZ2pGMVVpanJoaWExaWQ5TlpVNy1VYm1rY2Z1aktTVUdKSE9JcUVhajNEUDhKZUNTQXI0SW9BYzBHRTlfSU1KRjFTNmVGREg1UGRWWVNGM1I5YS1PdVp2SlZpemZiQ25QMnktaUJ3bk1RcVN4STR0dEFxcHFUbVF6bEtVM2NGbENKZ1hYS2RVWVIwdW40OWgzOC1ITFh1cmxobXhUaGl1NGJiM3lrejk0X01FU0lxdTJFSFlqOUgxekZNNmlQcTdfY2lfdw,0.15157066,0.8483985,3.082569e-05
2024-04-10 07:00:00,Georgia Tech Unveils New AI Makerspace in Collaboration with NVIDIA - Georgia Institute of Technology,Georgia Institute of Technology,https://news.google.com/rss/articles/CBMimwFBVV95cUxONXF5bkJGMXF3QlBxamk0WUcwV2Zjc1ZPU0dydVNEZFJXendiSUdyNEtJLVVBLTZ3Slg4eDJENURwanZtNWtlVjBnTm1sZmQ3eTV1MkVJZ3NEbV9zeWpDY3g1eEl5bURXb1JvaTI2WHBTQ3R1d1Rud1UzSlNXdGlEMEY3V1pTRWxMcXZ3Tm12bTkxNjJMZGRuNWcxbw,0.9999597,5.1245825e-06,3.5198558e-05
2024-04-18 07:00:00,Wide Open: NVIDIA Accelerates Inference on Meta Llama 3 - NVIDIA Blog,NVIDIA Blog,https://news.google.com/rss/articles/CBMic0FVX3lxTE0zV1BKUjZmOFl2Wi1xRDVROWVPc3pnaWw3ODdtYjJ2T1pfS21KcFJPV3ZHNkw2VmNHNUlLY0Z5Y1RIVlQxYnF4T0ptZnRxVlNxLUhKVFE5S3VsbnVhb1EyeWpEVmpvd0ppUDV0eUhXSVBzYWc,0.32884517,0.67113477,2.0089581e-05
2024-05-20 07:00:00,Kyndryl teams with NVIDIA to accelerate adoption of generative AI-enabled solutions - Kyndryl,Kyndryl,https://news.google.com/rss/articles/CBMikAFBVV95cUxNSGhWdXFTemo2SnNhREp5aHRKSHFXT1RCMHQ0Mm5RX3hQdDFZVzllS3ZXVTlJRDlOZGpteXVpY3ZoclVDM1BBZ0xwTmgzZ21Qd0k5dUQ2QTlPa2NqT2JGdE0waFpOWm16RlFpeEtOeHkzTnBGcXlUeU1BVkgxTll5ek1HRlZmZE4waGZhWFYyTXk,0.00017040911,0.99982893,5.982087e-07
2024-06-02 07:00:00,Computer Industry Joins NVIDIA to Build AI Factories and Data Centers for the Next Industrial Revolution - NVIDIA Newsroom,NVIDIA Newsroom,https://news.google.com/rss/articles/CBMihAFBVV95cUxQODFhSU1ZXzQxVTN0LS1XWXoyY29aUVA4NXUtSmdNekdBYTBFMXhxenZqekVmeEZqRGVveXZkNUlmN3dGbHNSRkJVOFItdVQ0WU9ROTZpVmlYSkk4eVdFbC0yN2hPVHRKN3B3bXc0TUNuRUhJeVVSSmhFSzRCb0RnNVNaLVI,0.9969087,0.0030878754,3.4922984e-06
2024-06-02 07:00:00,"Build Small, Play Big – Introducing SFF-Ready Enthusiast GeForce Cards & Compatible Cases - NVIDIA",NVIDIA,https://news.google.com/rss/articles/CBMiekFVX3lxTE52Z2ZEMUFRbE9rTmhuR3RUWjNwXzlxYzlzOFY4bU1sYkgzMDRsRE8wekZtNkNjRThmRzh4M0cxOUlEaWdqUGlvNnU1SVcyajQxdVNZbmRQbHVHUGtKUlg1SHhtakxib0djd1ViUUxLOF9vOUNZOEtaWXln,0.7498766,0.25003576,8.762874e-05
2024-06-02 07:00:00,"GeForce At Computex 2024: Project G-Assist AI Assistant, NVIDIA ACE, Star Wars™ Outlaws Adds DLSS 3.5, SFF-Ready Unveiled, ComfyUI Acceleration, And Much More Announced - NVIDIA",NVIDIA,https://news.google.com/rss/articles/CBMijgFBVV95cUxNWlI3OFN3YjZtZ2RsUXJtbTU1U3J1R1RicVBYLUVnbFRjaG52VXZtY2d1ZEJlSjRYcjNmaUNFZ252NW5RMGR4UEdzXy1sVldzU1l4a3BXVTJyTUVJdTE0akRodm0zd0RYMzZaZ1hPRWJGMThlTkN0Z2FQQ2FQWFY1TU1rVG5nZC0yMEVocTJB,0.4432418,0.5567406,1.7578195e-05
2024-06-02 07:00:00,"NVIDIA Releases Digital Human Microservices, Paving Way for Future of Generative AI Avatars - NVIDIA Newsroom",NVIDIA Newsroom,https://news.google.com/rss/articles/CBMiiAFBVV95cUxOWW9IQ0g4Qm1MLW40TW4wYzVwSWxmZW8xaFM0MGpfejlKQngyY1Jyd3JSQUdkWFE0RkZBZURnN1B2aXJrZVVMazVjT2taaVNHbnVKal9GdTVGZ01XXzh4c091cTBjMEU0Wk42bVJMUzVsQ3N0dHYwWm1SamdxeS1wT3p1UjA3TlEt,0.99667335,0.0033242377,2.3486004e-06
2024-06-02 07:00:00,NVIDIA Robotics Adopted by Industry Leaders for Development of Tens of Millions of AI-Powered Autonomous Machines - NVIDIA Newsroom,NVIDIA Newsroom,https://news.google.com/rss/articles/CBMikAFBVV95cUxOc1k0UUpuT096UWFPUy1FTkVBYmtCbGV2WE1Leml1SC1iTHRIXzZrVndhNE9PWktRSnR1SnR3eEZVTk41WlFfNG1ZTV9nY1l2NUYzdjhNbTdYY01aR1RfdlRhcmFOMGhxcEpsR0ZXbFNMekhLWlhib1N3ODlHSTlPeW1MV29vZzhOV1ZJTDFzcHY,0.99989986,9.4639894e-05,5.4629777e-06
2024-06-02 07:00:00,"NVIDIA NIM Revolutionizes Model Deployment, Now Available to Transform World’s Millions of Developers Into Generative AI Developers - NVIDIA Newsroom",NVIDIA Newsroom,https://news.google.com/rss/articles/CBMikAFBVV95cUxNaV9WSXhDbEtmemZyUHdqdTlIREc5OXZnSkVPbWI3MEZxTDFzdFB3RzFfaTloSENkeEVGbXRvYURJWmc5QUxBOEdZb1VESGRyUUJReUI0ckg0S3NwUUhaQjJLWEZQNndRNlpzMXBubW1Ed0dHclFpREhacDFHcUNISDZvbWdpZ0xERjdDUXJOOGE,0.03259176,0.9674031,5.124516e-06
2024-06-02 07:00:00,Introducing Project G-Assist: A Preview Of How AI Assistants Can Enhance Games & Apps - NVIDIA,NVIDIA,https://news.google.com/rss/articles/CBMickFVX3lxTFBVb01odWtOeW9wa2ZnY1ByWEFoMUpFLUliQ0pDZmptbXBVeEE3QUEtYURXOTJ0cldBOS04MllnbC1sMmlXMWV4S3haSTJYVnVTWThnY0RHMnFodHpfQmRCbXVqUkh4dUE1eUhCZ2UyaFdPdw,0.998816,0.0011751723,8.851259e-06
2024-06-02 07:00:00,NVIDIA App Beta Update Adds AV1 Recording & One-Click Performance Tuning - NVIDIA,NVIDIA,https://news.google.com/rss/articles/CBMikgFBVV95cUxPMndvSU4zOXBjbjJ2ckk1RDF0cDZ0M1FlZS1BbmhTbFQ3eWVqZXloaDRiNjVET3ByckVxcTJpcXl2WDVBYjA3QVR2MFd3Z2g0ZFJQdDFVT3B6ejhlM0NyZzFfaWtiYVBzWm56YWhBNWMzNGFXYldsbEh4WUlzdnJTU05FVW9odWhzTlVqbGJuZVpMZw,0.773415,0.22656776,1.7134456e-05
2024-06-02 07:00:00,"‘Accelerate Everything,’ NVIDIA CEO Says Ahead of COMPUTEX - NVIDIA Blog",NVIDIA Blog,https://news.google.com/rss/articles/CBMiaEFVX3lxTFBNVE51RVY5ZjhXQldMeV9lNF8tYnRhdUdqbl9Nd2RxenBqLWN0cS1PRFBTYjFCaXVQQ1NhTk9jS2pzWDFhdm9TWnpDd2tyZEp5cUJGXzE5LVdKblA3Y1RLYTRsV0VCRVRE,0.9997136,0.0002417223,4.4646207e-05
2024-06-02 07:00:00,NVIDIA Brings AI Assistants to Life With GeForce RTX AI PCs - NVIDIA Newsroom,NVIDIA Newsroom,https://news.google.com/rss/articles/CBMimgFBVV95cUxPbHQ4U1NrWjJLR0VCWkF5NG8yLWd5dDRSaVZTOFJFbFc4bjBxSUdXaUlWUF9qM2U5dkhqNGtsTGV4SmlwTFFaLTNpUUZxdHVkcUltZHJwdnVSLUFCdzhlN3FJVmNZNjVHaTg5cnVsaXVrUXo4VmtNR0drQTltS1ctaXFvMC1FR1hFY1JrTVJMVFlkODlxaUZuV1dR,0.99973553,0.0002632199,1.1385836e-06
2024-06-04 07:00:00,Cisco Reveals Nexus HyperFabric AI Clusters with NVIDIA - Cisco Newsroom,Cisco Newsroom,https://news.google.com/rss/articles/CBMinAJBVV95cUxOMjVwcWtBWTBOcWxyOEZmemIwNjZPa0NqOHJSTmJWUkdGOWFCc2J5TjMyYUV1RzQtT1BaVlBGemc3akRxcXotc0xmYWQycmU0ck5KSUR4R25ydWpGSk9zaFZDY2FXQXdkdnpTdEt3eE4taXBDVHpud3ZlNjB4eE1kdUNGSnhpZ3V6bUhlcGh1YXBVMDVCeWxsYTkzOTA2ZUJFTU5IOF9JQmMtMGZDZjNjTXN0eWxQSTA2UEVkdU1zQ2tWeUxCNHBKck4taHZRZGZUYTA3MTU2bnlLNFV5aDVKa2k0SXhHSkdsWFBHeTZ2QTk0TS0teFJFbjNna0szbDdoQXJORkpvLTZmTGlnd09aQlR3MGdod1h3bDhUYg,0.9999987,1.0323176e-06,2.7180766e-07
2024-06-06 07:00:00,Nvidia overtakes Apple as No. 2 most valuable company - Reuters,Reuters,https://news.google.com/rss/articles/CBMipgFBVV95cUxPWHNuN0hiUmR4SkxmX1ZIOXR3dERGWTBTR0xVRThIWXNhUjVqbUVNdVRuZlAzUFlSd21qNjMtaDh5WHZraGYtQy1CRnlnSzlueGxNWFhIeWxMc1J0UnFLV3FHUzdNSk5CdzZfMHc2NHZwMUc2YjJMekxMdVF0eGhrMXE1S2ZMaWtsM3NOMFRXc1diT0FtdWhTYzBXYXg4eWJIQUp6WHJn,0.0061045587,0.9927476,0.0011478765
2024-06-14 07:00:00,NVIDIA Releases Open Synthetic Data Generation Pipeline for Training Large Language Models - NVIDIA Blog,NVIDIA Blog,https://news.google.com/rss/articles/CBMihwFBVV95cUxOd1drcGlnRWdWeG9CWnUyVFdjTlNvSEhudzAtSmFfZktGRXBnN0o5cHpzSmdpUWhhWGl5ZUE3VTlvOHRpeVliQ0o2RDZ4M1dyOXdvWllOM3VuTW9ma1lHWFZaS1FfTjlhQ0gtdldGYVhQdUs5OUlJMHk5elU2QnZwY3UzdHN6Z28,0.99979323,0.0002047127,2.0016494e-06
2024-06-17 07:00:00,NVIDIA Announces Omniverse Microservices to Supercharge Physical AI - NVIDIA Newsroom,NVIDIA Newsroom,https://news.google.com/rss/articles/CBMiekFVX3lxTE9PeVVKVUF6ZGYxT0pSTnpIaTlSTExpX2xLZFlxeC1hYl9naHdpZHAwaEZxTGE2dVo4UXlFM2JlVlA3NTRqS3ZGMkN3anQxdU9ZeWxLaGpUaE1LS0lPMHZXdER1WXJlckVMbDdXUUVOcjBCYmowaDI5blZB,0.99871635,0.0012741211,9.482561e-06
2024-06-18 07:00:00,Hewlett Packard Enterprise and NVIDIA Announce ‘NVIDIA AI Computing by HPE’ to Accelerate Generative AI Industrial Revolution - NVIDIA Newsroom,NVIDIA Newsroom,https://news.google.com/rss/articles/CBMifEFVX3lxTFBRajFPUDVPam80SUxNVFhTUFJWVDhENkgxVEdwSUx3OWZqRzE2WXBHTnVGWUVWajJaZDQzc0t4aEN2WVBHYkhnZTdaWW5vWllob0l6NE1sWjBqbzY1ZWt4Wml2YTN4c1ByV1drUDFaQnRMb2FiVFBqeVpiY0s,0.025359623,0.9746367,3.6760164e-06
2024-06-20 07:00:00,How Nvidia became an AI giant - AP News,AP News,https://news.google.com/rss/articles/CBMiogFBVV95cUxOdzd6LVZHWkZmZ3FSdmhaVnJVQ3F2RHh5OFprZHl3R1JUZVdQNGh5YW9KXzdEbFJyTFFOcmVLazZhOFJkTUl5NURoYnhhbTV6eXlncGd2ajFEVjlybkRYY01IOUxSZzRMcXJBZnFrVnJRd21Hc2U4X3d1N09FejUzc21iWDRhTjhxSG4yamVyald6S20zOXJOYm52Mk9ieHR6c2c,0.9971807,0.0019814726,0.00083784
2024-06-26 07:00:00,NVIDIA Unveils Reference Architecture for AI Cloud Providers - NVIDIA Blog,NVIDIA Blog,https://news.google.com/rss/articles/CBMifEFVX3lxTE1hSk1jWnVvVGg0STJ0ekgzdmNRdzdCeGJKYzRfNmQxalNHUVJjZmo0VnctQ3FPYUdCeHNWZGQtcVZLNUloSmxBQ1padVM2MFE3TE5tX196N3AzZXhXYlY0N0dBa1RyV0dYSGNBT2NpS0t2bFVPb1llQUdGMjQ,0.99996424,2.70342e-06,3.3058852e-05
2024-06-27 07:00:00,The First Descendant GeForce Game Ready Driver Released - NVIDIA,NVIDIA,https://news.google.com/rss/articles/CBMijgFBVV95cUxOTHJ2TWFTd3FWWWFIeXNoUmpnYllBVTlxM1pLSjlwVHpRTWhsTGotS1pKMUc5dVJEMEVyQ213eE45ckJ2VGdUT24zN1Fzak1VSmN5ZnlKbEt5OGZuSEFLMUZRaTAwWFBhWTh2UzUtaHBkMkg1MVM0T1JjUmtmTkN0dktROHVJY3NUVUNSZ3NR,0.898558,0.09877926,0.002662724
2024-07-01 07:00:00,"Exclusive: Nvidia set to face French antitrust charges, sources say - Reuters",Reuters,https://news.google.com/rss/articles/CBMisAFBVV95cUxQMURPZm43blpZWFhULUdHXzVYN3hqYzhGRTZwdC1xeVRIT3BTSmgyeHBzVm10TXBwc1pqbnYzTVV0SHVxUVdacGdKT0hBTEdtVWY5MTlleHdhbGZzRmMzdmZOZTJNNlZiREZGR0M4TGx6RllSVkgtUUxqQ0doY2NERFBFQ0JoX0FaTlJReFJRQnR4aW1uTVRyaHVWNlkwY0k1SmlxRktqRzdwLTJmc0hsVw,0.99835485,1.7182123e-05,0.0016279846
2024-07-09 07:00:00,Widescreen Wonder: Las Vegas Sphere Delivers Dazzling Displays - NVIDIA Blog,NVIDIA Blog,https://news.google.com/rss/articles/CBMiW0FVX3lxTE9TSEN4S2xES2p6MEE4VzNnUjlySzR4WXoxVmwxdEhOOFVJUjBBdkdkZzliVWgwdl9FRVRJRWRiMmNjU1ZRM2puVjRqS1FWT1EtcDY5Yk5jYVlPWXc,0.9999397,1.1912613e-05,4.8358066e-05
2024-07-17 07:00:00,NVIDIA Transitions Fully Towards Open-Source GPU Kernel Modules | NVIDIA Technical Blog - NVIDIA Developer,NVIDIA Developer,https://news.google.com/rss/articles/CBMinwFBVV95cUxNT3ZEbXlQWmFBU0dPa3B4UGIyaTdfZFhBYU9XNlctVmNlOW1DY09Ya00tUERvSE9uX3d6cFJJMFo3MUNEdWN2eW5DNWREaWVORTYtMUJwLTBwZFItdVkwOGF6ZGh1bUNVYVY3Y2VXSzgxc3FmZG5NNjN1cnRGZG1TVGd0UExUZTlBSlcyZDJRWUpnTnc1Q2UyLVpQSDVBbUU,0.9986387,0.0013166845,4.4674613e-05
2024-07-18 07:00:00,"Mistral AI and NVIDIA Unveil Mistral NeMo 12B, a Cutting-Edge Enterprise AI Model - NVIDIA Blog",NVIDIA Blog,https://news.google.com/rss/articles/CBMiZEFVX3lxTFBVZlZtZFdrd0JiWjNMQ2xzMjg5Z2xaS1ZkMmlmaDlNMXJlY3l0bWR3bmlMdGZVbTd1VEo0c2xsOXB3d190WUlvOV9hOUQwS1pFMHBmRjBjTkhuN2RrMlppWjRhRjI,0.9999596,1.1253466e-06,3.937978e-05
2024-07-22 07:00:00,Exclusive: Nvidia preparing version of new flagship AI chip for Chinese market - Reuters,Reuters,https://news.google.com/rss/articles/CBMiugFBVV95cUxOcUdsemxoOFpRR1RUcENqMi13VzhPMVVuZjF1a2JIY2otX1hCRVkwLWF2THNfUzhxOUE0NXRFbGduZ3JDN1BhenktQ3A1S2xnMEtfRG1PMXNxeVVJTHBheDFGamk2UVh4Z2Z0X01xOVI4QXk0LTNualJod1NxblA3RWMwbDlhWWhOX2tHQmpJMEo4aXZtTHZRMVhXWFc4RkVSMUtrT2pmdzc4WmtuZGZ2cVd2S2hjT2U5VGc,0.9996878,0.00030236298,9.881526e-06
2024-07-22 07:00:00,Sustainable Strides: How AI and Accelerated Computing Are Driving Energy Efficiency - NVIDIA Blog,NVIDIA Blog,https://news.google.com/rss/articles/CBMicEFVX3lxTE5SRkZKSTVEWUd5VnEtdXRHcWtfNjNkUkNJaDNib2hZdmRabHI2MEVEcUJnSUtwTXVPRTMxc1hwSkhTaXZwN3ZBTFZ4NFA1OE1vOFpydWFSNEZ3N0hoSU10ZWNZeHlDZC02aWY4NzhDZk0,3.853653e-08,0.9999999,1.2780052e-07
2024-07-23 07:00:00,NVIDIA AI Foundry Builds Custom Llama 3.1 Generative AI Models for the World’s Enterprises - NVIDIA Newsroom,NVIDIA Newsroom,https://news.google.com/rss/articles/CBMiiwFBVV95cUxOYldSNUdjLWNFa1h5MzQ3emJJdG9lZXUzZldnVXQxeXdHSVA4ajEyZlZ5Z3NaZm5wR2dWWjF0MGFSNDhaM21HdGJUOUlDUWJZZUlXMnVBb2VfN2pPa05uVDlzSml1bW5kcGFmQnQ2alZWTHl2R0VrMG1kWTBmMk5tUGVDUlhRQ3ByWm1n,0.9995521,0.00043793264,9.949977e-06
2024-07-29 07:00:00,"Creators to Have Personalized AI Assistants, Meta CEO Mark Zuckerberg Tells NVIDIA CEO Jensen Huang - NVIDIA Blog",NVIDIA Blog,https://news.google.com/rss/articles/CBMiW0FVX3lxTFBzQkNoOUpkX3FwajhveVRZYWdHTjhjTEZrb2MwNEtXNnFWVmxsdFVTb1lwVVFHY0lWdHJGdEY5R0IwS0FWMzhtLUc4cFBHbVVvcHV4eTM2Z1FaYnM,0.9996136,6.0338443e-05,0.00032615731
2024-07-29 07:00:00,NVIDIA Accelerates Humanoid Robotics Development - NVIDIA Newsroom,NVIDIA Newsroom,https://news.google.com/rss/articles/CBMimAFBVV95cUxQMDZkaGRFQ3FTVUZHNjIxTTFKVEoxallOeW5kNG5QQ01LVVpEN3ZMem5NbGhubDdjenRicFg4R2ZDUUljRmIyV2E0Q3ZzLVNLVDNaVVBsQno0bDF0dmdmR1U3ekxoQVhuZF8zSGdma3d4QWhJVUQxc0dGb2k4YmtlNmNuOVNmSnUxcmlDWUE1YzY0eGtOYnBQVw,1.007621e-06,0.99999905,8.589115e-09
2024-07-29 07:00:00,"NVIDIA Announces Generative AI Models and NIM Microservices for OpenUSD Language, Geometry, Physics and Materials - NVIDIA Newsroom",NVIDIA Newsroom,https://news.google.com/rss/articles/CBMiqgFBVV95cUxNNm82VFcyc09XYkxVYi1OUUxuTjhrOXFnbmdhVkdURTVFc2ttSG9rSl93emNuWWtQWTUtdklzYks1dVJJYlRQZ0d1VVd4dlFVcU5zQmZValRwZG8wMDNJVE1QYVhyQ05TTUFVVWhLY1JBR284TkJxR2c4TUFGdEZIWkhGX2l1YXJhUTl6aktwWjF1MUI1dDBVME9sMFJVWnRDS1JvUGxOYk9jQQ,0.99983954,0.00015911578,1.2624638e-06
2024-07-29 07:00:00,"‘Everybody Will Have an AI Assistant,’ NVIDIA CEO Tells SIGGRAPH Audience - NVIDIA Blog",NVIDIA Blog,https://news.google.com/rss/articles/CBMiX0FVX3lxTE55ZGhvNF9lRHNQM2dwTEo3azZIQ3lETFBpU1Jha3lQVEFUeUpYbEtsSjR3SDg3Z2lubjVqMUFvczFNUjJEREpZVFRjSUNRWHU2MjNNUkYwUnlNaWNzaWZZ,0.9998965,9.642021e-06,9.383729e-05
2024-08-06 07:00:00,GeForce Rewards: Get 1 Month of PC Game Pass - NVIDIA,NVIDIA,https://news.google.com/rss/articles/CBMikgFBVV95cUxPd1JzZFRSd1dCamdicThKc1oydDdzUzdlVFhWS3g5Y2h6dmdTVzRicmlraVdDTjV6SU02aFZ3NFphUkx0dVptbUs2U1p3TTI5SWloZFBsRUtuSGlheUJ6dGpTWS1jQks0RWl4aW91WGhQT0hZY3BUOFNBbTRNejNDM2VvRWhWbUVORkg3Q3o4aGxyUQ,0.0003029949,0.9996954,1.6308616e-06
2024-08-06 07:00:00,"NVIDIA App Beta Adds RTX Video Super Resolution, RTX Video HDR Sliders, and Display Settings - NVIDIA",NVIDIA,https://news.google.com/rss/articles/CBMimwFBVV95cUxOZmZ2WVZpM2ZrRVdmYVFhWFNIYWRDeU4tVlNNYzl0U0FnQk1aSjFZWWphYUlqcU90a2dfT0JOSG1BSUFoRjUxSGE4U2s5UUJoU19peXpySVEwVTlqZWdjN2U2X3N1RTRmVTBBWXlXYWstaW15VlpLZDZqZ3ZKenloY0xUbGhtY1RBdDJuMkhEODREdk9wUGRiSEdiNA,0.96266985,0.037318707,1.1461684e-05
2024-08-09 07:00:00,"California, NVIDIA launch first-of-its-kind AI collaboration - CA.gov",CA.gov,https://news.google.com/rss/articles/CBMimgFBVV95cUxOeks4N1otNGNYVGw1MTZoTnBZNVdfZnZja2tRZFBLMEdseWZOZ0o1aFUxVlprTzFhV00xSFVrZjY1NXFLX0phSVVMVF9ydjk2X2N5SXRVSlVsZXFFQktMNDRXRWVKbEl1cmpyNGdDdVIwS2JLanplSENKeDR0SUJPMy0xZ1dBV2pxdlZ0eWRoTGZBMTR5U0JmX2Zn,0.9996382,0.0003431653,1.8537865e-05
2024-08-20 07:00:00,"NVIDIA ACE & Digital Human Technologies Showcased In First Game, Mecha BREAK - NVIDIA",NVIDIA,https://news.google.com/rss/articles/CBMimwFBVV95cUxPLXZDSy1XSklXNXhSSEdPdHB1SDBCdF9iY0VxN3BuQlFmY3E4blU2RllZQzgxM2xOZ282OXBtZmtMUGpib2xvQkpuYU9qcnpRaXNLbHBOci1pWEtTZWtjV3NqcHpvOENHU25HelFjWEppUzMxdFFFdWkxaFJHZnluaFkzV05LTkVHSjZPaThEckhLVTdwbjAyaGdxUQ,0.99370944,0.0062774695,1.3015078e-05
2024-08-20 07:00:00,"GeForce @ Gamescom 2024: ACE Digital Human Technologies Showcased In Mecha BREAK, 20 New RTX Games Announced, G-SYNC Tech Coming to More Gamers, Star Wars™ Outlaws Bundle Launched - NVIDIA",NVIDIA,https://news.google.com/rss/articles/CBMijgFBVV95cUxPVnVneGtmRnlXQUNab00xeXotaGRCS2ZuRjRzUFRlNmFlOFdsdHhZOTdTMVNxTmNrVy1BZ0JoVXRib241RG1wSkZfcDlKZ1MtMFBxQmdoSHJjZnlsbk85S0swNGQ2Q21lNXc0TllOMXBma3JhcnJvckdxUktjM2pEZFR1S0I0YW9CdkRKWXhB,0.9327742,0.06720094,2.4930436e-05
2024-08-20 07:00:00,Black Myth: Wukong & Star Wars™ Outlaws GeForce Game Ready Driver Released - NVIDIA,NVIDIA,https://news.google.com/rss/articles/CBMipwFBVV95cUxNSXhMUmVGcVpmbHp5LUQxVl9qU1Y1R3M1UGdYYk5pdXBpeTNWaHozYnZkRTJWMmlXSzhGOEtJTVlnWHB6MXBnNVRseDlpeWF1Nkt1Q1FQWlpZWnhFRTViSnMyaGh6R3pxa002endKblBkSW1vQi1LRHBlSXM0d1A3T1E5QzFXYVRNVVZVLTMzUnEwbDBITzdqeDVDdkRJVFlqeF9OazJZcw,0.9997619,0.0002174495,2.0670836e-05
2024-08-20 07:00:00,"Level Up: NVIDIA, MediaTek to Bring G-SYNC Display Technologies to More Gamers - NVIDIA Blog",NVIDIA Blog,https://news.google.com/rss/articles/CBMiZkFVX3lxTFBjZ3ZacDQxOHdiVDlDWE9iX1pTY2NlUXJreFM4X21tVURHX1NtMnhEczVtamZpUUFJMER5SnFxOFFyQkdMYUYwQnQtbkJzZDVzUjlZS1dEZ2hxZDhZNmI2bk9vVjVTZw,0.99983025,0.00013907847,3.0600942e-05
2024-08-20 07:00:00,"NVIDIA Announces First Digital Human Technologies On-Device Small Language Model, Improving Conversation for Game Characters - NVIDIA Blog",NVIDIA Blog,https://news.google.com/rss/articles/CBMidkFVX3lxTE1GYXdjcTJGWXEzUnRHcVR3M21QUmhLSklIbk94ei1WM1hfTU1kLVI2YlJHVl9vVzN1enRLODdnbFVIVmhaQVNHb1dSd1NoLTg3WER0ZXlzTk52dTYtMkROc1NLX3lWbWs0c0tybjgyZWMxUXFfd3c,7.3992196e-05,0.9999256,4.006923e-07
2024-08-27 07:00:00,NVIDIA and Global Partners Launch NIM Agent Blueprints for Enterprises to Make Their Own AI - NVIDIA Newsroom,NVIDIA Newsroom,https://news.google.com/rss/articles/CBMixAFBVV95cUxQYzNudl9NWjQ5bnhSRDZnNTZabUpmT2JQRjZWakpUb1VLZlFfYXFHUVo0WUxkYnlCcVZsekpfWmJBcmtKYVpKcTRUT0xRMVFERHNhb2VZVG01THFPOUFDRzBBRUZGQXh6RnRTNWVtUEhWajhpcFJIVXo0cHd4dVgyZmJEMk9ub3dmOWpvdldyeGNoSGdhdlM0enJoY2VkczdYUDRRa2tIZFRaN2RKSW5fLW1wSktmWkRaVHZ6RnlqZF9WcWtG,0.9998883,0.00010849006,3.2294795e-06
2024-08-28 07:00:00,NVIDIA Announces Financial Results for Second Quarter Fiscal 2025 - NVIDIA Newsroom,NVIDIA Newsroom,https://news.google.com/rss/articles/CBMiogFBVV95cUxPX3JXMExqclZfcUlCNmxSbWNTdE5kZnBDdTZKOXhId0JsWERnVWFLVkVGcUtncGktcGZhN0tORU92cTdpejZWYTNKZVRCeF9PTkowMWZSdEZxdnJ0enROLXo3OHhvX3VNbWNQblBVVl85T3RHdER2S0paU2I5VDRoSExpa3FEbmFWNHV0NjRsZXh4ZlpuMEY0ajBJa2xnUVVFcUE,0.99972457,0.00027209066,3.3781075e-06
2024-08-28 07:00:00,NVIDIA Blackwell Platform Sets New LLM Inference Records in MLPerf Inference v4.1 | NVIDIA Technical Blog - NVIDIA Developer,NVIDIA Developer,https://news.google.com/rss/articles/CBMitwFBVV95cUxNNVZGN0pJSkNTd2tDbnlJejN2ZWVGRENmY2R4WFRINzBCWTNjN3FtSVdKUjFxVzJNUFhKampjOXljWkZ3MXdhN2d2OExoODNwN040bE5SNTZWNGFXMkI2dlJxQjV5YWVnRVB6b0pKbzFRUXUydVNFTXQzandLTlRkcVlmZ0Fvb1lDQ2JfMVVkNWFWWXlpeE13VDBqaTRFQVBna2ZyaDFXQ1ZKYlRvd1k4RU5MWVdjR1U,0.96218514,0.037798237,1.657881e-05
2024-08-28 07:00:00,NVIDIA Blackwell Sets New Standard for Generative AI in MLPerf Inference Debut - NVIDIA Blog,NVIDIA Blog,https://news.google.com/rss/articles/CBMidkFVX3lxTE4yWkI3VVd6OFhQWVJHNUFmODlNMFN6cXpjWXJnRHFRbTc0WHFHSzZsR0lSR2NsN21RNi1GQ1hKVzZoNWROc21vVDlqaG9fN28zOXQtVTlxMmwtck1RSXBNcEdDT1RicXFzX05ZY2Y4eW5GM2ZyOEE,0.9990576,0.0009339424,8.5009415e-06
2024-09-06 07:00:00,"A&T to Drive AI Innovation, Economic Development in Collaboration with NVIDIA - North Carolina Agricultural and Technical State University",North Carolina Agricultural and Technical State University,https://news.google.com/rss/articles/CBMiakFVX3lxTE45T010Z0lmWVVsNU9RRHlvZnVYVlp5RFZYTlp0SzgycXlDV0M2NEtWZUlTUXVkVndQY3RnYjIweEszNkp6UHl6eEN4QlV4QlptSHBTWVpFdkdWeVBzVTJuOTREaDBwa1ZFaUE,0.9239872,0.07599817,1.4615807e-05
2024-09-11 07:00:00,FINAL FANTASY XVI & God of War Ragnarök GeForce Game Ready Driver Released - NVIDIA,NVIDIA,https://news.google.com/rss/articles/CBMiqgFBVV95cUxOQVYyNV9tM0hMLVN0aVdKcHE0emplaFFwWi1tTFhKc3dtZVhONGl6ZTJnZ1NrcnIwYXFyc0dSbHVPTk1BTUJCa2F3NXVBRlRYN1V3MzVoWTF0akUzSjg5NURQRHV0U0tKVE9RQWZjX3NjZVNZZjEwZTB0anZ5N2xtU2lKd053c0dTYjZpY1JUcF80aHhyVUhDMXNlejlrdlM0V1ZyYjIycE5VUQ,0.9997036,0.0002787775,1.7680615e-05
2024-09-18 07:00:00,"NVIDIA AI Aerial Launches to Optimize Wireless Networks, Deliver New Generative AI Experiences on One Platform - NVIDIA Blog",NVIDIA Blog,https://news.google.com/rss/articles/CBMiakFVX3lxTE1BQVhFaVVlejhNTzJrUThpUlhWeVN5WXlYYXJMWkZ6ZWNsTjVxcU9LX2ZWaVZkSmVmNVFQY2pONV9KMWJobXdJc1VKVzBBd2tUQjNQcGNqMnpRd0pIUFEzeVAwUlFGSFB6OEE,0.05402291,0.94584304,0.00013407366
2024-09-26 07:00:00,"Wiz Research Finds Critical NVIDIA AI Vulnerability Affecting Containers Using NVIDIA GPUs, Including Over 35% of Cloud Environments - wiz.io",wiz.io,https://news.google.com/rss/articles/CBMieEFVX3lxTE9MR0xacDhwckloZ1hTME1jV0pfbC1pZzVnZ3BKTWE2UzJEaE5qbjQ0SXVVTGJHVFFPVXNiVlJydllyQzdxVGhGa2NtZ1VZRkd0MlNHdGJsU0NtZVhUMFFNdjBuTE9LTXpZcnYwLXVkQmZDM2RpYmRmag,0.9988066,0.0006767815,0.00051662483
2024-10-01 07:00:00,"New GeForce Game Ready Driver Released, Supporting THRONE AND LIBERTY & New NVIDIA App Features - NVIDIA",NVIDIA,https://news.google.com/rss/articles/CBMiowFBVV95cUxQSWdvcHJfbU1RUkgtTVBXMzI2SmRxOERpYVdRVmRhSGs4NnJQdFpjQVp1OXlyS2hjQ0lCWGNiWEVfNEg0Mk5LdFBWLXQ1WWJ4RU5BNkRBYlVWYTNtLWpONC0yaUxpeFdBWW1CMzVLTDc5VHBydUp3Z0N5emYxUURFX3Z3VVZmS2Z4RG9MZDhXc0FVc2lONXhobHc2S2tCT2VvcWlF,0.7481672,0.25164354,0.00018929991
2024-10-01 07:00:00,"NVIDIA App Beta Adds G-SYNC Controls, RTX HDR Multi-Monitor Support & More - NVIDIA",NVIDIA,https://news.google.com/rss/articles/CBMipgFBVV95cUxOQnhhS2R4cVo5Q1FGMkViaDFpeTdzVXlrVGNySlJxYnBMeVFLSEpkekUzcjNzUnpiZElJZlNkUi1NVEQwcWdWT1N1dUM2NlZQbFVETkF5LVlaU3ZoMWFZNjEwdmdyOXpuSVM0UWlJT2lFbGNpcnkyNEdEb0hUV1l2TVBtX2tiRV9XZnJ3VTIwaDNBbnpsT1dFTlN2SE1NOVp4WEdrWTln,0.0030310273,0.99696785,1.1436036e-06
2024-10-02 07:00:00,Accenture and NVIDIA Lead Enterprises into Era of AI - Accenture,Accenture,https://news.google.com/rss/articles/CBMimAFBVV95cUxQQ095c1VKR2xFcEk2VW00Y0RiMFg5Z2NaYndvSFNpVWZTOTMxRHd2R3NtejUzejRjMnlTRkVnYzMyVmNxU1dpbkRWQVBjMnRnX3FfRmQyMjZkem11aXlYMVZ1Q2ZyVXRSSDM3T2ZhWmRkOGg0S09QZno2SW05RG1BaGVCa0EwZGpBeElnUnZ1R082el9ETkZLeA,0.57053643,0.4294113,5.2282612e-05
2024-10-08 07:00:00,TSMC and NVIDIA Transform Semiconductor Manufacturing With Accelerated Computing - NVIDIA Blog,NVIDIA Blog,https://news.google.com/rss/articles/CBMieEFVX3lxTE9MVGpNUGFVM2thZHplcnJDTUk1UEx3N3VGZWlQeUMzX05DejZaZDl4RXQ4YUZEQkZJb0EtX3NCS0d3MVhya3ljYlJSQWVKVFpVc2FlRU1rU0tHdmRka1lUTkEwUDFZVzRSS0dIN2kxaFF3eUNZOTdJWQ,0.357959,0.64200246,3.857663e-05
2024-10-08 07:00:00,US Technology Leaders Tap NVIDIA AI Software to Transform World’s Industries - NVIDIA Newsroom,NVIDIA Newsroom,https://news.google.com/rss/articles/CBMirwFBVV95cUxPd2R5bEFUQk5rdlVhenBoTW5od0xfeWFGTUlIVVJPTDRFbVVaWUhVelFsSmVFUW5UYkZBbXBIUXR5ZlJyd19iTTZFcWxQMXBRWWhPdVVETVpnVVEya1dXOTlHSkJrWjhYVlJZMHBqTUprNGMtMWpuNXd4VDBNZFRPZFB4STYyNUlvdUktTFJlV1pKTFJDeWlMbENhRXFPbEVTSEJ6Zjh2WW1wZFc3U1B3,0.11929171,0.8807044,3.929649e-06
2024-10-11 07:00:00,Game-Changer: How the World’s First GPU Leveled Up Gaming and Ignited the AI Era - NVIDIA Blog,NVIDIA Blog,https://news.google.com/rss/articles/CBMiX0FVX3lxTE4tRm1LZGRDMmxwSTBtTUp3SUVva1M3bXlqeXBWVDZEYVBUSE1pQ0ViQkJBS3FuUTFqXy1kdDZJVEZ2MThDdGhqNVhkR1o1V2QtTy1jMUVBZjlhOXQwbHJV,0.9831154,0.014934767,0.0019497918
2024-10-15 07:00:00,Lenovo's Hybrid AI Advantage with NVIDIA accelerates smarter decision making and enhances operations processes for improved business outcomes - Lenovo StoryHub,Lenovo StoryHub,https://news.google.com/rss/articles/CBMimwFBVV95cUxOVHZSMW1qRk5CV1d3bnlmRVZkOVo0WFFJMXM1WGtfM0hPYlFoLWw2bDlKNVVNeDVSbUNJV25oUkNlRzJhUXVUcWNlZTUxRVV3QTJacmpJQ3lScWxaaEhMYmppWVh5dHNmVkU4UHhpYmdpNGJnRGxjeEJ2MXN4ZXFJYzdURDJORWlEVEZvMXVSZ3JwMEFRdzJlYVBrVQ,6.552166e-10,1.0,1.9907511e-09
2024-10-17 07:00:00,Pitt and NVIDIA to marry medical expertise with AI power - University of Pittsburgh,University of Pittsburgh,https://news.google.com/rss/articles/CBMiiAFBVV95cUxQQlpzcUFJWThZZ1FsUkI2STZnU05SbEdWRGp6Rklva2J2eE1MNk9CTXEtZ0lqd3o1eGtRZDUzbWZTYWlSVUlRMDZQeXROY0FzOHZjY0RTOEVpWXBFOUU1YnVOTEtlS19MX0VQU0l5VjRxaUxaMWpJa3FTZmt2WEMwVVN2VVVLejRW,0.9383959,0.06154839,5.573471e-05
2024-10-17 07:00:00,Get Ready to Slay: ‘Dragon Age: The Veilguard’ to Soar Into GeForce NOW at Launch - NVIDIA Blog,NVIDIA Blog,https://news.google.com/rss/articles/CBMiiwFBVV95cUxQNTI2TDhHYldZbG9OSGI4R0gxMncyS2ZNd29FMGswRGxveDYyem81NmttLXlrcWw0Zml1WEZyTzcyVHA1eW5oSFd1M0tZM0RoY1hYc29CNWV0elMyZ2RSbEtOVTllM0JMejlNd0NJVUxvY1dqYjBqZVBzeFpFNWFJWHVXbHpsaThRNVZN,0.99991286,6.291119e-05,2.4149083e-05
2024-10-22 07:00:00,Dragon Age: The Veilguard & Alan Wake 2: The Lake House GeForce Game Ready Driver Released - NVIDIA,NVIDIA,https://news.google.com/rss/articles/CBMikwFBVV95cUxPcWExUU8xZHp4c1pQNEdabHozZkp4X3Z3T29PZzU0dGw1RDFsLUQ0UWVhY1FHcHM2d3dsWVhEbjUxMkxSa1JIRXJvY09xZU91ZkRqc3dmdjZvWlE1dzVjMHBiRkJJREROcVZEanhJS0Y0SU1iNDNfcVdZRkVtYlFyUU5xYWFDdXhXWjNTYlV2ejIySjg,0.9997805,0.00019402626,2.5451192e-05
2024-10-22 07:00:00,What Is Agentic AI? - NVIDIA Blog,NVIDIA Blog,https://news.google.com/rss/articles/CBMiXkFVX3lxTE9RUmc1T0pScE5sXzF5UEtMVXFLU0djRWF5SEhPSWhaVGR4QlFKTGJNMnIteHBPajR3emtreDFrazRVWEd4T3lzdWhMWjBCeU5iVmdBWVVUTWtVR1VVNVE,0.9992974,7.743689e-05,0.0006251505
2024-10-23 07:00:00,"NVIDIA, F5 Turbocharge Sovereign AI Cloud Security, Efficiency - NVIDIA Blog",NVIDIA Blog,https://news.google.com/rss/articles/CBMiUkFVX3lxTE1ZRkpHMFlUYnU1cS1kcmlIWkk2WmQzWUt5OVc4dWNNNmVWcGhyX3VUWXhtYUZEZFBwZHh3a3phaVVhMDRBSDI3NDVtN2pyUmZJM0E,0.99368,0.0062694396,5.0539587e-05
2024-10-23 07:00:00,Denmark Launches Leading Sovereign AI Supercomputer to Solve Scientific Challenges With Social Impact - NVIDIA Blog,NVIDIA Blog,https://news.google.com/rss/articles/CBMic0FVX3lxTE04MnN3dEh5a0luc1lucFZ0Q0U5TFdjOHhCLU1nWUtkMnMxZnpDMHN5UzRIX1lFQzNfdnRfWjBuTFZFZDEzME05NGZGUmVwb21lVDZjLU9KNGxWblNkQVVwRjRwUURTV3NRZ3J3T1F4YlRDdzQ,0.4293727,0.5699194,0.0007079573
2024-10-29 07:00:00,A New ERA of AI Factories: NVIDIA Unveils Enterprise Reference Architectures - NVIDIA Blog,NVIDIA Blog,https://news.google.com/rss/articles/CBMic0FVX3lxTE9kb2JuRjlhNjFuRGNsekE4SGI3VHZUS1ZaUGxTWFFxRmp6a2lKaXMzZ0tFN0pHNUpyWEFRb0dUWmJJR3pXckRWdHFtWUFyUVF0M1JmcmtWV3k4U1d3OEN3LVl0bkFReW10UmwxR2NUb1NQT1k,0.9994351,0.00031572083,0.00024918283
2024-11-04 08:00:00,Give AI a Look: Any Industry Can Now Search and Summarize Vast Volumes of Visual Data - NVIDIA Blog,NVIDIA Blog,https://news.google.com/rss/articles/CBMidkFVX3lxTFBFd2FORjhkaXUxZ0xBVFhWUG1vMU5oZkFBSURqZWFDNlRfSjFzdm0xUGI5Uk9RMkdBZ00yOFRfcDltNzZxSGFJT190a1lFZ01JTFotQW1UNkJwSDRyaFlyY2Rmelg2Mk5JSHNCYktiUlM2ZFFuVFE,0.9999975,1.8840028e-07,2.2218815e-06
2024-11-06 08:00:00,"NVIDIA Advances Robot Learning, Humanoid Development With New AI and Simulation Tools - NVIDIA Blog",NVIDIA Blog,https://news.google.com/rss/articles/CBMidEFVX3lxTFBtWWZ0MVRxVGlDOHFiTlNoV3lmVlplTmlERFkwenpkeVg3SV9vM0lraEF1emYtblVyOWFhWWtGQllNdEVrRWpPSkM3Ym4zZmlrMFYwWTg5Rnl4eHZ2QkZUYVg1WnJNMjhJdHB1RnA5QV9WY1lj,0.006334907,0.9936546,1.05888375e-05
2024-11-07 08:00:00,Welcome to GeForce NOW Performance: Priority Members Get Instant Upgrade - NVIDIA Blog,NVIDIA Blog,https://news.google.com/rss/articles/CBMif0FVX3lxTE02cGFrNl9qX0NtWU9YQUNLYUpoV3oxR1BjRUVKTmVXdElTZGVFeE12d2N6N2hzNExnZGRQM3Zsdk93OFNUX2ZpNUx3N3Y1VkdSdlVsck5uQW5aRFRIZUNfdVE2UjdrQ2FiWkFZbmdYbU9SVG9LNTBmQTUyY0EyNEE,0.39858326,0.60124487,0.00017185383
2024-11-07 08:00:00,NVIDIA Names Ellen Ochoa to Board of Directors - NVIDIA Newsroom,NVIDIA Newsroom,https://news.google.com/rss/articles/CBMiiAFBVV95cUxOXzEtWHUxaGNybHhGQmV4TUdRVkFqakJnaFhoelM3ZlBKZU9uVS1BV2thdGpLaS1sUmZGR20xRjdYa0VCMWtscWMtc0c4eUoyeXo0RTlVZEVpSWEyY3g5YlV0R3BuMEs4WU1YVDNSZW9SQVc1bGpoRWY5dHI0ZFJabVBURUxaeDdQ,0.9999988,5.372086e-07,6.5262253e-07
2024-11-12 08:00:00,DLSS 3 Coming To S.T.A.L.K.E.R. 2: Heart of Chornobyl & Microsoft Flight Simulator 2024 - NVIDIA,NVIDIA,https://news.google.com/rss/articles/CBMihAFBVV95cUxONlAyUUJDUkZmaUdBdHlWZ0xXUkFnVTJXZzRzcUdtUFRPLWNwcUY1TEMwSlBUZXFKaGFMZmF2ZW40anZ4NGVuUTE3dlY5TWRybHE4dDF5WlE0TmZ2OTZLeW5CQ3h4YTJxMno4RVJ3M1VPeVBrVzVXekdrYzdDOTh2U2hpbHA,0.99999833,2.8206566e-07,1.4431276e-06
2024-11-12 08:00:00,NVIDIA and SoftBank Corp. Accelerate Japan’s Journey to Global AI Powerhouse - NVIDIA Newsroom,NVIDIA Newsroom,https://news.google.com/rss/articles/CBMipwFBVV95cUxNVWx4MFVoTU9iNXJuOFpEaEtleHlzSy1JR3lCWWtodE1ETXpEb3QwWmFJMWwtM2JFUGdaVTh1eDVCWk5KUVh4RTNQb0ZSMjRnaWlvZU5tVFdZN0V3WTE4ZXVGMGREUTZ2a1B6U1dZTDNDMzZLUUdVbnhGZmZxRDVBcGFOcVV3Tmtic25YamlMdHpNUHl0dzg5OHJfMXd6REI1TE4zbU1xbw,0.152866,0.8471289,5.0350436e-06
2024-11-12 08:00:00,NVIDIA App Officially Released: Download The Essential Companion For PC Gamers & Creators - NVIDIA,NVIDIA,https://news.google.com/rss/articles/CBMigAFBVV95cUxOaFREOWJ6Tm44UTZDd1VmTmJ5U0p4MXVJXzQ4bEY1LWR1MnQxalBWeUZyV1pQeFJxM3R3UkJialdYZzJUdHNpdXRpQmxEUElUXzEzZnBWaS1jR25IYnpvYmIyc0djU0NPQjZXdUF3UVJZa1o5Z0lSdnhtWlRQUjBOWA,0.9409764,0.058992013,3.1532287e-05
2024-11-12 08:00:00,GPU’s Companion: NVIDIA App Supercharges RTX GPUs With AI-Powered Tools and Features - NVIDIA Blog,NVIDIA Blog,https://news.google.com/rss/articles/CBMib0FVX3lxTE4waWcweTEwa1ZPY1BMYy0zR2w3NkxxckVtQktKZS13ZmF5ZzZnX2Qyeklmc0dxYXp1WGlGR29yMkdiM1ZoQ3pMQ01vaFBkSzMtcjlOMnVDR3BVdVl5WVd1dEJkQ0tFZ0hfc1NFSHVEMA,0.9994869,0.000509828,3.1616653e-06
2024-11-12 08:00:00,Japan Cloud Leaders Build NVIDIA AI Infrastructure to Transform Industries for the Age of AI - NVIDIA Newsroom,NVIDIA Newsroom,https://news.google.com/rss/articles/CBMirgFBVV95cUxPVmg4LVQzM0VxRzJCcm9mMGtnM21pbHkzT18xSGRULUk1Y0ZGMFNxZnZNaWRKcWUtVjQtUXU1dlZoT09TbG1wN0xKRnRvTUVpcExwdThlbnlmdHhnRy1CSXFBTHZCdlozREFnS3djbVNnTThubUJPbXZ0dHlPNWZVSEwwS3ZfbExJbWkzeTdwYWx0bnhjUTVPZmFlY1ZxUjhrT3NYZU1lU0hjV0lKOXc,0.011078078,0.98892105,7.8265225e-07
2024-11-14 08:00:00,Exploring the Case of Super Protocol with Self-Sovereign AI and NVIDIA Confidential Computing - NVIDIA Developer,NVIDIA Developer,https://news.google.com/rss/articles/CBMixwFBVV95cUxNRDhHSFlNTkxmX25ndkdJVzhIQWJrYmFNWFJVbHNDakZiSGVrVVRrY3A0cjI1MFc1TUZDQnRVWlBSVzF1c3BTejF0LWZXd3NSczZDdkl3MElTeDUzUWNSb0VZaFVKZnhGRUlydUF6VlQ4SXQ1Vm9aaTRLTV9jNVY5cVBkclk2aHdCSW5YNzJXN0x3WDdTbXhiWWpMNHA5SG92bVR1OTBkeW9uZWVNcGxiaHo4UnI2Q2JUTVZxQVVrc3RrcnIzUFVr,0.9999815,1.2952679e-05,5.4501957e-06
2024-11-14 08:00:00,Celebrate Half-Life 2’s 20th Anniversary With A Tribute Video & A New Look At Half-Life 2 RTX - NVIDIA,NVIDIA,https://news.google.com/rss/articles/CBMijAFBVV95cUxOMFR3NFdCZXpyMmhtVEdvSURrc2h6OGhtelB5VGVkNklTT1BWMmpjWXduS01nU0JwRDhRbG55OWk4Xy14eXZjWFZHVkJzUG9UNk1KX3NZa2JJWW80YVRUOTdMSGpYTEdyb3duTDVGcVVrZW84blRSM1otWG1uWnEtc3M5SEh1djZENkd3aA,0.99698716,0.00300566,7.259972e-06
2024-11-14 08:00:00,NVIDIA Ranks No. 1 as Forbes Debuts List of America’s Best Companies 2025 - NVIDIA Blog,NVIDIA Blog,https://news.google.com/rss/articles/CBMidEFVX3lxTE5wbGJFLTFuVTZMYjBLVmtvNXlJS1NWSjlfckxPZDU5RGVpUzBNY1QwVFg0R1N5WjBJWmEzclIySVM3YS1FZXBuRnNRYkFtajVJcTZjaFlCa1BFaGwteFE4MXZZd1Z1T1JwX21ZSzVDei15SHZD,0.9997378,0.0002452362,1.6894306e-05
2024-11-18 08:00:00,NVIDIA Accelerates Google Quantum AI Processor Design With Simulation of Quantum Device Physics - NVIDIA Newsroom,NVIDIA Newsroom,https://news.google.com/rss/articles/CBMixwFBVV95cUxNQkJZR0Z1S3Q1Q2RvcERweHpsZEFRNHZHT3VYemVrd1IzV08wd3BzUnBVdkxyMTVwMGRhczdmc3V5dE84c0xsUURzZG13dnVNLTlaUXk0ZVdMeHh2WVpsZV9GTjVoYUVsR1ItSU9EWXhfaXJTMFFaZWhKR3YzXzVBVHhXR2NpZ192bGdKTm5MLVBKS1JsRWNsQndydDNXcVdnZTNDcEM1dWlfZFhxci1nQ1ZISUZKSkhacnFSYXZXdnVYMURQdmhF,0.003085672,0.9969139,3.4636378e-07
2024-11-18 08:00:00,NVIDIA Opens BioNeMo to Scale Digital Biology for Global Biopharma and Scientific Industry - NVIDIA Newsroom,NVIDIA Newsroom,https://news.google.com/rss/articles/CBMiwwFBVV95cUxOWmExZ2J4ZEVCQ2RpVHlEdDZudXRIU3VNUC1YdC15WHFJTC04a1l3Q1RMVmhTY21GOVR6cVE5V3h0YUEzNTJFNHBFbTlzMHBxNVN4ZmhidmFiV1ozMEVaZjNqeFFIZkNaVmZMcjRzNnlsbmgyN19MVkNaNGdTTmlIbTFIVzNRek53TUxPSHh6RTFtZFF0NEd1THlfUWRiMHFjM3phQW9LOGZkNFZYMllxSWgwQ3JjY295VVFzQXpWYkdkVTg,0.98467803,0.015320913,1.0693165e-06
2024-11-18 08:00:00,Accelerating Google’s QPU Development with New Quantum Dynamics Capabilities - NVIDIA Developer,NVIDIA Developer,https://news.google.com/rss/articles/CBMirwFBVV95cUxQZU1yTlBpd0ZUc3pXVEpRMnpKVVk1bHQ1OEVZRUN3QkxneDZZQVdxT2VGUGxfRlduZWtQNnIzaWpOVVpEbXFyQk5mV1hQM19tMkdnNzQ1TXRpc1FjaGphVDNneS1HTmFteUNPM3A4TUs0ZmNHdUpfWS1uTnhXLXVsVVQ2N0VBOEtydGtCSGRxZ19RdE90dWlwV0lvUkJUR053Y3VTX1IyejQ1OEd3S1Nj,6.365072e-06,0.9999937,3.392672e-08
2024-11-20 08:00:00,NVIDIA Announces Financial Results for Third Quarter Fiscal 2025 - NVIDIA Newsroom,NVIDIA Newsroom,https://news.google.com/rss/articles/CBMioAFBVV95cUxORVRTS0xyVXRjd2h5M1VLZ3B1aWpaVkd6WWtWR2dNcjNMQ1hzaTdLZ1B1OVJkcjFQWm5wcXdnc3hTU1dGUVJFMUpOMXAxZFFxNFZqcEhRbHcxTGxfVXU5Um5FM29CaGtDMlppMVZWYmJ5NjBOT0MxSTNQb0lPSFJ1TzNyU1RaZFMxRU45RTNrRTZnNUZhLVgtODI0d1BJaEdI,0.99978095,0.00021584208,3.189428e-06
2024-11-25 08:00:00,Now Hear This: World’s Most Flexible Sound Machine Debuts - NVIDIA Blog,NVIDIA Blog,https://news.google.com/rss/articles/CBMiaEFVX3lxTFBBRTBuUmswYkxPSmk3aEpGa1h3ZGZEOFU3RnlkSHZtM3dORlFOcWFvZXZYaW5sSGQ1QXg4MTNoMlVYZVJpeUdodVhyRW5vUlNZLXpydGJPYktCNG1FRzNZa2JuWHZWaVZH,0.9990584,0.00086493045,7.668217e-05
2024-12-03 08:00:00,"Latest NVIDIA AI, Robotics and Quantum Computing Software Comes to AWS - NVIDIA Blog",NVIDIA Blog,https://news.google.com/rss/articles/CBMifEFVX3lxTE5taEI3Q3pJRE1fallMRWN3anF4WnhYRXUzcmpoeVhiQVBFazhwOWJfcGNOd1dwT3Z5WFFqTk53ZXZGQVFqaE11VkpYVzZ1YnhhM3AwVUVCeS1BakJmQjlRbTBHQ2lCRWY4NmplMFVTQk5WejBUMzR3bjhENzc,0.9998994,9.150145e-05,9.084494e-06
2024-12-03 08:00:00,Introducing NVIDIA cuPQC for GPU-Accelerated Post-Quantum Cryptography | NVIDIA Technical Blog - NVIDIA Developer,NVIDIA Developer,https://news.google.com/rss/articles/CBMiqAFBVV95cUxQRlZwRDItYTdXaGd0SnNUY0pwMU1jU0tzSmJGbmw4R2hic1lLLWl2S3NwV3p1aU5abzlqeC1RdDZWTkYtT05uX0RKRUxzUnQ5UHh5WnpvVGhoUzZYeklSckE5cVpLZzRGZk1IeTluSGlTUm5ETXZHVHJnS1BXUmxWOWJLRF9Ib21KRFJzN0RPblIwZi1ZWHNhdzBCZzljdkY0bmllaXBuRzU,0.3987661,0.60120475,2.9163775e-05
2024-12-05 08:00:00,Indiana Jones and the Great Circle™ & Marvel Rivals GeForce Game Ready Driver Released - NVIDIA,NVIDIA,https://news.google.com/rss/articles/CBMinAFBVV95cUxOR0NTSk9aRUtmVDZTX3FWZklDQzZSOTlucDJnVHdHRGhBdHQyQzB4NEQtekg4WENOZFZvQ0R3Vmp3c29acktNdzcyejhVVEpES2k2TDNpeXNTN2l1MTc0LWdpcXZUTzRiaWZDR0xIU0R0Q2dGbVlzSjNIcDVxYjFLRlF4bmlZdVpuQ2xtUlY4cnJfVG9CWW5CUEpFTUg,0.8912813,0.10820742,0.0005112867
2024-12-05 08:00:00,NVIDIA to Open Vietnam R&D Center to Bolster AI Development - NVIDIA Newsroom,NVIDIA Newsroom,https://news.google.com/rss/articles/CBMimgFBVV95cUxPRTNWbVEycjcyRm1IcWx3WUdfSFhOVVFZMmV0dDBEdkdtS1FfTHBFdE9sTW9uYlhnR0t4cGJVOEU1UjlybnNJam55MVBseUljZ20xUjFuZ2JId2ZiZkJ2NE5GRmpqVHU3U0xyajhUWXhMcHVjRjV4bEJPa1pmVzFRQS16N2pVa1J0YTVwWWVsenFjWWtONjl2RF9R,0.020768598,0.9792284,2.9772737e-06
2024-12-05 08:00:00,DLSS 3 Multiplies Performance In Indiana Jones and the Great Circle™ & Marvel Rivals This Week - NVIDIA,NVIDIA,https://news.google.com/rss/articles/CBMinAFBVV95cUxPR3RXU1Y4Tm1PMTdNRGpmUjRBRDZSYU9qeFdDWU5xSTk0Y0tiUDV6UDR3TGg0U0FaSi1RdjdrMkljV2NjZnc0SlR0U3Z2d3hHT1VsVDd3bTRHQXFHaEVxSHM3TjFfaUtDckMwUXBwd0ZCWFUxaE5hNXpaWkw0Y3JLa3hTSjZKUk9xOVpoQjJIZWNxRFNReUlJeG1iVXI,0.99977034,0.00020126638,2.8359744e-05
2024-12-05 08:00:00,Spotlight: Perplexity AI Serves 400 Million Search Queries a Month Using NVIDIA Inference Stack - NVIDIA Developer,NVIDIA Developer,https://news.google.com/rss/articles/CBMiyAFBVV95cUxOS0dIbzZnOG1lbkxHMlhxQmVHbWRMc2ROTU9OMFlCbzBRZUg3aG5neFdRQ0lOdUtuV0RLbDJtWm9OTE5zUE9RUW1iaGx4YXlndGhTbUIxRUJvQ0hvaDc0a0k4eUh6X1VJS0pZZ1l3cHdEdVMxaWNhV3Z1X1llX0lDUEpjOU5zaHMtRlpEd1QwdmFWTGNxNkUxQ0FUaXlUOXEzM3lUOFJDWWlUajNVakZDaUs0NElfbFV4ZDRINHFYN0tmN3BadUtkTw,0.9999925,6.805462e-06,6.87147e-07
2024-12-09 08:00:00,"NVIDIA GeForce RTX 5080 Graphics Card Specs, Performance, Price & Avalability- Everything We Know So Far - [H]ard|Forum",[H]ard|Forum,https://news.google.com/rss/articles/CBMi1AFBVV95cUxNeGg5eUlsU3NIZTExVzlOV3o2LWM4NFNUMzZmQXpYM0IzZFVJZm5kOTREeWhhZ1M4N08ydFNpUmpPMjRxOVFveEZrY2NPS28tY1dCSDRRbUxTMFhIVXdMU0dJcnY5d25EVWdoNUtzWjFYVHYxclU2bFNudHFHNTQ4MWdRZmdKTFNjMmpyaXpsbU5NUFNsTlJ1Y0N4UlBDVEpNWjFqNmFMNGk2SXVqRDlCYU5pcFBGQ0xOV1FxNmk4Ym9acjBVbWNVc2NjcUQ5akpfTzc5cw,0.9999819,1.5760987e-05,2.3560417e-06
2024-12-12 08:00:00,"Jensen Huang Keynotes CES 2025 On January 6. Before Then, Win Prizes With #GeForceGreats & Join The GeForce LAN 50 Online and In-Person - NVIDIA",NVIDIA,https://news.google.com/rss/articles/CBMilwFBVV95cUxPV2VibEozVW1fOWFiejV2SVVsZFFPM1lRTllGcDY3alg3dkx4QUtkeEhlRi12R2lJeEloRk1ZaFJOUUFUb0dxMnFabW5iX1ZDdE5vZ1lhY3ZuRmd3eUhER01DYktYNWtYSE11bllfZTNqNnZ3emh5UWVjMlJpRHlzY2FTZkZCWDVlbzd2aEZkN3R6M24yc0pZ,0.99987674,0.0001159469,7.329139e-06
2024-12-17 08:00:00,AI in Your Own Words: NVIDIA Debuts NeMo Retriever Microservices for Multilingual Generative AI Fueled by Data - NVIDIA Blog,NVIDIA Blog,https://news.google.com/rss/articles/CBMiXkFVX3lxTE5QbFdyZ0xadkdXeVFSQjhqbmRKZFF4TnlrM0ZQdGlIZUttRUFZakVLSG9seDJqa3dHb05ZeExvck94Z0RYbWtmRGRDenBFbGlGRmh5SjZyeHBhVzNXbmc,0.9999757,2.0690482e-05,3.524761e-06
2024-12-17 08:00:00,NVIDIA Jetson Orin Nano Developer Kit Gets a “Super” Boost | NVIDIA Technical Blog - NVIDIA Developer,NVIDIA Developer,https://news.google.com/rss/articles/CBMilgFBVV95cUxOLVloeU5wbmNkS3loRWxocjRaNm92RkZOOUNROUtsNHpvR2s4T2gzX3NXdkdkVmZXTzBXTWNpY2U3Y1daT1I5TTh2bWhyS0RGMXpmbjctZUNTTF9rS0x0MUxaVm1yeDQ3NE9paFVNX1VvX3hvb0stSzA1QTdVVlQteEFxaXM1eHlSRE02cTkybnFjdzhfeHc,0.0058450755,0.99415004,4.81703e-06
2024-12-17 08:00:00,NVIDIA Unveils Its Most Affordable Generative AI Supercomputer - NVIDIA Blog,NVIDIA Blog,https://news.google.com/rss/articles/CBMic0FVX3lxTE5tTGlKLVU0akd5emRXQ3oxRC10UEJ2SjJLN2tkUUh6cHM4SWljTS1YRGluc1dnSXdLdGFBVFd5WlpFOUU4OVZQQU9DaTBfdXpIb0ZvOTRLNExIUWltdS1WZUNGbzJUU3NLcFZtbDY0OWRjVnM,0.9935149,0.005585825,0.0008993022
2024-12-18 08:00:00,NVIDIA TensorRT-LLM Now Supports Recurrent Drafting for Optimizing LLM Inference | NVIDIA Technical Blog - NVIDIA Developer,NVIDIA Developer,https://news.google.com/rss/articles/CBMitgFBVV95cUxNV283TWpSUlk0VWpMRThRUmZ2SXdyRl92SlJJY29qaFg0aVBkcXcwNzM4VG9nQ28tRjMzM0pMdEFtR0xyVTZiZE1uZXBYSjZ1bVdVZ2ltM19lYl8tSDJyc1BpcEd3LTRrN01fc3RJTUFWQUpZV1hzU21NckV1Z01rWWg2UERmYVdCU1FsZkJ2XzJzQVA0eUdRNm5ibEd2Y2k3WjMyM1cwMXRwVE5tTW1ic1FvWnQ0QQ,0.99901783,0.0009790575,3.052024e-06
2025-01-06 08:00:00,"CES 2025: AI Advancing at ‘Incredible Pace,’ NVIDIA CEO Says - NVIDIA Blog",NVIDIA Blog,https://news.google.com/rss/articles/CBMiYkFVX3lxTFBYc3Fnczh3UXhyQkFMUGk0S1pPUHJreGdSd3AtUWR6NkVVSTNzXzdMZGNYdVR3TGlVU3BfOFJqR1pOcHdaSXdGRGZCd3hJY0NMMGpJbjhiRDhXRDJockVWNk53,5.129269e-06,0.99999464,2.9123987e-07
2025-01-06 08:00:00,New GeForce RTX 50 Series Graphics Cards & Laptops Powered By NVIDIA Blackwell Bring Game-Changing AI and Neural Rendering Capabilities To Gamers and Creators - NVIDIA,NVIDIA,https://news.google.com/rss/articles/CBMinAFBVV95cUxNWWxmRkhGaUs5cUstSHVFalJ0cGhQb241QURpNy05eVFSaml3cmtVbGxUaWJ6OEp0d1Y5WjJ5ZlVMVmlzeEJlNUdKcWFkYXEzeC12QVcwYVpVSW1sNklMRENTN052LVZ3MmJYNXFJajVaLVJsd0puTjZ1Qi0teFhTX3VhYU1oMXN2RmtUS2NUdVFpbmE1WHc3bDRjWjg,0.026590422,0.97337985,2.972465e-05
2025-01-06 08:00:00,NVIDIA Reflex 2 With New Frame Warp Technology Reduces Latency In Games By Up To 75% - NVIDIA,NVIDIA,https://news.google.com/rss/articles/CBMimwFBVV95cUxPNzRzN0JidmtBbXU0ZGlfa21sRjhoNWhTdFJDZ0xMSVJPcHJOZzgwTGhrOFRxSWJfS044dkFZaGNad08taDdMeVgza2MtUEh4bWcxTl9Ua3g2M3UtNkdYcXVDSHo1Qkd5U0R2TWNVd3NITHRxVmtfSVE2NHNxS3YwdGRsSVhRYnVhWjNvUERPYnRpZ1l2YTB6a0swRQ,0.0014624554,0.9983619,0.00017572132
2025-01-06 08:00:00,NVIDIA RTX Neural Rendering Introduces Next Era of AI-Powered Graphics Innovation | NVIDIA Technical Blog - NVIDIA Developer,NVIDIA Developer,https://news.google.com/rss/articles/CBMitwFBVV95cUxOUFJ4TWNXWHFta2dvZVQxMTE1TmNCUUtKR3Q1TElVZzFOTVZkeFA4ZTBKSzY3WExySXBqSFkxZjhwcERwVGlkcS03djN3QnlWRUhrdTJ6VEg5d2M4WGFWUmc1TExNaG1tak8zX0xQU0NLMjVJOXk4U0NWaTRha3VicE1Wa0tWNmFHT3JMcmMxRDA2UF9OWUVOajdwNFhGOWxNUTRfNC1KZDZkVmhDQk9Pb0ctbnBBMUk,0.0013215507,0.9986731,5.3297285e-06
2025-01-06 08:00:00,NVIDIA Redefines Game AI With ACE Autonomous Game Characters | GeForce News - NVIDIA,NVIDIA,https://news.google.com/rss/articles/CBMiowFBVV95cUxOZERXcmxSb3VPOUh1eDF3d0NzamQ4dWRXcmJyYmY0czZKMFcwUmswSm5WVUh5U0xlNEVMR3BEUW9kOGNRakdOdWQwbzdVVzdLZnRjdXl2SHRnX1BFaS1VOExtVDJKWkpSRnhrUzEzZmgxU0QzVDY1cm5FRDAzLWRnMVRGeTl3UC1BTlZOdGM4ODRwUFVoLUV4THZIdlUyMFBmaU9z,0.2956202,0.7042336,0.00014623834
2025-01-06 08:00:00,PC Gaming in the Cloud Goes Everywhere With New Devices and AAA Games on GeForce NOW - NVIDIA Blog,NVIDIA Blog,https://news.google.com/rss/articles/CBMiYEFVX3lxTE1sb2JGVmJGdW1FU2JKYUJPOW5NNEtPNGlmUHUxSnN3eklWWjMxbUE4ZWExYTNDSDRWZGVhWElyN1pXenljV0ZLaWluT1hFN2JBWVJVQzdpSHZtS09QbXVzWA,0.99830973,0.001464013,0.00022620916
2025-01-06 08:00:00,NVIDIA DLSS 4 Introduces Multi Frame Generation & Enhancements For All DLSS Technologies | GeForce News - NVIDIA,NVIDIA,https://news.google.com/rss/articles/CBMijwFBVV95cUxOWlFaV0FXRmRBX2N2OVh5MkFZNHpFT2hna2h3U0p3SUk2RHh4ZWJPeks1dkFWcTFCZUVFVHV5N3pOTDFFVzlBYmhfRGlUSGZqdkpROWJNOXNQSEhQeWVXM1RXa1FYM3NvdmN1ZVZiYVpIQ0FXbXhweWtxMzlVTTJYQjV4SS1hLXdjbUFPQU9HZw,0.5696836,0.43031174,4.704558e-06
2025-01-06 08:00:00,NVIDIA and Partners Launch Agentic AI Blueprints to Automate Work for Every Enterprise - NVIDIA Blog,NVIDIA Blog,https://news.google.com/rss/articles/CBMiYkFVX3lxTE9jbkllQ1dKd2F1Mjg2WTA3bmEyVEtPdmRRMkFqVVJxSFJGYk1sc1hST1FtUm5XdVNIZXRrbDFWdDdmLXF0TWVZamUwWnVMcGZVWVM3RFlDSTlCbzZTMm9RTmNB,0.99685776,0.0029887925,0.00015339495
2025-01-06 08:00:00,NVIDIA Launches AI Foundation Models for RTX AI PCs - NVIDIA Newsroom,NVIDIA Newsroom,https://news.google.com/rss/articles/CBMijwFBVV95cUxOQXF5aWVYMmp5Mjd2X3A1anhMWFlGQU1DQmJZS3RSRzE3d1FRbUV3WkR0RXlOQ1dWTkI5c3h1Yk82SE9yb3FhbGVJQUlrd1dBaUxyUXQ1WjhOc3QzLXJtV2RvS25KeGQxRGNIdW1OTkF2MDU5QXduNzFVTHVwYUp6N3dpZ21sVnU1NEw3eHlOQQ,0.99990904,8.780723e-05,3.0547935e-06
2025-01-06 08:00:00,NVIDIA Launches Cosmos World Foundation Model Platform to Accelerate Physical AI Development - NVIDIA Newsroom,NVIDIA Newsroom,https://news.google.com/rss/articles/CBMixgFBVV95cUxObksySUZlancyRHo2X1kwMUhzQTdaMjFmNU5ENnRCRDQydldmRWhpa1VUcW9KOVNaTkFhdW5Gc1M5RGVuaDJsWHQ4b042TTVUeVNGd2t0ZFNPNHNEQWM1OU1DMlVkeDFSLW9fOGFjRUhsb3dBbVprbHFIc0JGRmR0QVBrNWc5aXp0dU1LdE5ZS05taHhFblIwMjlld1BCYUdRRW9rdUFmN1hfTkhidVFMenU4UEpMWDFKM1hKQ1NHTmFJSWRvc1E,0.006670153,0.9933264,3.461674e-06
2025-01-06 08:00:00,NVIDIA Blackwell GeForce RTX 50 Series Opens New World of AI Computer Graphics - NVIDIA Newsroom,NVIDIA Newsroom,https://news.google.com/rss/articles/CBMiswFBVV95cUxQY2JJcXRZeEN0VG9pT2Vwd0RadTd1MkFiTjFfbmpISFB1YTJCUkYyeXBob1RsdzZTT3o5NWRKWWNPMkpZM2V4U3VxTFFlcnBMZnRNbDVWNjFjSTZKLXRUcktPelY4cURTcC1HYXdQQUhvVUpVT0NBMWJvMDJCb0JiMm9iUzhKUk5vSlpEYXphTmJjbXYxVUtFUWRVV1JxUUJmLTIyT3I3ZkhmQ3Q1QUM1LTJJRQ,0.99975795,0.00024142522,6.4683303e-07
2025-01-13 08:00:00,NVIDIA Statement on the Biden Administration’s Misguided ‘AI Diffusion’ Rule - NVIDIA Blog,NVIDIA Blog,https://news.google.com/rss/articles/CBMiUkFVX3lxTE5ZWjRkbHctalQyU2NLS2R1aVpoQUJXQkczUFNVeGVuTmtUeVA4d20yLUk1ZHNNWU1yT0NLelVQSk9uZXJZQUdWS0podm9vYlY0bXc,0.0064373543,2.5452941e-06,0.9935601
2025-01-13 08:00:00,"NVIDIA Partners With Industry Leaders to Advance Genomics, Drug Discovery and Healthcare - NVIDIA Newsroom",NVIDIA Newsroom,https://news.google.com/rss/articles/CBMivwFBVV95cUxNSmRrMzFkZDI3aHBEQnVMY09RSXpoSnQtblpUck9sbTljRjdTSlczU19WZ3NtemZqV3FDMW9pQVFGbXdvRXI4WS1mblpxTUN6QlZKcG5icDJ1RzF1eHZKS2tOZ3MtTEtSSlZnMlA3WURVZWFlWkFPTDR0T3BkUFB1RXFHT2JGWjBaZ1ZKbWRvTkVGbmtQZHFVQmRiSWYwQlpDVWhTeFRKZ2ZvRExEbDNQN3pGclJlbmlkQmE2RXVubw,0.9857129,0.014275125,1.19397055e-05
2025-01-14 08:00:00,GTC Quantum Day to Illuminate the Future of Quantum Computing - NVIDIA Blog,NVIDIA Blog,https://news.google.com/rss/articles/CBMiYEFVX3lxTE41ME94Q2l1R3JnS0dTeTh0d2FTWFU1S3d2RmRGOTFkeDVveFJQTUJvQmVwRGVwbVZJTktLaG1TckdpODB0YmJOTEx0VTF1N1RNME04QXdmYmVVWjhIVTMxYw,0.9980142,0.001453236,0.00053255976
2025-01-27 08:00:00,Nvidia says DeepSeek advances prove need for more of its chips - Reuters,Reuters,https://news.google.com/rss/articles/CBMipAFBVV95cUxQQXJMTXBvV3hqOEZSM2dzcnUyYXdOZHlOcEdsa3kzLTJqekRGemdjUUpjS0R2OVpuWFlPSUx4OC1CTkxuQXRPd21KV2cxSTlFS3lSeHV3a3FtNjg2UEFFYWhvTEMtdnRfUzRSNnhVRWdBYVVfT0Iyd1NMaDRxTkVQTUw1MC10OS1uMTBwdW52bzV3NmRtYlduZjZkRTItMnFCODFBTg,0.9985831,0.0009981008,0.00041873995
2025-01-30 08:00:00,"NVIDIA App Update Adds DLSS 4 Overrides, New Broadcast Update, Improvements To RTX Video Super Resolution & More | GeForce News - NVIDIA",NVIDIA,https://news.google.com/rss/articles/CBMijAFBVV95cUxPQklDekZDZGdTZXRFRy1oblhGTVZpWmtySHdESVV5VlYwZE5sTEY3N2kyYVNDVS1PWVZIUmp4cy0xNVp2RGZQVUs3RVNNdUtwRWFXdlEzaU8yeXRQOEdkSFZxOXRCQU83TnI0bjVXUUlqM2o4QTNzb2lOeHppVjltUTJ1aEJNM214QVVVTA,0.00076214457,0.9992373,5.570064e-07
2025-02-06 08:00:00,Get Started with Neural Rendering Using NVIDIA RTX Kit | NVIDIA Technical Blog - NVIDIA Developer,NVIDIA Developer,https://news.google.com/rss/articles/CBMikwFBVV95cUxOS3V5c3NiUFNPdjZnS2VCVGhwNFVkQ2xYN2N4cTlzZXlYN1dVbUNqRVZsQ0k1cE5hRkpPdmxGT0FtbGtYMGtYS3FFaWh2S2tMOVYzNVBtZlZSY1E5UFFzS192bERjc3oyVXRuaHZtSEZEX1V5Y3NxTHkwVE9YNVhDeWxsNHNseXNfMFgzd3IycVBaNE0,0.99999654,1.3338085e-06,2.205053e-06
2025-02-20 08:00:00,GeForce RTX 5070 Ti Game Ready Driver Released - NVIDIA,NVIDIA,https://news.google.com/rss/articles/CBMihwFBVV95cUxQbEJzUFNrempjSWZBSUFfVWRFb1d6Z0FsMHFIX21Nb0o0LWVTd3p2cGVRUUJ6MUFMcldJczdFZXF3NjRWTEVXSmZLVjFqLVVtakc1My1CVGRtSWFuMUR4U2ZQRGQxb2pnQ2pzVkpMYmw5aVRGT3ZVbGIwWmRlNGdhMkY4RFpzWEE,0.46472913,0.535008,0.00026283608
2025-02-25 08:00:00,Cisco Expands Partnership with NVIDIA to Accelerate AI Adoption in the Enterprise - Cisco Newsroom,Cisco Newsroom,https://news.google.com/rss/articles/CBMi3AFBVV95cUxQMHdKcDZOY0NNM2xGa3Vzc3l0a2NmOTdRNlhUTWNuU2oyLWdjRUljSDF3WXFSLTMzNDdoc0x3ckxEbF8wSjVEYlV1NGVlS1JUOS1ieGNYdDBsRFE3RGlmdXI3bjVDUWVtWGdQOHdpQVZ1U1BRM3F2YXBjSExLTWlqam5zcU9LN2haRkUzWGhFaV9zaHNaNFNnYmt3aEtrMHNOM0lqQ1FKSGh1eklNSlpiRmdmaVRFVXRPdU9tZ2pNTjlJRmJ4a3VMaHJuN1JTaEhPM0RGOC1nSHl5Tmpa,0.0024159448,0.9975834,5.378828e-07
2025-02-26 08:00:00,NVIDIA Announces Financial Results for Fourth Quarter and Fiscal 2025 - NVIDIA Newsroom,NVIDIA Newsroom,https://news.google.com/rss/articles/CBMipgFBVV95cUxNYkVxVm13UHFIRVhCQTFocG5YZ2h0X1YwYWNpYTFDclI0TUlqZlJpdHJqeEV0OHRwX1F2SWVMc01seDNPSVdNWU9ES1NRbnNRQ1ZyRWdxa2xtRUtJcURPSkxTcFNWYTVGVmFNWFl6THVlVzloRlNfQndJWWJMcG9OaVlsWjNaYUQ3dnJLeUg1d2tzdHhIcEtwdm5vcElFT2p4SzBiWTJ3,0.99964166,0.00035635926,2.0183668e-06
2025-03-17 07:00:00,NVIDIA RTX Advances with Neural Rendering and Digital Human Technologies at GDC 2025 | NVIDIA Technical Blog - NVIDIA Developer,NVIDIA Developer,https://news.google.com/rss/articles/CBMiuwFBVV95cUxPM0thUlhWQ3VWd3RuejNraW12WUVJMnI0c01oZXkyVGR1RE96YVh4bV9wX0hlQzNicmlKQzRXY1RnajdSWlVBTWdhdlNjUmVaQnM1Y3hkdjZWaXM2bE1BTmpwTll6Wkh5bkxWOHNNbFVzTU1iN0xMdGRQZGswandsVXNVNUJGaXdZLTREZUJtNmxfb1cyR0VVUzhER2JTYURaQVhDbnpySlNCZnZkeE0zeS1UMl9LMy1ZUmdn,0.05548098,0.94445366,6.536027e-05
2025-03-18 07:00:00,NVIDIA Blackwell Ultra AI Factory Platform Paves Way for Age of AI Reasoning - NVIDIA Newsroom,NVIDIA Newsroom,https://news.google.com/rss/articles/CBMisAFBVV95cUxNTk1WeEdzYTZnX1ExNk9jTi1HYVZsM0xZRV9lNXJ4X3N2RHBLakI3VWR5Z2lMYlM2YUExbG1YeEdUeWFJYWZ0RWtsaGFiMWQxWXBVRHNHNW9yU2lzQTRadTVjN2stdGxwV09pTUlQTlBYRWlJekdGUlBtSmduMmZNOEFxU2RENVo0Q2NVMHZKRjZfdkpiLVlZWUpIZDEtVkNiS0dGdHNzWkFKNjByYThjSg,0.0005257356,0.9994741,8.059974e-08
2025-03-18 07:00:00,"NVIDIA Dynamo, A Low-Latency Distributed Inference Framework for Scaling Reasoning AI Models - NVIDIA Developer",NVIDIA Developer,https://news.google.com/rss/articles/CBMi1AFBVV95cUxOZFlYTlRURWtqOFZvXzJLZTdqTVZrNmgwdGFVT1hvYWtkQjE1QzBNb1hmNWhSY3h0eTZxc016QlZqeXAtd3VUMFBwSGVqSXBlcDBzQXZ3VndTTVdPVm9PUGpMOVNkN0FjX3hkdXhSSFdRV2hTSU1Kb1c3M0VJTXpqbjhSWVdIMnhqNDctR0VzTXRIOFNQVndSamlqZU4wcDJhYlpqSDRiTDlxazRpaVV4WnI4bnB0dVgzWEFCd2J5WkFBWGRnUFNrZjFxME5aSFJWek91RA,0.9659431,0.033909723,0.00014720629
2025-03-18 07:00:00,"Half-Life 2 RTX Playable Demo Out Now, NVIDIA RTX Remix Officially Released With DLSS 4 & RTX Neural Shaders - NVIDIA",NVIDIA,https://news.google.com/rss/articles/CBMilwFBVV95cUxPZVZZVzZGUkhtOGRLZzZJMks3WjRxRVRTN1RCLUUxc0VwbGl0dkdnNmZvMUs3c01HUWVoczZCSEcyZ1JzaUtRN3RGSE1Kc2RkQy0tcmtHYjFsR1FObXM0Y2xqekxfa2JzZm14UWk1cTA5Sm5Db01hakVEaEJWUmY3MzRYTWloc01zWDVNZzV1a1hkdDZPNEdn,0.99981505,0.00017549742,9.571262e-06
2025-03-18 07:00:00,NVIDIA Omniverse Physical AI Operating System Expands to More Industries and Partners - NVIDIA Newsroom,NVIDIA Newsroom,https://news.google.com/rss/articles/CBMivAFBVV95cUxQeWRRNl83R1NwRTVucTVrZGl0blhlclhWZjRGS014WDNmTEwzZUdjUjNSSVVvSVNkUzZ0Q0ZpX2lBMzJJcWdTemwwYzV3NDlOVi1JaFpZQ2FjNi1CdWJ2SjNLMnZQUEpmSnh0eWN5ZmRxRl9XY1I3THBSaGxnSmVtbUI0SFZZTjU1N3R0T1dlbGpjR0lkUDV4SjhjN19Yd0ZxVC1NdGp0R3BFaC1ZNEl4TUl3dFMwQ1BaekFlNw,0.00088813936,0.9991116,2.5337326e-07
2025-03-18 07:00:00,Microsoft and NVIDIA accelerate AI development and performance - Microsoft Azure,Microsoft Azure,https://news.google.com/rss/articles/CBMipAFBVV95cUxONFhfai1VblJVUU5PS05aQmpaQjV6UVd1ckZWM1lOZ0ZwQmVvWUs5SWVocWMtQk9vZFZPWUQ5RDlGNnQwRmhkeUVPcFhVWmszYTNDUmZHLTc2VWp4LUc3Z1JYVy1RdlZuRExRUXUyRGFoWGFUZklyaFJKOFU1ZWotVnZxV1Zxa3RZckw2QVpzaFZqN3ZQQTI4ODk4YjkyNVlrTVN5ZA,1.0211698e-05,0.9999896,1.7852028e-07
2025-03-18 07:00:00,General Motors and NVIDIA Collaborate on AI for Next-Generation Vehicle Experience and Manufacturing - NVIDIA Newsroom,NVIDIA Newsroom,https://news.google.com/rss/articles/CBMi0AFBVV95cUxQZzd6aUZUaUdDX3pZdmRZNWtMNGZnQmNoRmF0U1ItWDMzbFlJb2drODRIa2tKM09xNU93Qk9nMkZqZndZX0UzUWRZUi1PUmRpMER0RHdYTGJycUVubDVkVXd1X1ExN0ttQU9Xd2hZN1Z5c0pGYnJ3UW51Y2lfYkFDSXljVE1UcnVyR3R4SEFNVWplN0lzdjlZbUZFVzBHQXNtS0xYcGd2WWdDVDdlYVJSZHU5d1d1bEE2S2pqZEV2VGkwRl9qVXdIT1VrZkFFTzNX,0.9998011,0.00019007297,8.761085e-06
2025-03-18 07:00:00,Cisco to Deliver Secure AI Infrastructure with NVIDIA - Cisco Newsroom,Cisco Newsroom,https://news.google.com/rss/articles/CBMingFBVV95cUxNTnRYV2VJOUpvUFlmYVMxYTBNcnZVd2tBV2NTaW9hbnNCbUlFS2V4WHduOGc1cjR4VXNEb0w3VDQtN2hTajAzWUFlUGRiSkpsNERzRUpPOVRJUzdOY3FMYmFHOHJuLWpQTlctVzVZRlJKMkMwazgySXdvUTBWVmtrZmpmbUFBWVQzMGcwWDBYUVVJQnllSF9ZSTlpNWtvQQ,0.06342376,0.9365369,3.9280723e-05
2025-03-18 07:00:00,NVIDIA to Build Accelerated Quantum Computing Research Center - NVIDIA Newsroom,NVIDIA Newsroom,https://news.google.com/rss/articles/CBMinAFBVV95cUxQRlcxYzlyNTNNbVoyTEcwUE0wZ1RGNERBc05lcjlKVWY4VDI1QXVpNjI3NDMtTS1IazBnd0lRNjJhV2FTaXNxOURvX1RzZzJLVzlaNmpocVpBeWhGV25pd2c2WGxNaTM2cHV6RHFHZGNsY2pXX3BlM1hBZmxaVUZxNG4yM0NHXzRLTDhMeExHQ0NiNThzV0hIRkx1VlU,0.99903214,0.0009636443,4.328367e-06
2025-03-18 07:00:00,NVIDIA Launches Family of Open Reasoning AI Models for Developers and Enterprises to Build Agentic AI Platforms - NVIDIA Newsroom,NVIDIA Newsroom,https://news.google.com/rss/articles/CBMi3wFBVV95cUxQZFVNcnBLVUxDODdySTVaM09BaWJnc0dWdUZjeUVVQS1rQ2Z6c0hPLU9kQUFlZ08yclY3NEpfX0Exa1VwdURrTHJlR3FuUHBRRVJRQ1d4eHdhS3VPMjlkWXEzbUxBc3hHZWF2bktDSWFnYXplVmxlM0NzYzMxUUVhMTdERnY0cTJ6WGJ4NnhHZmN3V2pjdXgwTzJqYkZnMjFJUy1SRWZWYlZQbU5qNmJ3RF9wUDY4SzB5aGhiT0plajdISkpYNkFnempxWjZrbU4xMVRrb3hBREd2S0dreUVB,0.99064213,0.009341111,1.6775617e-05
2025-03-18 07:00:00,"NVIDIA Announces Spectrum-X Photonics, Co-Packaged Optics Networking Switches to Scale AI Factories to Millions of GPUs - NVIDIA Newsroom",NVIDIA Newsroom,https://news.google.com/rss/articles/CBMipwFBVV95cUxQUTNKenhxbEhuZnpaYzJIZEVUd2pqNmM5TUtVbUpBS05DVTRqZGNRMzJCYzFUQml5M1JxOFl4UlVEeGo4amJjcHNTT0lBT3l0SkNJZmFzODl2LXFibV96R0NqOFAwNDY0SF9Ga2hTTnFoT0dlb2NweXo4dE9HVndnampiT3FfUUJ0MFFmb2JmblhaZHg0TjZCX2toNEZlRzBKV2ZYN284QQ,0.9991036,0.00089503813,1.3475226e-06
2025-03-18 07:00:00,"NVIDIA Blackwell RTX PRO Comes to Workstations and Servers for Designers, Developers, Data Scientists and Creatives to Build and Collaborate With Agentic AI - NVIDIA Newsroom",NVIDIA Newsroom,https://news.google.com/rss/articles/CBMilgFBVV95cUxOMV9QVi1tcFF1Wk9sQ1JiU3NTSGNIZFdlOHE0UFRSV2syWDFqVWEzbFRJMG5RcFhKVXNlZC10eGJsUFVpR3BJYmhYUU40MFlHVXlEYWlmbGszZnJhbms0SjBraHhWaWl5SlR6aGJUaXhLRGUyZV9ldkVwQVdfM1pVS1FaeTRjSXdhNnpodnNPOHJVR2hWZ3c,0.99998605,1.1750368e-05,2.1554363e-06
2025-03-18 07:00:00,NVIDIA and Telecom Industry Leaders to Develop AI-Native Wireless Networks for 6G - NVIDIA Newsroom,NVIDIA Newsroom,https://news.google.com/rss/articles/CBMitwFBVV95cUxPa204WUxmN2piU1czUlBYbW0zX1hHMkZsVmlFQ21xS25hM3FjRGJlVXE4OXZITWpnb0tlTldqT1hMQXhhM3R5WjVMaXhUSjY5YzY4VWlaR05lekhUMkx1OGZ3RFQtQmhiZWRfOEg0aXI0WHA3ZXdJU0pOUVUyTXgyN250dU90UVFKSkFXcHVjZDNuS1JIV3lTcmNPaWR0T2h5a2NzckRxUnJkbHoxa1ROeXFCN1RWdW8,0.014936681,0.9850546,8.713173e-06
2025-03-25 07:00:00,"Project G-Assist: An AI Assistant For GeForce RTX AI PCs, Is Available Now In NVIDIA App - NVIDIA",NVIDIA,https://news.google.com/rss/articles/CBMihgFBVV95cUxPSjRBQU1EeDU1V3VXSWpydDUzbFNEeVVSdXBSNm9pck1uS1VDTDBQaWx4ZVJTa2hFRHNKY3Q2ZXVoZ05LUlNPVFgySFB3LWZ6NXk0c0RiM29ZQWluelV4VXhhMFpfRGFYRHhaZklISDFvVUhST19lTWtFR1hwTS00VGZoVThNZw,0.99998033,1.6960272e-05,2.7645617e-06
2025-03-25 07:00:00,GTC 2025 – Announcements and Live Updates - NVIDIA Blog,NVIDIA Blog,https://news.google.com/rss/articles/CBMihAFBVV95cUxNVGlpWXFManVPcTJUektMakVuckNSeWVfU040X0NaQng1dkxTV0tDaDBFR3RsRk40WWdlMFNsYnNuc09TdDF4MWNxeVJRMTRwMVNlQ1Q2WUxFeXljYk1OdWFwVmZ2azFQUVhvS3llb0VONnVPbG0xeWh0a19GMDlGRjNLQ2Q,0.9989286,0.000846749,0.00022464192
2025-03-25 07:00:00,"NVIDIA App Update Adds Project G-Assist, DLSS Super Resolution Custom Scaling & New Control Panel Features - NVIDIA",NVIDIA,https://news.google.com/rss/articles/CBMinAFBVV95cUxQUVBTNjg4YXRkdGFSQXhNSVltZWJYaEVCTElDZUJwc3hzYjV3dDBCZlE2TkVGc0F3WC1mNUk1YUJCQW5TVXdYTDlLMEFVci1ia1R6RUJUWnNZSWF6VnhNczE4NVFTbE9iRUpYdjRhTENuNzZYS2I4YUpMbjdoeEgycFJpejZra2pIZHE5N3pjbE9PVWRpMHVVQjF2Z2s,0.20804065,0.79194874,1.059665e-05
2025-04-14 07:00:00,Nvidia to produce AI servers worth up to $500 billion in US over four years - Reuters,Reuters,https://news.google.com/rss/articles/CBMiygFBVV95cUxOX1Z3LXVIT1JxOTJRR2RJWXp4b044QkdERGtEZ3VEdXMzSnBvekpTeEpWdWRQeF9PS1pPYlNyUkVkUk81MlBsSXZGYnptQWNBVW1HTmxEYmNvYjJ4eTBkZ0RMV0ZyekxSejEyTDNmNHhuTGl6T2d4VkJIYkU3OGJFT0lDNjVUTlNRd2w1eUtEQVVPU1FnQXlBeVI1MTNHLUdMLVpqZjRnMUZaWjVPQ2p1NFlUdlB1RXlEbXFzZGpSWlREdC1TUy1LQ2pR,0.8717252,0.12822126,5.3533353e-05
2025-04-14 07:00:00,NVIDIA to Manufacture American-Made AI Supercomputers in US for First Time - NVIDIA Blog,NVIDIA Blog,https://news.google.com/rss/articles/CBMijAFBVV95cUxPdWlkNFpoc1Nkc3pXZjV2cnV0UTBpM3hJU251Tml2bWFCUE5hRHF2X3ltbnlEd2xVcFRMLVZBNG5LbkNHUDltRFpSUGM0VngtVDlxNVZtQ0hUSXRpa1Yydlp4dWpQSmsyOGRGdHBuTEpnMHhHa1lZTmlDVTZtR1htMW9helZvNVlTT3E5TQ,0.9995216,0.00028295707,0.00019537719
2025-04-14 07:00:00,Nvidia to mass produce AI supercomputers in Texas as part of $500 billion U.S. push - CNBC,CNBC,https://news.google.com/rss/articles/CBMijwFBVV95cUxPTVB2ZWNyVDRGQzUxOUxwVkxQVFBoakVzWVl2QTFLVHk3U3BaaGlTTXVpbHBYeEhvMWMwR1E1LWczZmdhX2cxOU9GUS1aWjdkcWJjNFFaTEJDS2d0OVZmbGRUelBvS05vUzZsOWtlOThBakMxT1RxZjZmZkJqbEN4T1ZwNC1fNGFsekFLdjRwRdIBlAFBVV95cUxONGYybElSSUlqNmN0NU0wdFRtNzk3VkVFVFB0THJiM2lISG5tOWttUFpaNEZMT2FKbUtjaHh6OHBXeFV1bDBDOXBhejRaOXQxNExXaEt4Vy1EREFXWnNBaGpMclhJem5Ia2Q2eG11U2VtWEdNd2VkZGEwN09mWktqdzhWZzVHV3pweTAtS3hVbUE5cHFs,0.9999529,2.3950783e-05,2.3127162e-05
2025-04-15 07:00:00,"NVIDIA Blackwell GeForce RTX Arrives for Every Gamer, Starting at $299 - NVIDIA Newsroom",NVIDIA Newsroom,https://news.google.com/rss/articles/CBMipgFBVV95cUxOMHc4dXpkZlRRMWp1Vk5pMEdEY01aemJmNnZDUXZ5NVA5WlVSQVJXdUZnMmlPMlhPTmJuSjh2enFRUk4xbFRIbXYzSkxXdWhqSDJYdFdWS1oxRHZzcmd6YkxWRWRWaFBxZVBrNldHM1lRX0RuTGE4ZHplanFYV1ZCTzFRQUtfWkZqQ3hCVXEyeWdWSkZJUHgyVE1vbUJOV2c1THU0dTV3,0.9999994,5.8042053e-07,4.5954096e-08
2025-04-22 07:00:00,Chill Factor: NVIDIA Blackwell Platform Boosts Water Efficiency by Over 300x - NVIDIA Blog,NVIDIA Blog,https://news.google.com/rss/articles/CBMiqwFBVV95cUxOeDRYSW8tMjR1Zm1QNUh0M0pVTHlEb25kMENwZVFfZUFQb01hZjh4TTNWTVJLVjFfenZnM0dqbFVwYlR0TjVleFUtOUZmSU5ubjdtMVpFNmZhRzdZNnQxVVBCdS1qOFd4YWZ6NXZBdnhrUFBvUU9LT1FCYU5XUkZKOVFIbkVlSjJ3Yy1xX3EwbWQ1alg5WjhUVlJuTjV2ZXBCeHJOUU80dS1ZRlE,3.9946637e-09,1.0,2.9128642e-09
2025-04-30 07:00:00,New GeForce Game Ready Driver Released - NVIDIA,NVIDIA,https://news.google.com/rss/articles/CBMijwFBVV95cUxNd3dIcl9uLTlaaVdnTU8zNFRHYU0tVWdRLWZ1c1FJSDljWTNLeGJWcDZWd3hrZGF5MFM2TmlOc00zTjFLczFZYVZiY1BDVU9rNEVPalk1dWFvTTZxeUkzSWpsVWRIbGFUdndDVldpZmJxUWhMWnhSSGt2SjRDWnl3b0d6akU4U2MzclVXbHhtbw,0.7208717,0.278043,0.0010852492
2025-04-30 07:00:00,DOOM: The Dark Ages GeForce RTX 50 Series Bundle Available Now - NVIDIA,NVIDIA,https://news.google.com/rss/articles/CBMiqAFBVV95cUxOYnp2OTdVWTZBX180NkpaVV9yZGR2QWRwYnNNdndiRkxmclhuVmhWWDFWYzlVZTlJWFFONTZDZ19UVU9sV010Y3Q1bnBrRDhLWURwM3VfRF95SC10Vmd0MDFDcndwVkxpVkRLTlZiektaRnR3WVlZZVZhNGdZMWM4VGtFTlNRWVRpc2J5dE5nVnhSbFlVMHg4aklVU19lODVudVdFYTFlcW8,0.999992,2.3184525e-06,5.724926e-06
2025-05-12 07:00:00,DOOM: The Dark Ages GeForce Game Ready Driver Released - NVIDIA,NVIDIA,https://news.google.com/rss/articles/CBMikAFBVV95cUxOTTFldzZJaWdHWTVrNUMxSWZKWkdNLUJFOGpYUnl4OElDLURUUXctdFlaYVh4Q0N4TEI0czdkRWk0VHFJUndQU2NWVUZUd1hiR2p1WW51T0IyTzlSUkVNUUoySjczR3RiX3ExYkVaY1V3ck4wV29KN0ctZ3ZfemxURmVucE5SdFlaR0Q3YmUxQ20,0.974377,0.025364107,0.00025891737
2025-05-13 07:00:00,Saudi Arabia and NVIDIA to Build AI Factories to Power Next Wave of Intelligence for the Age of Reasoning - NVIDIA Newsroom,NVIDIA Newsroom,https://news.google.com/rss/articles/CBMi1wFBVV95cUxQaVdTbjZUcXA5RGtiVXY4d09qLUlpbDdIQi0yUVc4TVhMOWZrMjU4SDF4QWc1WHBTeTUxQ19Kd21oOXJodV9GOEVRYlAwdTIwNHdQVkIzNW9RQUYtMzZXcXl4WGxHSmpWdGtIY2dtX2lwbkJUWTZLWlpRQkl5dlVMSUZLZDNISzJMYmpBaGJ1OUZFOXU2VlhZVDh4SFk1bVdJV0U4cWNVMklCMzV4OGR1ZktZamI4VFk1VmJlSExKb0ZLUm9MMVY2RFZCV2hFUElEZ1A2OGI1bw,0.9797335,0.020234684,3.1710726e-05
2025-05-13 07:00:00,HUMAIN and NVIDIA Announce Strategic Partnership to Build AI Factories of the Future in Saudi Arabia - NVIDIA Newsroom,NVIDIA Newsroom,https://news.google.com/rss/articles/CBMi0AFBVV95cUxQbDZxaUdDQW5yT2VsaWxWTFVIZkZlU0RHUEJtVXJwNnJMTmhCclR1SGFBdFlnRHh4anhFai1pX1hHZngzSGtRbV82X2NtaG85N1dHOTdFQ3JJelhFblZ5ejJVSVd6Vkg5eXZBenVCZ05PVndKUW56UHhOUTlPaWNmRGJGR0J1WDZxckhZeXhxQVBwRkVXSHNLNVliQks2S0w5c3h0ekJwckJSWjJsVHRkNlNwb193ZExWdVdybnRRRFdQVEVzdTk4M3U2NUJBWUh2,0.84628457,0.15366828,4.708185e-05
2025-05-18 07:00:00,NVIDIA Powers World’s Largest Quantum Research Supercomputer - NVIDIA Newsroom,NVIDIA Newsroom,https://news.google.com/rss/articles/CBMimgFBVV95cUxNT1JaZXNUZG5TekpVV0cwd1BfX1RfT3ZrSE5ZTFFVSVB5cGw4YkpKNTVlUnVlWTd4WGZnN3ozV0pWNkdxOFRKQjJjRDQ2NWZsNk9RUXRZZVZzTFpOUlIyT0ZtdVE3cFlMWUplNEFTeWF3ZlRQbGZrT1pseU16eHpkOTNfUUV2WERCRTdvVkk0TlBiaWs5WW5sdHRn,0.028280128,0.97171426,5.619349e-06
2025-05-18 07:00:00,NVIDIA Launches AI-First DGX Personal Computing Systems With Global Computer Makers - NVIDIA Newsroom,NVIDIA Newsroom,https://news.google.com/rss/articles/CBMiugFBVV95cUxPdnRMbUFkelljLWw0V1lfUi05MmM4b0hCWndodWJ0SkhKa1lrdGtNeTVIQzEyNzJNY2lscG1rcDAzTzZlRVpURlVESzlLRVBXSHN0VlhaTWk3ZUxiT3ByWGZnejQyQkpnWUFqc2FvWjBFaG9JaTBHQlJXY0tuanNKWlBjZTNOTWZQUE1MWUpYSUFpeDFXQVd5YUE1RTRYMlc3c0xuOVVfdi1pdWVCUVhkV0FUOWNtcUVFTEE,0.99837613,0.0016209949,2.8850172e-06
2025-05-18 07:00:00,NVIDIA RTX PRO Servers Speed Trillion-Dollar Enterprise IT Industry Transition to AI Factories - NVIDIA Newsroom,NVIDIA Newsroom,https://news.google.com/rss/articles/CBMiyAFBVV95cUxPekp3WnY2UnQxR3FWTUtpejQ2RnJ1a1RzMDlJNkNBOEVtQkpnYkdOR2x0VEZqSjdTMVBIZmJ0VVFEWWF1QmlseUdwT0pLakw0VXpJeGI0UnVaajJkWWd3d1lTZ0hNZXc3NmdHNkpiazJoR3VZYlBGcTkzVk1Uc3pRY3U1OTFRc05rV1VwY1VWOU0tSTk4SFkydlFfdkh4Zjd0TGc1VXhSRjNiSDNiRHRrdnRIa05FemhKUE9rNS1jaFhtRUZwazlVeQ,0.1997699,0.8002134,1.6722941e-05
2025-05-18 07:00:00,NVIDIA Unveils NVLink Fusion for Industry to Build Semi-Custom AI Infrastructure With NVIDIA Partner Ecosystem - NVIDIA Newsroom,NVIDIA Newsroom,https://news.google.com/rss/articles/CBMipgFBVV95cUxQX295dC0zLXRyZEEzTWJoVXZfT291TG1JUUttOVlrZS1oNVZKRjFod3VUVWJEbDZnNTRnSEpZbVQ0V2stN0NCaG9neHh0RW9WcmhRQ2FxU2xFemNiT0QwdGNiM1M1MkZPMWZhaFl3ZkIyS0dxVzJJOHJuSEVLS1puRmRTWTllNVdGVTZUX0pEUUlOVFVFU3IzaE9pOGtLX3pfZjNrQjZB,0.9999505,3.131032e-05,1.8169269e-05
2025-05-20 07:00:00,NVIDIA 800 VDC Architecture Will Power the Next Generation of AI Factories - NVIDIA Developer,NVIDIA Developer,https://news.google.com/rss/articles/CBMisgFBVV95cUxOR2ZKZk5EbmZOVm1vTlVXSzlOOXFWRlpzWktVczJwSjljTmJoZjkxV3U4VGtWZ1VMRkU1RlJ4NzZYdERDaHRISy1CemhzcjVZay1qZFpMdVc0cnctZzg0ekNXRHF5OFFNd3g5eUhOdEYyN0NmSkdEamNPZ2V1UWg4bWtDRFVSaUNJdHpYbW9LRjlVUXZuZk9tRUhrcGtPTHFnd2ZJdFVWdDBDd1VEMWZoN3l3,0.027740745,0.9722519,7.306367e-06
2025-05-28 07:00:00,NVIDIA Announces Financial Results for First Quarter Fiscal 2026 - NVIDIA Newsroom,NVIDIA Newsroom,https://news.google.com/rss/articles/CBMioAFBVV95cUxNMURCbGxxelhudC1RVnFEYzVfYWhRNVBCZ1BRdW8tQ09YcmwzTE0wM0tWX3MyMTZkYmhEZ2ZpY2hiTWJUMC1HQnl1b1hxRzF2cTZzMHlRU3F3UU1ta1pibW8xZ21BTzF0UHlpNFltdElKcGhka2V1djZSc2xKcFRjTWR6ekIycWhTV2s3LWpaYS1aNG42amhIMHNVYVNyRVRT,0.9998634,0.00013270958,3.985954e-06
2025-05-29 07:00:00,RTX on Deck: The GeForce NOW Native App for Steam Deck Is Here - NVIDIA Blog,NVIDIA Blog,https://news.google.com/rss/articles/CBMif0FVX3lxTE9mc3R6LUxqZW9ENTQ0dFBvYTdSVlgtZE5sdUI1VTE5WTd1TnBQNXY5UFBERUxIZXZELTdXMnR2Y2hlTlB1VVFZMVpOb2VNMXlUdDFyR0N0U2ZNZEZtS1FZeVo5WG43VXh4MVdpTzl1dTZib09iVUlTV0pPRFp4T1E,0.9999763,2.1898413e-05,1.774033e-06
2025-06-10 07:00:00,"DLSS 4 With Multi Frame Generation Coming To Another 8 Games, Including Stellar Blade & Dune: Awakening - NVIDIA",NVIDIA,https://news.google.com/rss/articles/CBMijwFBVV95cUxNNG9saUl6NUR6RlgwUC1iMi01NlhKd3ZMajdtTTdSVC1vX1JIWWtuVmtwdjE1VFV6cGd6bWhEbUtnbXU3OFptNl9Ubnd2QmNkVEFLNVdHeFV2RHV2NHpsSzNQbnJyQjNrNkk5VGdpOWxVN3hBVE44dlNibmctRzR3MG9feTluaEo2X1RZUWM3Zw,2.6896527e-07,0.9999995,2.860342e-07
2025-06-11 07:00:00,Europe Builds AI Infrastructure With NVIDIA to Fuel Region’s Next Industrial Transformation - NVIDIA Newsroom,NVIDIA Newsroom,https://news.google.com/rss/articles/CBMiakFVX3lxTE92RmdaeG52MTM1X0EzZ0ZVTFItdlBEVEhHeHVrdWxQRmNfUVhwS1cyaFJBWGVWRm84TDIxMnVHT2lkUlpaekRmaUhjaEZDZkwzSGU4YmoyczdLRnkyNS1DM2hUN21WNFhvNFE,0.0010163658,0.99898344,7.9483996e-08
2025-06-11 07:00:00,Chat With Your Enterprise Data Through Open-Source AI-Q NVIDIA Blueprint | NVIDIA Technical Blog - NVIDIA Developer,NVIDIA Developer,https://news.google.com/rss/articles/CBMiqwFBVV95cUxNbHpaWG9tb3lpcWozQWFjcnhEbGphTGE2TVFaOGRlODNvaG13U0hBbFhHaTduZFBPMHVSVDJzRTR6eHB6M21yVENnZmZmUUlBSERvZXFLTTloQzl5azIySG1CeVZoaTdwTXVaVEx0Uk80Uy1oNDFsUC04cXA0WEl5dEVCM1M0SmlqZS1EWEVVbXdnWkI1WnA0bXRxVWs5QWE2WndsSGJ0UjNyZ2M,0.99994206,5.4558073e-05,3.3955948e-06
2025-06-11 07:00:00,L’Oréal and nvidia collaborate to supercharge beauty with next-generation ai - loreal.com,loreal.com,https://news.google.com/rss/articles/CBMi2AFBVV95cUxNVWhtZ2l6OWZ6X0Fsem1EYmlvX25RVV85RTg0ZnBlbWVQcGcxRlFPdUsyejlweTE5S0xTX1BPbzlfM0w3TkZRamJMUVNJc3ptRl9HT0JEWWtEMFUzYi14YTBrVmI5SlJqYXQ1X1hDd2RrS1NiUlhySXRKblBBancwRGhaZEtuQXpCOExybnhqMTV6Q0NpR3N6MzhPa0I4eElxZEtZTjRpRGRnT0YtVlUzbmRLcUpMa0l2T1dfalJOQ2FlYjFKd0RGMVlNZUliZ0ZRdHhwUERiNVA,0.9997439,0.00018435334,7.1772854e-05
2025-06-24 07:00:00,"NVIDIA and Partners Highlight Next-Generation Robotics, Automation and AI Technologies at Automatica - NVIDIA Blog",NVIDIA Blog,https://news.google.com/rss/articles/CBMiZkFVX3lxTFAteU1KelYtZTJVeEt5b2NFak1nUW80bEhUbE5FeS16R0gxYkgwTXVMNlo2QV9lbVNLVkM1b3h2WWZscUE0TXpnSnVzUWlCaENxa2FsR0tTZHM0ZldHRm1BV0xTUmd4QQ,0.99965644,0.00034160737,1.930458e-06
2025-06-24 07:00:00,"GeForce RTX 5050 Desktop & Laptops GPUs Bring Blackwell RTX To Gamers Everywhere, Starting At $249 - NVIDIA",NVIDIA,https://news.google.com/rss/articles/CBMigAFBVV95cUxNdFN4RGNySlNPWHZHSjIycnNWUml0OFh6a1NqQnRDLWk0QmpGNGh3NjV5eWUxNVo0T3Y2UFJNakNqb1RNdk5iblRhVDVQNmRVRjAzWFBfcTRlbDhuRVJudGRoOVFLTjFldWI1SzhpSlhxRDdtTWp5SjdVYjZobGVOMg,0.99991095,7.829633e-05,1.0739714e-05
2025-07-02 07:00:00,NVIDIA RTX AI Accelerates FLUX.1 Kontext — Now Available for Download - NVIDIA Blog,NVIDIA Blog,https://news.google.com/rss/articles/CBMiekFVX3lxTFAwMnByazdwOFVURWNxT0xSbG9FV3p6NjVYTEJ0bk55ZlA0XzJlNmVSUUp6d1BLNG50cnp3X3hMMl9raV9rUzBibUx2allOcnlueUU4VlV2cG96cDltNDdvRHFsNk9fOXN4TklMZmhjT1E2bUFfYUx1dzRn,0.99997973,9.831867e-06,1.0446802e-05
2025-07-09 07:00:00,Nvidia: A complete guide to the hardware company behind the AI boom - Business Insider,Business Insider,https://news.google.com/rss/articles/CBMiT0FVX3lxTE5vaGg0enZOMkdsajRhQnA3YXhkVk0za3VGaUFaSC1uU05ZV0NtejlyUHVCNUU1Um54ZW1SZEpINGl3MGFWMkoyUnRTdkM2QWM,0.9999926,7.294542e-06,1.4877274e-07
2025-07-14 07:00:00,"NVIDIA CEO Jensen Huang Promotes AI in Washington, DC and China - NVIDIA Blog",NVIDIA Blog,https://news.google.com/rss/articles/CBMieEFVX3lxTFAtOWRnclExQ19lSEVQX29tRG5GbnAtYkZ3bTdZdFQ4TTFzcnR6Tm1iOXJRN0E1aU82TGNJbWVDaGMwMTBBRU1kSHNtV0NqNUpqVEVvWGdCTkFlRWVKekRPMldLeENWSXg1YnFjbldpTW9qX3AwYmtFUg,0.99992406,2.468803e-06,7.343196e-05
2025-07-16 07:00:00,"Nvidia says it will restart sales of a key AI chip to China, in a reversal of US restrictions - CNN",CNN,https://news.google.com/rss/articles/CBMijwFBVV95cUxNMUJtemdGTzdFNGxfVlE1TURscVBCd3Rzb0xNSkhqNnVYc0I3N1YxOG13QVZReXlSZEZqdmJHMExMLW9ZeEpQRDR2eE9TSnp3QWItUTVHOHBwWTlOaTZ3SGxBN3BPZmJIZ2J1RzlhZWdoazk1Z21naU95MnJkOHEtWkZIMU5PZVBGaUloVGZhTQ,0.9663127,0.031516574,0.0021706992
2025-07-17 07:00:00,NVIDIAScape - NVIDIA AI Vulnerability (CVE-2025-23266) - wiz.io,wiz.io,https://news.google.com/rss/articles/CBMif0FVX3lxTE1mNTFDUEs3U3dhc0ZHTGptcTloRkhXeU9WQ29VR2FGOTVTWEs4VGd0akFpWW9ESHROdDFzOWkzNlg0akpvRVBJc3RqTEhQX211dFBiYlExdURfblVpUDAxc0dxU2M3OXVzcEN6a3NNY2RxNTdmODBBZVZ5ZUVhRUE,0.9995407,0.00041053194,4.8884838e-05
2025-07-22 07:00:00,WUCHANG: Fallen Feathers GeForce Game Ready Driver Released - NVIDIA,NVIDIA,https://news.google.com/rss/articles/CBMilwFBVV95cUxNUy1yX3dRVm5OS1Vqcm9wd2UtSS1DVi00endNZ2tNZ0t6Q1Nvdnh4U0dhSTc3X3QxamFQM0JseWVJd0pPeEhwOFFTY0VSRXVLVGJTVngyNFN1T3FHb2NsZmtGaU4tb2FMY0tOc2gwVVVzUUpha0ktaTBVSnFDX0wxeU4tVkg4VkpSWkFqRU5neVY5YXF2dUpv,0.9960685,0.0037041726,0.00022735787
2025-07-31 07:00:00,Mafia: The Old Country GeForce Game Ready Driver Released - NVIDIA,NVIDIA,https://news.google.com/rss/articles/CBMilAFBVV95cUxONVd0NlVWM0c5Vkh0bjF0enoyeUtqQXFPZHpUbTdCZVFvMS1pTmtzdHZReE5DR3FzcUhzbGVKbjRqSzlQU2lwR2hUYXZhWGFRQUtYcHpVTGRRYXlubWc2ZWctWmZjMHpIOUYzNXZ4WjllMDhlX3ZiTGFBMm1wZURqX3hpa05YMGZXdVc5VWV4enhMeUdL,0.95799625,0.041749254,0.00025439783
2025-08-05 07:00:00,No Backdoors. No Kill Switches. No Spyware. - NVIDIA Blog,NVIDIA Blog,https://news.google.com/rss/articles/CBMie0FVX3lxTE9tMExZc3RwZmRrTGx1ZzJtU3ctSGg0QTRiT25UX2ZHUWtVcjdsMWp6WkVYQ1NJb0w1ZXNrZjUxTFVSUEh4N2ZCcDUxdHZPcXBOUkp5Uy1XbWZfU0FZSzRDSWhrbUlRaFZEcEFmbTlIV2lRMnZyM2R1eW5zMA,0.9996604,2.3241611e-05,0.00031643227
2025-08-08 07:00:00,What Is NVIDIA’s Three-Computer Solution for Robotics? - NVIDIA Blog,NVIDIA Blog,https://news.google.com/rss/articles/CBMiZkFVX3lxTE5oTndrNXpLYzhHb08xM3cxdGhCcTVxamI3Y0ZfYV81VURzbFpXVTlLdFpRbVJIbVU1eXQxNEtwVHZlSzFTT3ZRdm8ydXRvanFBbW1WcEJrX0FYV2EzYnRkQ0NKWXhLZw,0.99997723,4.965004e-06,1.773562e-05
2025-08-11 07:00:00,NVIDIA RTX PRO Servers With Blackwell Coming to World’s Most Popular Enterprise Systems - NVIDIA Newsroom,NVIDIA Newsroom,https://news.google.com/rss/articles/CBMivgFBVV95cUxPcTdraFdTVXF1NTNDM0NTVV85eTVJQXFnRUtFR3BaOHpkemlIX2MxZGlYcGN0TF9TNUNYUVpILUlpU2FpN1YzaEV2QXVWUUp6WnBRNVlENjhkX0xLOEQtbnQxSHpOUDh1QVRONHpYb1RCZnc5Z181cWdocjMtbWh3QVRGOFI5MTNWMUVQYWFsQ2FDdXV3WC1VUDMycHE4REVid2ZwbFIxSU5rNWdRQ0RReDE2S1laamxQQTFwV0Jn,0.9987765,0.0012205871,2.9094017e-06
2025-08-11 07:00:00,"NVIDIA Opens Portals to World of Robotics With New Omniverse Libraries, Cosmos Physical AI Models and AI Computing Infrastructure - NVIDIA Newsroom",NVIDIA Newsroom,https://news.google.com/rss/articles/CBMi9gFBVV95cUxQVDZKTXpTVGdOQTB4YmtoMXRMMDMyZzdqZVk2bHNMbmZ0T256VGMxRWZPUVI0bTlZNFF1UkVUNHpLNmNTMi1lMUpYal9XVWVxcENBRUFhRENOcnRnOXJkdURZODFqNEs3LTNqb0hadXRrT3JWTDJGUXNWSEpObVh6U0lXMFktOXhwbmV5VFBqRU44NTZOcnc4dHpldkdLU1FUMjhNeWNZdUdjaXNzbmpIbUdLSl9jeFRiS2pQZEpVVVpuNlE4RWRBUWRSeG1QWm4xZmJQdnBvSlJOdVpXT2dQLWE2amRSQWJvUW1oS2RvbzVkMTZqV1E,0.99904233,0.0009572041,4.473062e-07
2025-08-13 07:00:00,FLUX.1 Kontext NVIDIA NIM Microservice Now Available for Download - NVIDIA Blog,NVIDIA Blog,https://news.google.com/rss/articles/CBMiiwFBVV95cUxQN1g3V1NyM1ladDNMdC1yNm5UVkNTaVF1WGt0UmlNUGJlOG1wckkyU2lybWl1MGhtR0syd05sZW5CQVh5QUhzTjdGcWNJMlFWV2tCcjZZOVR0RjR0WVd2UU9fMU5qWGM3NDRYY2tUWWt5UFNNMk1KUjE0M3JmQU1ORDZMT0Npa3Z0SjF3,0.99999297,1.5966053e-06,5.457139e-06
2025-08-15 07:00:00,"Now We’re Talking: NVIDIA Releases Open Dataset, Models for Multilingual Speech AI - NVIDIA Blog",NVIDIA Blog,https://news.google.com/rss/articles/CBMiZkFVX3lxTFBqMEdCS3dsRXhOR1hrdWthbjRzRHhucjBDWEFSMkhleC1RemtKM0dVeWhBUGxsbG9meFlpc19lQlFUWDhQSEVRZ3R5MHl2cVlJLUpTZldvc2phcEUxbjNmbThLdlFmUQ,0.999995,4.0197938e-07,4.682635e-06
2025-08-18 07:00:00,Borderlands® 4 GeForce RTX 50 Series Bundle Available Now - NVIDIA,NVIDIA,https://news.google.com/rss/articles/CBMijgFBVV95cUxPUGRLZ0N5Wm1aeEx5YWRHaTZDX0RzZnhKVGxIYkYxUEdaOTdYOXZxOGpFb3ZPZnA4S3Vva2s4WnZEcGQ2VEhKZEQxcGJPVGJJNElHcDhYdFlWVHlZM09jdC1qSTRFNWh5S0xXdkpxRlNveWpUSHJla3FmWjctdV9LcEJKTlRURldUSVZWX0V3,0.9999443,4.096365e-05,1.4662729e-05
2025-08-18 07:00:00,"GeForce @ Gamescom 2025: DLSS 4 Now in 175+ Games & Apps, New RTX Games, Borderlands 4 RTX Bundle, NVIDIA Blackwell on GeForce NOW & More - NVIDIA",NVIDIA,https://news.google.com/rss/articles/CBMikwFBVV95cUxNZkZCczRQM09PS1V4VmVjNkh2LVZNNUdhRHY0SERqOXpHejNFVnJQRVVGRm01Zk1YbElpYUhnREVKT1RBZnN4ejJKQmJOdTVvT290LXBUWVM3azlPVWtPRkdkSGJFLXJGU1Y5bEdYeVZMQW9EXzFtVE43X1Vma0NaNzBabE5WazdwZTRZSUxuU05qbjA,0.9992951,0.0007030969,1.7835863e-06
2025-08-18 07:00:00,"NVIDIA App Update Adds Global DLSS Overrides, Smooth Motion For GeForce RTX 40 Series GPUs, Project G-Assist Enhancements & More - NVIDIA",NVIDIA,https://news.google.com/rss/articles/CBMipgFBVV95cUxOSEUzZFUwQXFSc0Zfc0RxcmlYZGw5M3Z3a1hMd1BER182REpOenBYa0tNNnByN1JUTThiYlZlTy1kTm9ORklqTzZjNEIxb1NLdUFLOU5wRWJ0akZNZjMyV3o1WkJzMlFDbjFhamFPSFJmVnd2azJzMTE0ODBZTUhxeEVqYjV1djlwbUFjZFZoaEd5eEFnRGRHcGhlb09MT1BsVU1XMEtn,1.5482367e-05,0.9999845,3.1172966e-08
2025-08-21 07:00:00,GeForce NOW Brings RTX 5080 Power to the Ultimate Membership - NVIDIA Blog,NVIDIA Blog,https://news.google.com/rss/articles/CBMic0FVX3lxTE9sOW1oMlJXTVh0TURYLUpSREJYenlOOS1sUUxHNk1POXJlWUptYkRDblVseDhqRno0YkNfRWU4c1dhWW9OMVJrdEZMdll6VG81eEJKSUhUM1hKWGJzX3dyczNYOENKRHBUWW05dXVDRzh5S1U,0.4173578,0.58262455,1.7609254e-05
2025-08-22 07:00:00,NVIDIA Introduces Spectrum-XGS Ethernet to Connect Distributed Data Centers Into Giga-Scale AI Super-Factories - NVIDIA Newsroom,NVIDIA Newsroom,https://news.google.com/rss/articles/CBMi3gFBVV95cUxOVEVadUNCZERrSnZlSnlEbUtnb2JyWnhfd1RVQVIxeG9QTkZGOVJxVmI3M2Nlc1hWeXNLWnZoNTIwMTlKcldwNDd0cVZxcXdUeVh2d2o4cy16NDRfbVFvYlNwbHFIR3dGUFlVaE5uekdHTjlnZE5IbWVOTndsSGRMSEZXOExxQV9LVEIxTXRVbXFfaHVDZmw3YUo2N0hnb2Nlb3d5N2RMOFhpTnQzS2k5c3FvbndZRzBFRmZIenB3YUJVNVN6dmF5ejhFTzZSUnhJR2NiMUZqWWJfT1plREE,0.9937343,0.006258026,7.6827e-06
2025-08-22 07:00:00,Inside NVIDIA Blackwell Ultra: The Chip Powering the AI Factory Era | NVIDIA Technical Blog - NVIDIA Developer,NVIDIA Developer,https://news.google.com/rss/articles/CBMiowFBVV95cUxNOEpoMUV1eV9tT0pwUnJMYmsxcHBvTkFCLVZ2MURxWmwxTTN0ZjhEQlZaMF9oaEtpaTJVaWhtMHJqRzZtOWd2LUFiUmZEVWo1ZjRIUldvWUJObWtKMVZnYVZTeUF6dlhGRjQ5YXdxdGx1NDc5eGVNc0RGSVZqUlZhUEZDVlE0cmhHcWU3cjM1VWJ3NDJ3UGFRa1oxWEhBNDIxck13,0.9997398,0.00025388694,6.3551834e-06
2025-08-25 07:00:00,"NVIDIA Blackwell-Powered Jetson Thor Now Available, Accelerating the Age of General Robotics - NVIDIA Newsroom",NVIDIA Newsroom,https://news.google.com/rss/articles/CBMixAFBVV95cUxPc1lWZ3h6V2xlN3hzVmIwbmd1SGQyeGRpLXhnTVdldC1ndHhSNmRzM080NmhVcHRsSjNOZ2RoLWFhcnR1empqV3pMaTdoY0RaQWJJaDh2UXNOX0RpNE5Pc0MydExVTEFNZk40Z2NwdnVOM2hWWk04NUQyUzZHWHhGMkVwdGREQ2EzWmwzZ3JjTUZKRmdHTGhLNXNFcXRGMnpnWmpzUlNwZ2FQODNSb0JYUjUxTzBOUHRVbjJZV1E0YXNMLU5X,0.99987006,0.00012885711,1.1159366e-06
2025-08-25 07:00:00,NVIDIA Jetson Thor Unlocks Real-Time Reasoning for General Robotics and Physical AI - NVIDIA Blog,NVIDIA Blog,https://news.google.com/rss/articles/CBMia0FVX3lxTE5aZ2ZiWERISUY5RS1xLUhXdTAzVFdnSktrUFpJZlg0OC1naXVMS25GSkZYbkdkOEZ6dnNQWnFFQjdnZTQ3eHd4c083VEF6YUZVZ2hua1BMWmNJOVhpNThCVEJKUHZ6bnJNSVdF,0.009015047,0.9909712,1.3723851e-05
2025-08-25 07:00:00,"Introducing NVIDIA Jetson Thor, the Ultimate Platform for Physical AI | NVIDIA Technical Blog - NVIDIA Developer",NVIDIA Developer,https://news.google.com/rss/articles/CBMipgFBVV95cUxPQmNJaG14b1BaUHJScXV6MDlHd25nOXlTdzEwbURsQ2VCZHFIVE5zaXdNdUxXOTROWFRPbW91Q3RENEpQcFd2dl90d3lhcUk0WVJ0WjIxMGkyS1ZVQ1ZEcTRxdVdCcWV5Z05qUUs0NFNGcEE0M2Q0MFNzNTROcExRSGJkd1U0dUU4ektHdjJwZDhvQ1JGSzhrSmtTcG5XWjZiMDl6ZnpR,0.55341417,0.44656193,2.3913073e-05
2025-08-27 07:00:00,NVIDIA Announces Financial Results for Second Quarter Fiscal 2026 - NVIDIA Newsroom,NVIDIA Newsroom,https://news.google.com/rss/articles/CBMiogFBVV95cUxQamxIZnNxSmxsamFuZEtkSlZraHpSdWhxMDd0clNtQTE2VElUMUVuN3A3TUFrWFZDeHZTbGFBNHZhNzE2SF91d2lBY2J3NWViLXFlMTJuSVBtNXlSbktyc040TXRXSFJ5a21aTHJXMnljWXpmbzBzTkRwRmFtQUlZM0h1dS1kbzd4SFhhVTBhYVQ0cWZEdlFfaXdwTmozdXVJUWc,0.9998578,0.00013809343,4.097133e-06
2025-09-05 07:00:00,"Europe’s First Exascale Supercomputer, JUPITER, Now Live - NVIDIA Blog",NVIDIA Blog,https://news.google.com/rss/articles/CBMidEFVX3lxTE9Xd1paU2UxX1FHZG5abXIyRWJfR2E5TjJ5RElBUnhLSU5LTFFYRUMwWENlZS1COVJ1Unk1eGVKM3BjTkIzYXBnY1hyMWpMNmpjeWU3UHdoSmRyX0wxVGxlM2JBM1ZoY2MwNWROZ19oRGFzbHRR,0.999193,0.0007720903,3.4875837e-05
2025-09-09 07:00:00,NVIDIA Rubin CPX Accelerates Inference Performance and Efficiency for 1M+ Token Context Workloads - NVIDIA Developer,NVIDIA Developer,https://news.google.com/rss/articles/CBMiywFBVV95cUxQVjZkejRGLW1ZdVZJSDdlWFdYV3NKM0UwRks2T05QdnhzRjNvVVVvUGdnRE1xbVA3SmY2VUQxMzNUU0VLQW1MTVhPVFhpR1FycW9aR1BmT2FULVpvendzRzRIS0tROXNYaUtCd0U4Wmk5S3c0Z2Zfay11NVJ0bkl4aEt5WGF5c0xLMC1FWnZsOWtrY0JJRXhpN2RtSWJmQkhTdkkxbUdsSFdTMkRmZU5BbXBQRkp1R1dlV3JFZ1E0NDVuMjFXeVFKV002bw,6.868582e-08,0.9999999,4.2664e-09
2025-09-09 07:00:00,NVIDIA Unveils Rubin CPX: A New Class of GPU Designed for Massive-Context Inference - NVIDIA Newsroom,NVIDIA Newsroom,https://news.google.com/rss/articles/CBMiuAFBVV95cUxQUmJQTHA1aU1iU1pUZktSb1IzOFROd25yUTE3WnZNbm5NWDA0MEJnTFVvN0gwelRsUUNyNEh1UGpzbjVtQkJ6cHhmTktYWURKVVBxZHloMEl6QlJWbzJ2WjNwRl9DTXZEblFiM2Z0Z2JLZWpkeFBhbWpGYmdhZmlVaEhKc1N0TXVKczAxazVlMXFaVDM3VzFQeVJhRndMVGphUkRBYVFISHVKcUdzcktLYWFvYnRGZE84,0.99988854,0.000107737724,3.6609956e-06
2025-09-09 07:00:00,NVIDIA Partners With AI Infrastructure Ecosystem to Unveil Reference Design for Giga-Scale AI Factories - NVIDIA Blog,NVIDIA Blog,https://news.google.com/rss/articles/CBMibEFVX3lxTFAwNUtvMmR1NXhiaXlZd25tTjdhV3ZnTHE5OUJsajcwRkt6MlYxVk5XSUUyWHZhLUdpVDQxcFJZUUZGMWdOYXRxUGNWdHV2OGdlVlNmZHNtdy1Iay1wUDBLTDNFcEVXSVBoazJ0cg,0.9995474,0.00039201748,6.0476912e-05
2025-09-16 07:00:00,"NVIDIA and United Kingdom Build Nation’s AI Infrastructure and Ecosystem to Fuel Innovation, Economic Growth and Jobs - NVIDIA Newsroom",NVIDIA Newsroom,https://news.google.com/rss/articles/CBMi5AFBVV95cUxOeDB1aTlUT0xDRjVCQ3lJWHBBaUJjMzZUbzZVa2s2R1RSQ01Gd1ItZGdHdm5xd256M1JocU9RUk91X2xJSUZlNHBnRWhaVm80aUdJbTgwWUtCN1c2YjRGdWl5SVV4eDM1VHFYRS1iN1lvdlI0LUcyX0NvN1Nkc2hFbDRuNzctNXV1cjFlZk83bEswblNabE5RYzA2bnpYR3dTYUdpVk5zU0o0ZVgxNk1xOVpfa2NDZFhzYWlrc1Azc25FRGFINERTeHNMeV9ua3dQSThsc2ZjLXVieG1LMTRzeDlHbTg,1.3111069e-05,0.9999869,4.9671495e-08
2025-09-18 07:00:00,NVIDIA Announces £2 Billion Investment in the United Kingdom AI Startup Ecosystem - NVIDIA Newsroom,NVIDIA Newsroom,https://news.google.com/rss/articles/CBMiqAFBVV95cUxOOXA4cmhSWGh4SktnWUwtaGhnX2xLOFBOZ3dIWmtoODBYWDU1YVhCWENYNGZWY1ZzQzh2dXJLZEhiRW52d1JsZXJOX25pVllQOFNCTVVGM3liblRzWUFpSlg3WWV4N3V6elZGUTdLMVl3UkhQWXRmbVVSeFBMY0hZbUN0aUdIbUZfRzUyOWpObFlBWUxWU1lBWGtMVmdxMmd4LUthV2VhTXg,0.99857295,0.0014242675,2.7445135e-06
2025-09-22 07:00:00,"NVIDIA, OpenAI Announce ‘the Biggest AI Infrastructure Deployment in History’ - NVIDIA Blog",NVIDIA Blog,https://news.google.com/rss/articles/CBMiV0FVX3lxTFBqOU4yNHNLZzRQQ1dfVGNmNnRiZEdLTkpGWnlOTFFIT3ZocEYzNmFaTXcxbGN3cG9GSVRnRkZLNE1hd3V6Tllpckt0eEFEdkJ4VjNsVVB4Yw,0.99723595,0.002732786,3.1307023e-05
2025-09-22 07:00:00,OpenAI and NVIDIA Announce Strategic Partnership to Deploy 10 Gigawatts of NVIDIA Systems - NVIDIA Newsroom,NVIDIA Newsroom,https://news.google.com/rss/articles/CBMitgFBVV95cUxOQW5qdHA3WGJQOHlUT1pRdVBxOF9rcFI5aExZbllQdk1xQ1RWNGdnUGlyLVYwbG9MNEMzVzM0Tll1Zmk1N19DT2I0dHFJRXl5U2w5bmJHZ0p4T2pKMkdGRHU3LXVYX09ybm45a1RKU3RxcTlNVzRjdGxzVUswNXRpSzI2ZXB0R082Q3E5WWZIbE5Va2QwZ194eTF6WmNHWWxkcGdEWV9SVWE1Y3paSTl0aHFEMkhDQQ,0.62062097,0.37929967,7.944868e-05
2025-09-24 07:00:00,NVIDIA Open Sources Audio2Face Animation Model | NVIDIA Technical Blog - NVIDIA Developer,NVIDIA Developer,https://news.google.com/rss/articles/CBMiiAFBVV95cUxPaElpLV95VnFFcXFqMmRpT1F6LVowVVZ4czVLTHdzbDJ4bE5jMFJNc1NnZkc3Z1hjUlB4NWE0ZUU3UXY5YmFick5qOUFKU01UZnBuMms3OFlFRXlFdVFfVTdtQXdaS1dXM05OUm9HZlVFdDg3MmZVcDFUbVJWUFUzcmhyb2xkM2Rk,0.99999905,2.4051366e-07,6.8062303e-07
2025-09-30 07:00:00,Battlefield 6 GeForce Game Ready Driver Released - NVIDIA,NVIDIA,https://news.google.com/rss/articles/CBMiigFBVV95cUxNUmtoLWJhcG5pc3YxSUJEZk1YOWdlbWxiN1RUR0c2dmNBRjRwMDdNQy1wUjVzMW5oWkE3dHNzTXpUZVE1UkF6WF8tWGp3dFladkxJY3RRQ0J2bGh2bnN6VGliV05BZ3I2d2pFdEJBNnpfbUlxc2VhTW1ELXJoaWlsd2xCU3FneThWTFE,0.82354105,0.1758598,0.00059913367
2025-10-01 07:00:00,How to Get Started With Large Language Models on NVIDIA RTX PCs - NVIDIA Blog,NVIDIA Blog,https://news.google.com/rss/articles/CBMifkFVX3lxTE9tTjNLbmFvaDhxOXJRMEdVTkxVUlV3NGp1aWFKdHlyYUVVd2hjSE0zNHJuczAxamFsRHZMWWJKajBKbGNqNXdvdVJRb2l0cWJaQzhQblA0TlBDbnJEXzVKbGx6RmFwVEpGSmVybEpCeVBDVjA1SW1mS3pJaXh4UQ,0.99998343,9.391694e-06,7.162432e-06
2025-10-01 07:00:00,"Jim Cramer: The case of Nvidia, the stock I loved so much in 2017 that I named my dog after it - Fortune",Fortune,https://news.google.com/rss/articles/CBMikwFBVV95cUxPeEQ0bVJiTzJybks3R0htOGZaOWk3SjRHTEE5YXBLVzctYzZmaVNHeElHZ050bGdlU2MwUFUyYlkxRV9UMkQwVEZYcVRVbE9jVW5KS0pWNl9hMnRuSXZjMnAyVll5OFJWMHFMWF9sWXZ6Q2tkUEhFeFR4U0J3cXpaaERzYzBjZ0NhZk1yUzAtNEx2Vkk,0.9926887,0.0018874559,0.0054237274
2025-10-02 13:05:39,GeForce NOW Brings 18 Games to the Cloud in October for a Spooky Good Time - NVIDIA Blog,NVIDIA Blog,https://news.google.com/rss/articles/CBMibEFVX3lxTE12TExBSmc2UHkwWGNVWWxabzNMYzAzVEdxZnMwTUxFSHptVDg1WW1nLUgydGFiUEEwTnoxTXhWQ1ZKY3RMVXN4OEQwdjUyWmp6bjEwTlRKcTRtNHBybTk5SjZvRjZaODRXRkh5bw,0.039892085,0.9598954,0.00021258261
2025-10-07 13:03:52,ARC Raiders GeForce RTX 50 Series Bundle Available Now - NVIDIA,NVIDIA,https://news.google.com/rss/articles/CBMiiwFBVV95cUxPMFloTTNCRjBHWjhwRFdJcEFOZTEwbkk4WjhWQmtBQ0plTFdmRlViNm94Q1UtZDV6a203Z0ZUeVZrV0Nwd3p0Q05PWFZBcTQtdU9nQlFvMUZoZmdSeGpwM3RRQ2Y1a3diR1ZHSjZnX05rZHRaVUl2SEk0dmJ2VFV3ZXlQbG5XZ05DSmNN,0.9999877,3.939364e-06,8.320584e-06
2025-10-09 13:05:17,Incoming: ‘Battlefield 6’ Lands on GeForce NOW at Launch - NVIDIA Blog,NVIDIA Blog,https://news.google.com/rss/articles/CBMic0FVX3lxTE1oWUVMZXhzN05OU1JTMzRMUHYyTEllMUs5dzVvM2hoMVVwVWEyVjJSTzBkVnROWF9aMEtFNDRRVFBjb0ZoLUZCN2xXaDNaRmRZSnBpZE1EUndIUmVrMlN0ajZjOVZuM19HWEFKdlB0bVBtcWM,0.9999347,1.38902315e-05,5.140815e-05
2025-10-09 16:02:34,Microsoft Azure Unveils World’s First NVIDIA GB300 NVL72 Supercomputing Cluster for OpenAI - NVIDIA Blog,NVIDIA Blog,https://news.google.com/rss/articles/CBMiowFBVV95cUxPVmpxYk1hbXFCcFFzSUlBNi1OM1hHeXZ6Vk5SY19obm96X3FsZkN5RmJaS3hjUlNPNWtHdUtqMWxOS0draEJDRGdTdmJqb2IxNEVRQ3ZLOUphZVliMjd1Ymtya2FVcFhNSU5vY3NmMFc3LW5DSkZqNW8xV2VSRFJNeGFGZ0ZZbUt4OW95SEMxb2NXU3NfTzRuT0ItVFdpQWlvQWVv,0.99989986,7.7932076e-05,2.2139773e-05
2025-10-09 17:54:56,A Mystery C.E.O. and Billions in Sales: Is China Buying Banned Nvidia Chips? - The New York Times,The New York Times,https://news.google.com/rss/articles/CBMihgFBVV95cUxNLUZWSk5Xb0s4LU5raWxHX0VmZlhzcEpHRHlGb01CTS1UeExBTXIxcVk3Z0oxNFRuS2ZveDd1NHZ3ZnJQMWltV1RKUDNoSkQtQWlDajZSYXdrZDJCbFFzMWtPcWZxS0VYR1oySjFmdmxZem1HczBCaFRMMGlSNkpjNy1LV3FXUQ,0.9909781,2.1011979e-06,0.0090197055
2025-10-10 07:00:00,Battlefield 6 Available Now - Accelerate Frame Rates By 3.8X When You Activate DLSS 4 With Multi Frame Generation - NVIDIA,NVIDIA,https://news.google.com/rss/articles/CBMiogFBVV95cUxPQkpNZ3RxcFFPekxiYks5MnRNVnpXaFY5ZEVCb1JRSEUzM291d0lwZmNtWkJMbVZfWlhOZDZLRXUzTUlQb3dlVkh0ekt0Zi1oNXNqd3FjeXJjT0JXWWxpdmJ2ekZ0UmNaTGRkNW4wNUZRYkcxYUg0bWhVN0tjNTd6VTkxc0hsanBXQ3dOalFzNnRqdXk4aTVuRUVxZDl2b1pnSWc,0.99922097,0.00063524366,0.00014378848
